Date,A.Close
2020-01-02,85.94999694824219
2020-01-03,84.56999969482422
2020-01-06,84.81999969482422
2020-01-07,85.08000183105469
2020-01-08,85.91999816894531
2020-01-09,87.2699966430664
2020-01-10,87.589996337890625
2020-01-13,87.45999908447266
2020-01-14,87.98999786376953
2020-01-15,88.62000274658203
2020-01-16,89.45999908447266
2020-01-17,90.12000274658203
2020-01-21,89.61000061035156
2020-01-22,90.12999725341797
2020-01-23,89.06999969482422
2020-01-24,88.26000213623047
2020-01-27,86.55999755859375
2020-01-28,87.18000030517578
2020-01-29,87.23999786376953
2020-01-30,84.37999725341797
2020-01-31,82.55999755859375
2020-02-03,82.1500015258789
2020-02-04,83.5199966430664
2020-02-05,84.93000030517578
2020-02-06,84.81999969482422
2020-02-07,83.16999816894531
2020-02-10,84.43000030517578
2020-02-11,85.089996337890625
2020-02-12,85.43000030517578
2020-02-13,85.470001220703125
2020-02-14,85.81999969482422
2020-02-18,84.79000091552734
2020-02-19,85.3499984741211
2020-02-20,84.339996337890625
2020-02-21,85.06999969482422
2020-02-24,80.5
2020-02-25,77.94999694824219
2020-02-26,78.11000061035156
2020-02-27,77.43000030517578
2020-02-28,77.06999969482422
2020-03-02,81.970001220703125
2020-03-03,80.31999969482422
2020-03-04,84.3499984741211
2020-03-05,80.45999908447266
2020-03-06,78.55999755859375
2020-03-09,70.75
2020-03-10,72.910003662109375
2020-03-11,68.839996337890625
2020-03-12,63.41999816894531
2020-03-13,69.19999694824219
2020-03-16,64.12999725341797
2020-03-17,70.44000244140625
2020-03-18,68.87000274658203
2020-03-19,65.76000213623047
2020-03-20,66.45999908447266
2020-03-23,63.369998931884766
2020-03-24,67
2020-03-25,69
2020-03-26,73.720001220703125
2020-03-27,70.910003662109375
2020-03-30,72.66999816894531
2020-03-31,71.62000274658203
2020-04-01,68.91999816894531
2020-04-02,72.29000091552734
2020-04-03,70.41999816894531
2020-04-06,74.36000061035156
2020-04-07,74.029998779296875
2020-04-08,76.69000244140625
2020-04-09,78.33000183105469
2020-04-13,76.20999908447266
2020-04-14,78.83000183105469
2020-04-15,77.05000305175781
2020-04-16,78.75
2020-04-17,79.55000305175781
2020-04-20,77.37000274658203
2020-04-21,73.75
2020-04-22,75.16999816894531
2020-04-23,75.089996337890625
2020-04-24,75.75
2020-04-27,76.25
2020-04-28,75.44999694824219
2020-04-29,78.720001220703125
2020-04-30,76.660003662109375
2020-05-01,74.20999908447266
2020-05-04,74.55999755859375
2020-05-05,76.37000274658203
2020-05-06,77.87000274658203
2020-05-07,78.5
2020-05-08,79.70999908447266
2020-05-11,81.2699966430664
2020-05-12,79.8499984741211
2020-05-13,80.160003662109375
2020-05-14,81.63999938964844
2020-05-15,81.589996337890625
2020-05-18,83.660003662109375
2020-05-19,81.970001220703125
2020-05-20,81.70999908447266
2020-05-21,80.75
2020-05-22,84.9800033569336
2020-05-26,86.12999725341797
2020-05-27,86.18000030517578
2020-05-28,86.69000244140625
2020-05-29,88.13999938964844
2020-06-01,89.910003662109375
2020-06-02,90.29000091552734
2020-06-03,90.48999786376953
2020-06-04,91.13999938964844
2020-06-05,90.37999725341797
2020-06-08,90.29000091552734
2020-06-09,89.7699966430664
2020-06-10,89.80999755859375
2020-06-11,85.029998779296875
2020-06-12,86.11000061035156
2020-06-15,86.95999908447266
2020-06-16,87.44000244140625
2020-06-17,87.91999816894531
2020-06-18,88.20999908447266
2020-06-19,88.7300033569336
2020-06-22,88.529998779296875
2020-06-23,89.279998779296875
2020-06-24,86.55999755859375
2020-06-25,87.26000213623047
2020-06-26,85.9000015258789
2020-06-29,87.29000091552734
2020-06-30,88.37000274658203
2020-07-01,88.11000061035156
2020-07-02,88.68000030517578
2020-07-06,89.30999755859375
2020-07-07,89.20999908447266
2020-07-08,89.54000091552734
2020-07-09,89.91999816894531
2020-07-10,89.41999816894531
2020-07-13,89.26000213623047
2020-07-14,90.69000244140625
2020-07-15,92.87999725341797
2020-07-16,92.86000061035156
2020-07-17,94.37000274658203
2020-07-20,95.20999908447266
2020-07-21,96.0199966430664
2020-07-22,96.3499984741211
2020-07-23,96.660003662109375
2020-07-24,94.80999755859375
2020-07-27,97.2699966430664
2020-07-28,95.30000305175781
2020-07-29,97.0999984741211
2020-07-30,95.93000030517578
2020-07-31,96.33000183105469
2020-08-03,99.089996337890625
2020-08-04,97.529998779296875
2020-08-05,97.88999938964844
2020-08-06,97.44999694824219
2020-08-07,97.779998779296875
2020-08-10,97.13999938964844
2020-08-11,96.30000305175781
2020-08-12,97.62999725341797
2020-08-13,98.7699966430664
2020-08-14,97.37000274658203
2020-08-17,97.51000213623047
2020-08-18,97.86000061035156
2020-08-19,97.95999908447266
2020-08-20,97.779998779296875
2020-08-21,98.30000305175781
2020-08-24,97.5999984741211
2020-08-25,98.339996337890625
2020-08-26,99.33000183105469
2020-08-27,99.0199966430664
2020-08-28,99.9000015258789
2020-08-31,100.41999816894531
2020-09-01,101.12000274658203
2020-09-02,103.41999816894531
2020-09-03,99.63999938964844
2020-09-04,96.839996337890625
2020-09-08,95.13999938964844
2020-09-09,97.93000030517578
2020-09-10,98.56999969482422
2020-09-11,98.5999984741211
2020-09-14,99.41999816894531
2020-09-15,100.37000274658203
2020-09-16,99.91999816894531
2020-09-17,99.5999984741211
2020-09-18,99.37999725341797
2020-09-21,98.12999725341797
2020-09-22,98.62000274658203
2020-09-23,96.910003662109375
2020-09-24,96.339996337890625
2020-09-25,97.69000244140625
2020-09-28,99.51000213623047
2020-09-29,100.22000122070313
2020-09-30,100.94000244140625
2020-10-01,101.22000122070313
2020-10-02,100.01000213623047
2020-10-05,103.12000274658203
2020-10-06,101.62999725341797
2020-10-07,103.87999725341797
2020-10-08,104.16000366210938
2020-10-09,105.76000213623047
2020-10-12,105.43000030517578
2020-10-13,105.41999816894531
2020-10-14,105.05999755859375
2020-10-15,105.31999969482422
2020-10-16,106.69999694824219
2020-10-19,105.48999786376953
2020-10-20,105.61000061035156
2020-10-21,104.83000183105469
2020-10-22,106.7699966430664
2020-10-23,106.16999816894531
2020-10-26,104.62999725341797
2020-10-27,106.04000091552734
2020-10-28,101.66000366210938
2020-10-29,102.0199966430664
2020-10-30,102.08999633789063
2020-11-02,105.23999786376953
2020-11-03,107.02999877929688
2020-11-04,108.48999786376953
2020-11-05,110.33999633789063
2020-11-06,112.54000091552734
2020-11-09,112.5
2020-11-10,110.19999694824219
2020-11-11,109.41000366210938
2020-11-12,109.44000244140625
2020-11-13,110.16999816894531
2020-11-16,110.2699966430664
2020-11-17,109.86000061035156
2020-11-18,105.94999694824219
2020-11-19,108.68000030517578
2020-11-20,110.88999938964844
2020-11-23,112.20999908447266
2020-11-24,114.68000030517578
2020-11-25,114.3499984741211
2020-11-27,114.08999633789063
2020-11-30,116.9000015258789
2020-12-01,115.36000061035156
2020-12-02,114.56999969482422
2020-12-03,113.58000183105469
2020-12-04,115.1500015258789
2020-12-07,114.4000015258789
2020-12-08,117.01000213623047
2020-12-09,116.4000015258789
2020-12-10,118.80999755859375
2020-12-11,118.4800033569336
2020-12-14,116.73999786376953
2020-12-15,117.38999938964844
2020-12-16,117.23999786376953
2020-12-17,118.97000122070313
2020-12-18,119.30000305175781
2020-12-21,117.77999877929688
2020-12-22,117.37000274658203
2020-12-23,117.30000305175781
2020-12-24,117.30999755859375
2020-12-28,117.83000183105469
2020-12-29,117.2300033569336
2020-12-30,117.38999938964844
2020-12-31,118.48999786376953
2021-01-04,118.63999938964844
2021-01-05,119.61000061035156
2021-01-06,122.88999938964844
2021-01-07,126.16000366210938
2021-01-08,127.05999755859375
2021-01-11,128.14999389648438
2021-01-12,126.97000122070313
2021-01-13,126.9800033569336
2021-01-14,126.02999877929688
2021-01-15,126.20999908447266
2021-01-19,127.3499984741211
2021-01-20,128.11000061035156
2021-01-21,127
2021-01-22,126.33000183105469
2021-01-25,125.4800033569336
2021-01-26,123.91999816894531
2021-01-27,118.80000305175781
2021-01-28,121.55999755859375
2021-01-29,120.16999816894531
2021-02-01,120.83000183105469
2021-02-02,123.19000244140625
2021-02-03,122.1500015258789
2021-02-04,124.06999969482422
2021-02-05,123.18000030517578
2021-02-08,123.41000366210938
2021-02-09,123.23999786376953
2021-02-10,125.08000183105469
2021-02-11,126.95999908447266
2021-02-12,127.9800033569336
2021-02-16,127.94999694824219
2021-02-17,130.1199951171875
2021-02-18,127.68000030517578
2021-02-19,126.87000274658203
2021-02-22,123.5
2021-02-23,122.41999816894531
2021-02-24,125.0199966430664
2021-02-25,122.0999984741211
2021-02-26,122.06999969482422
2021-03-01,124.4800033569336
2021-03-02,123.63999938964844
2021-03-03,119.30000305175781
2021-03-04,114.98999786376953
2021-03-05,116.13999938964844
2021-03-08,116.08000183105469
2021-03-09,119.83999633789063
2021-03-10,119.98999786376953
2021-03-11,121.83000183105469
2021-03-12,121.44000244140625
2021-03-15,124.04000091552734
2021-03-16,123
2021-03-17,122.5199966430664
2021-03-18,122.58999633789063
2021-03-19,122.69000244140625
2021-03-22,123.61000061035156
2021-03-23,121.9800033569336
2021-03-24,120.83999633789063
2021-03-25,121.9000015258789
2021-03-26,125.63999938964844
2021-03-29,125.41999816894531
2021-03-30,124.83999633789063
2021-03-31,127.13999938964844
2021-04-01,127.69000244140625
2021-04-05,130
2021-04-06,131.0399932861328
2021-04-07,129.33999633789063
2021-04-08,130.69000244140625
2021-04-09,131.91000366210938
2021-04-12,131.27000427246094
2021-04-13,132.97000122070313
2021-04-14,131.97000122070313
2021-04-15,133.27999877929688
2021-04-16,134.5800018310547
2021-04-19,133.5
2021-04-20,132.4600067138672
2021-04-21,133.8300018310547
2021-04-22,134.52999877929688
2021-04-23,136.67999267578125
2021-04-26,137.33999633789063
2021-04-27,136.47999572753906
2021-04-28,134.8000030517578
2021-04-29,134.14999389648438
2021-04-30,133.63999938964844
2021-05-03,133.19000244140625
2021-05-04,130.89999389648438
2021-05-05,133.3699951171875
2021-05-06,132.39999389648438
2021-05-07,133.89999389648438
2021-05-10,131.8699951171875
2021-05-11,131.4199981689453
2021-05-12,128.63999938964844
2021-05-13,130.02000427246094
2021-05-14,131.14999389648438
2021-05-17,130.11000061035156
2021-05-18,128.75
2021-05-19,130.2100067138672
2021-05-20,132.14999389648438
2021-05-21,132.3000030517578
2021-05-24,133.33999633789063
2021-05-25,133.22999572753906
2021-05-26,133.2899932861328
2021-05-27,137.5399932861328
2021-05-28,138.1300048828125
2021-06-01,137.1999969482422
2021-06-02,136.57000732421875
2021-06-03,136.3699951171875
2021-06-04,137.89999389648438
2021-06-07,137.64999389648438
2021-06-08,138.75
2021-06-09,140.1300048828125
2021-06-10,143.05999755859375
2021-06-11,143.52999877929688
2021-06-14,144.38999938964844
2021-06-15,144.6199951171875
2021-06-16,143.58999633789063
2021-06-17,146.9199981689453
2021-06-18,145.00999450683594
2021-06-21,146.41000366210938
2021-06-22,146.6300048828125
2021-06-23,147.24000549316406
2021-06-24,146.6699981689453
2021-06-25,147.27999877929688
2021-06-28,147.92999267578125
2021-06-29,148.80999755859375
2021-06-30,147.80999755859375
2021-07-01,147.7899932861328
2021-07-02,148.82000732421875
2021-07-06,148.97999572753906
2021-07-07,149.49000549316406
2021-07-08,148.8300018310547
2021-07-09,150.02999877929688
2021-07-12,149.50999450683594
2021-07-13,149.27000427246094
2021-07-14,148.6300048828125
2021-07-15,148.9600067138672
2021-07-16,148.92999267578125
2021-07-19,147.5800018310547
2021-07-20,149.3000030517578
2021-07-21,148.9499969482422
2021-07-22,150.3000030517578
2021-07-23,152.30999755859375
2021-07-26,150.25
2021-07-27,149.9499969482422
2021-07-28,151.4600067138672
2021-07-29,152.6699981689453
2021-07-30,153.22999572753906
2021-08-02,153.07000732421875
2021-08-03,153.86000061035156
2021-08-04,154.27000427246094
2021-08-05,155.0399932861328
2021-08-06,155.6999969482422
2021-08-09,156.5399932861328
2021-08-10,156.52000427246094
2021-08-11,156.52000427246094
2021-08-12,158.14999389648438
2021-08-13,159.22999572753906
2021-08-16,162.07000732421875
2021-08-17,160.91000366210938
2021-08-18,163.02000427246094
2021-08-19,167.6699981689453
2021-08-20,168.1300048828125
2021-08-23,170
2021-08-24,170.57000732421875
2021-08-25,173.3000030517578
2021-08-26,173.58999633789063
2021-08-27,173.80999755859375
2021-08-30,176.72999572753906
2021-08-31,175.47000122070313
2021-09-01,175.4499969482422
2021-09-02,178.02000427246094
2021-09-03,179.27999877929688
2021-09-07,177.72000122070313
2021-09-08,178.72999572753906
2021-09-09,177.22999572753906
2021-09-10,177.22999572753906
2021-09-13,172.0800018310547
2021-09-14,172.4199981689453
2021-09-15,173.7899932861328
2021-09-16,173.27999877929688
2021-09-17,173.94000244140625
2021-09-20,171.33999633789063
2021-09-21,171.44000244140625
2021-09-22,172.44000244140625
2021-09-23,172.77000427246094
2021-09-24,172.39999389648438
2021-09-27,166.3800048828125
2021-09-28,159.89999389648438
2021-09-29,160
2021-09-30,157.52999877929688
2021-10-01,155.99000549316406
2021-10-04,152.36000061035156
2021-10-05,153.02999877929688
2021-10-06,153.64999389648438
2021-10-07,155.32000732421875
2021-10-08,152.47000122070313
2021-10-11,150.02000427246094
2021-10-12,147.9499969482422
2021-10-13,150.22000122070313
2021-10-14,152.58999633789063
2021-10-15,153.27000427246094
2021-10-18,154.77999877929688
2021-10-19,155.6199951171875
2021-10-20,157.58999633789063
2021-10-21,156.94000244140625
2021-10-22,157.97000122070313
2021-10-25,158.33999633789063
2021-10-26,158.19000244140625
2021-10-27,155.25999450683594
2021-10-28,155.75999450683594
2021-10-29,157.49000549316406
2021-11-01,157.05999755859375
2021-11-02,157.85000610351563
2021-11-03,158.1999969482422
2021-11-04,157.64999389648438
2021-11-05,156.41000366210938
2021-11-08,160.94000244140625
2021-11-09,159.80999755859375
2021-11-10,159.27999877929688
2021-11-11,158.7899932861328
2021-11-12,160.8800048828125
2021-11-15,157.77999877929688
2021-11-16,161.38999938964844
2021-11-17,161.5399932861328
2021-11-18,162.16000366210938
2021-11-19,164.3000030517578
2021-11-22,162.77999877929688
2021-11-23,154.77999877929688
2021-11-24,152.97000122070313
2021-11-26,152.07000732421875
2021-11-29,153.4199981689453
2021-11-30,150.89999389648438
2021-12-01,148.2100067138672
2021-12-02,150.99000549316406
2021-12-03,149.3300018310547
2021-12-06,151.47000122070313
2021-12-07,153.8000030517578
2021-12-08,156.30999755859375
2021-12-09,154.61000061035156
2021-12-10,156.25999450683594
2021-12-13,156.2899932861328
2021-12-14,151.8800048828125
2021-12-15,154.30999755859375
2021-12-16,150.8000030517578
2021-12-17,151.4199981689453
2021-12-20,150.4199981689453
2021-12-21,153.9600067138672
2021-12-22,156.77999877929688
2021-12-23,157.8000030517578
2021-12-27,158.74000549316406
2021-12-28,159.17999267578125
2021-12-29,160.64999389648438
2021-12-30,160.8800048828125
2021-12-31,159.64999389648438
2022-01-03,156.47999572753906
2022-01-04,151.19000244140625
2022-01-05,148.60000610351563
2022-01-06,149.1199951171875
2022-01-07,145.14999389648438
2022-01-10,145.16000366210938
2022-01-11,146.63999938964844
2022-01-12,149.50999450683594
2022-01-13,145.1699981689453
2022-01-14,144.67999267578125
2022-01-18,140.47000122070313
2022-01-19,140.42999267578125
2022-01-20,139.47999572753906
2022-01-21,137.50999450683594
2022-01-24,138.1199951171875
2022-01-25,134.57000732421875
2022-01-26,133.50999450683594
2022-01-27,132.08999633789063
2022-01-28,137.05999755859375
2022-01-31,139.32000732421875
2022-02-01,141.02999877929688
2022-02-02,144.24000549316406
2022-02-03,141.7899932861328
2022-02-04,141.1199951171875
2022-02-07,140.3699951171875
2022-02-08,140.80999755859375
2022-02-09,144.44000244140625
2022-02-10,141.66000366210938
2022-02-11,137.1999969482422
2022-02-14,135.2100067138672
2022-02-15,135.91000366210938
2022-02-16,135.14999389648438
2022-02-17,130.25
2022-02-18,132.0500030517578
2022-02-22,130.49000549316406
2022-02-23,126
2022-02-24,128.14999389648438
2022-02-25,133.72999572753906
2022-02-28,130.36000061035156
2022-03-01,131.92999267578125
2022-03-02,133.16000366210938
2022-03-03,137.1699981689453
2022-03-04,133.88999938964844
2022-03-07,130.33999633789063
2022-03-08,129.32000732421875
2022-03-09,133.25999450683594
2022-03-10,134.3300018310547
2022-03-11,130.30999755859375
2022-03-14,127.58000183105469
2022-03-15,130.27999877929688
2022-03-16,135
2022-03-17,136.82000732421875
2022-03-18,139.1199951171875
2022-03-21,138.13999938964844
2022-03-22,139.2899932861328
2022-03-23,134.17999267578125
2022-03-24,136.41000366210938
2022-03-25,135.7100067138672
2022-03-28,135.4199981689453
2022-03-29,138.4199981689453
2022-03-30,135.4600067138672
2022-03-31,132.3300018310547
2022-04-01,133.97000122070313
2022-04-04,134.80999755859375
2022-04-05,133.25999450683594
2022-04-06,132.7100067138672
2022-04-07,135.92999267578125
2022-04-08,134.8699951171875
2022-04-11,131.25999450683594
2022-04-12,125.38999938964844
2022-04-13,128.2899932861328
2022-04-14,126.44000244140625
2022-04-18,123.83999633789063
2022-04-19,126.52999877929688
2022-04-20,129.3699951171875
2022-04-21,125.29000091552734
2022-04-22,121.31999969482422
2022-04-25,121.44999694824219
2022-04-26,117.94000244140625
2022-04-27,117.68000030517578
2022-04-28,121.05999755859375
2022-04-29,119.2699966430664
2022-05-02,119.56999969482422
2022-05-03,122.4000015258789
2022-05-04,126.30000305175781
2022-05-05,122.1500015258789
2022-05-06,121.08000183105469
2022-05-09,113.11000061035156
2022-05-10,116.63999938964844
2022-05-11,113.98999786376953
2022-05-12,116.12999725341797
2022-05-13,119.37999725341797
2022-05-16,120.30000305175781
2022-05-17,123.08000183105469
2022-05-18,120.79000091552734
2022-05-19,122.4000015258789
2022-05-20,125.12999725341797
2022-05-23,125.9800033569336
2022-05-24,124.41000366210938
2022-05-25,120.37999725341797
2022-05-26,123.8499984741211
2022-05-27,130.5500030517578
2022-05-31,127.55999755859375
2022-06-01,123.08999633789063
2022-06-02,129.10000610351563
2022-06-03,128.49000549316406
2022-06-06,127.62999725341797
2022-06-07,128.89999389648438
2022-06-08,126.83999633789063
2022-06-09,124.13999938964844
2022-06-10,120.56999969482422
2022-06-13,116.27999877929688
2022-06-14,116.01000213623047
2022-06-15,116.47000122070313
2022-06-16,114.95999908447266
2022-06-17,112.70999908447266
2022-06-21,113.87999725341797
2022-06-22,113.80000305175781
2022-06-23,118.5999984741211
2022-06-24,121.29000091552734
2022-06-27,120.56999969482422
2022-06-28,117.05999755859375
2022-06-29,117.9000015258789
2022-06-30,118.7699966430664
2022-07-01,119.20999908447266
2022-07-05,120.55999755859375
2022-07-06,121.18000030517578
2022-07-07,123.1500015258789
2022-07-08,122.51000213623047
2022-07-11,123.12000274658203
2022-07-12,119.23999786376953
2022-07-13,118.6500015258789
2022-07-14,115.87999725341797
2022-07-15,118.83000183105469
2022-07-18,115.11000061035156
2022-07-19,119.05999755859375
2022-07-20,119.86000061035156
2022-07-21,127.19000244140625
2022-07-22,125.04000091552734
2022-07-25,124.26000213623047
2022-07-26,125.16999816894531
2022-07-27,127.70999908447266
2022-07-28,131.11000061035156
2022-07-29,134.10000610351563
2022-08-01,133.42999267578125
2022-08-02,131.27999877929688
2022-08-03,134.55999755859375
2022-08-04,133.77000427246094
2022-08-05,133.61000061035156
2022-08-08,132.52000427246094
2022-08-09,128.8800048828125
2022-08-10,132.5800018310547
2022-08-11,131.9499969482422
2022-08-12,133.5500030517578
2022-08-15,133.89999389648438
2022-08-16,132.77000427246094
2022-08-17,142.2899932861328
2022-08-18,139.97000122070313
2022-08-19,137.6199951171875
2022-08-22,133.94000244140625
2022-08-23,132.63999938964844
2022-08-24,133.6699981689453
2022-08-25,136.00999450683594
2022-08-26,129.8699951171875
2022-08-29,128.11000061035156
2022-08-30,128.27999877929688
2022-08-31,128.25
2022-09-01,128.92999267578125
2022-09-02,128.00999450683594
2022-09-06,129.3000030517578
2022-09-07,131.42999267578125
2022-09-08,135.19000244140625
2022-09-09,137.6300048828125
2022-09-12,139.8699951171875
2022-09-13,133.5399932861328
2022-09-14,133.25
2022-09-15,133.16000366210938
2022-09-16,129.88999938964844
2022-09-19,130.72000122070313
2022-09-20,128.13999938964844
2022-09-21,126.4800033569336
2022-09-22,124.38999938964844
2022-09-23,123.4800033569336
2022-09-26,122.30999755859375
2022-09-27,121.61000061035156
2022-09-28,123.72000122070313
2022-09-29,122.73999786376953
2022-09-30,121.55000305175781
2022-10-03,126.37999725341797
2022-10-04,131.41000366210938
2022-10-05,132.63999938964844
2022-10-06,132.17999267578125
2022-10-07,127.44000244140625
2022-10-10,125.94999694824219
2022-10-11,125.63999938964844
2022-10-12,125.69000244140625
2022-10-13,127.9000015258789
2022-10-14,125.69999694824219
2022-10-17,130.55999755859375
2022-10-18,132.3000030517578
2022-10-19,128.9600067138672
2022-10-20,125.94000244140625
2022-10-21,129.8800048828125
2022-10-24,132.3000030517578
2022-10-25,134.5
2022-10-26,137.69000244140625
2022-10-27,136.49000549316406
2022-10-28,138.77000427246094
2022-10-31,138.35000610351563
2022-11-01,140.88999938964844
2022-11-02,135.27000427246094
2022-11-03,134.4600067138672
2022-11-04,136.0800018310547
2022-11-07,138.02999877929688
2022-11-08,138.75
2022-11-09,137
2022-11-10,146.3000030517578
2022-11-11,148.30999755859375
2022-11-14,146.3800048828125
2022-11-15,148
2022-11-16,147.1199951171875
2022-11-17,144.44000244140625
2022-11-18,146.19000244140625
2022-11-21,145.13999938964844
2022-11-22,156.86000061035156
2022-11-23,155.35000610351563
2022-11-25,156.9600067138672
2022-11-28,152.3000030517578
2022-11-29,150.94000244140625
2022-11-30,154.97999572753906
2022-12-01,156.1199951171875
2022-12-02,155.6699981689453
2022-12-05,152.6999969482422
2022-12-06,151.35000610351563
2022-12-07,153.72999572753906
2022-12-08,156.27999877929688
2022-12-09,152.9499969482422
2022-12-12,155.3300018310547
2022-12-13,157.66000366210938
2022-12-14,154.80999755859375
2022-12-15,150.86000061035156
2022-12-16,149.3000030517578
2022-12-19,146.9499969482422
2022-12-20,147.92999267578125
2022-12-21,150.08999633789063
2022-12-22,149.00999450683594
2022-12-23,149.22999572753906
2022-12-27,149.5500030517578
2022-12-28,148.08999633789063
2022-12-29,151.08999633789063
2022-12-30,149.64999389648438
2023-01-03,150.0399932861328
2023-01-04,151.6699981689453
2023-01-05,152.11000061035156
2023-01-06,147.6699981689453
2023-01-09,147.47000122070313
2023-01-10,155.22999572753906
2023-01-11,158.1699981689453
2023-01-12,156.49000549316406
2023-01-13,156.9199981689453
2023-01-17,155.39999389648438
2023-01-18,154.07000732421875
2023-01-19,152.8699951171875
2023-01-20,155.9199981689453
2023-01-23,159.05999755859375
2023-01-24,155.69000244140625
2023-01-25,155.75999450683594
2023-01-26,156.22999572753906
2023-01-27,155.69000244140625
2023-01-30,151.74000549316406
2023-01-31,152.0800018310547
2023-02-01,155.4499969482422
2023-02-02,155.5
2023-02-03,154.5500030517578
2023-02-06,152.24000549316406
2023-02-07,154.50999450683594
2023-02-08,154.4199981689453
2023-02-09,152.3800048828125
2023-02-10,152.5500030517578
2023-02-13,154.60000610351563
2023-02-14,153.0399932861328
2023-02-15,151.75
2023-02-16,148.27999877929688
2023-02-17,148.25999450683594
2023-02-21,143.4199981689453
2023-02-22,142.0800018310547
2023-02-23,143.1999969482422
2023-02-24,141.1999969482422
2023-02-27,142.17999267578125
2023-02-28,141.97000122070313
2023-03-01,137.50999450683594
2023-03-02,141.6699981689453
2023-03-03,143.92999267578125
2023-03-06,143.22999572753906
2023-03-07,140.3300018310547
2023-03-08,140.89999389648438
2023-03-09,138.92999267578125
2023-03-10,135.72000122070313
2023-03-13,136.69000244140625
2023-03-14,138.39999389648438
2023-03-15,134.02999877929688
2023-03-16,136.82000732421875
2023-03-17,133.17999267578125
2023-03-20,134.5399932861328
2023-03-21,137.00999450683594
2023-03-22,133.72999572753906
2023-03-23,131.1300048828125
2023-03-24,131.9600067138672
2023-03-27,133.07000732421875
2023-03-28,132.6300048828125
2023-03-29,133.85000610351563
2023-03-30,134.49000549316406
2023-03-31,138.33999633789063
2023-04-03,137.86000061035156
2023-04-04,138.2100067138672
2023-04-05,138.08999633789063
2023-04-06,138.02999877929688
2023-04-10,138.02000427246094
2023-04-11,138.52000427246094
2023-04-12,138.36000061035156
2023-04-13,141.27999877929688
2023-04-14,139.1999969482422
2023-04-17,140.19000244140625
2023-04-18,139
2023-04-19,138.92999267578125
2023-04-20,135.52999877929688
2023-04-21,138.5
2023-04-24,138.47999572753906
2023-04-25,130.3699951171875
2023-04-26,133.1199951171875
2023-04-27,133.25
2023-04-28,135.42999267578125
2023-05-01,136.0800018310547
2023-05-02,134.52000427246094
2023-05-03,134.77000427246094
2023-05-04,133.8800048828125
2023-05-05,133.3000030517578
2023-05-08,132.4499969482422
2023-05-09,127.3499984741211
2023-05-10,128.05999755859375
2023-05-11,127.66000366210938
2023-05-12,127.48999786376953
2023-05-15,127.98999786376953
2023-05-16,126.29000091552734
2023-05-17,127.7699966430664
2023-05-18,129.13999938964844
2023-05-19,128.8699951171875
2023-05-22,129.08999633789063
2023-05-23,128.63999938964844
2023-05-24,120.98999786376953
2023-05-25,119.48999786376953
2023-05-26,120.41999816894531
2023-05-30,117.7300033569336
2023-05-31,115.66999816894531
2023-06-01,116.26000213623047
2023-06-02,118.22000122070313
2023-06-05,118.3499984741211
2023-06-06,117.44000244140625
2023-06-07,116.58999633789063
2023-06-08,114.69000244140625
2023-06-09,115.79000091552734
2023-06-12,118.54000091552734
2023-06-13,119.5
2023-06-14,119.4000015258789
2023-06-15,121.2300033569336
2023-06-16,121.12999725341797
2023-06-20,118.16000366210938
2023-06-21,118.33000183105469
2023-06-22,118.68000030517578
2023-06-23,119.41999816894531
2023-06-26,118.37000274658203
2023-06-27,117.04000091552734
2023-06-28,116.37000274658203
2023-06-29,118.05000305175781
2023-06-30,120.25
2023-07-03,119.31999969482422
2023-07-05,119.5
2023-07-06,118.43000030517578
2023-07-07,117
2023-07-10,118.36000061035156
2023-07-11,118.4800033569336
2023-07-12,120
2023-07-13,119.3499984741211
2023-07-14,119.75
2023-07-17,118.25
2023-07-18,119.55999755859375
2023-07-19,123.08000183105469
2023-07-20,124.55000305175781
2023-07-21,127.62000274658203
2023-07-24,127.72000122070313
2023-07-25,127.30999755859375
2023-07-26,128.47000122070313
2023-07-27,126.66000366210938
2023-07-28,126.05000305175781
2023-07-31,121.7699966430664
2023-08-01,122.4800033569336
2023-08-02,127.70999908447266
2023-08-03,125.05000305175781
2023-08-04,126.30000305175781
2023-08-07,126.51000213623047
2023-08-08,128.35000610351563
2023-08-09,127.62999725341797
2023-08-10,127.6500015258789
2023-08-11,126.86000061035156
2023-08-14,126.6500015258789
2023-08-15,125.6500015258789
2023-08-16,121.36000061035156
2023-08-17,120.8499984741211
2023-08-18,119.25
2023-08-21,118.86000061035156
2023-08-22,117.63999938964844
2023-08-23,119.12999725341797
2023-08-24,119.48999786376953
2023-08-25,119.68000030517578
2023-08-28,119.91999816894531
2023-08-29,122.0199966430664
2023-08-30,122.68000030517578
2023-08-31,121.06999969482422
2023-09-01,121.91000366210938
2023-09-05,118.7300033569336
2023-09-06,117.94000244140625
2023-09-07,116.26000213623047
2023-09-08,113.98999786376953
2023-09-11,113.0999984741211
2023-09-12,112.77999877929688
2023-09-13,113.43000030517578
2023-09-14,114.87999725341797
2023-09-15,115.91000366210938
2023-09-18,112.69000244140625
2023-09-19,112.30999755859375
2023-09-20,112.47000122070313
2023-09-21,109.7300033569336
2023-09-22,111.41000366210938
2023-09-25,111.94000244140625
2023-09-26,110.7300033569336
2023-09-27,110.5
2023-09-28,112
2023-09-29,111.81999969482422
2023-10-02,110.9000015258789
2023-10-03,110.26000213623047
2023-10-04,111.66999816894531
2023-10-05,110.3499984741211
2023-10-06,110.63999938964844
2023-10-09,111.27999877929688
2023-10-10,113.29000091552734
2023-10-11,113.37999725341797
2023-10-12,108.94000244140625
2023-10-13,110.51000213623047
2023-10-16,111.5
2023-10-17,112.4000015258789
2023-10-18,108.61000061035156
2023-10-19,109.51000213623047
2023-10-20,109.2300033569336
2023-10-23,109.33999633789063
2023-10-24,105.63999938964844
2023-10-25,103.4000015258789
2023-10-26,104.30999755859375
2023-10-27,102.7699966430664
2023-10-30,101.16999816894531
2023-10-31,103.37000274658203
2023-11-01,102.86000061035156
2023-11-02,104.47000122070313
2023-11-03,109.0199966430664
2023-11-06,107.52999877929688
2023-11-07,110.54000091552734
2023-11-08,109.38999938964844
2023-11-09,107.73999786376953
2023-11-10,108.47000122070313
2023-11-13,107.45999908447266
2023-11-14,111.61000061035156
2023-11-15,113.5999984741211
2023-11-16,114.19000244140625
2023-11-17,113.1500015258789
2023-11-20,113.9800033569336
2023-11-21,123.91999816894531
2023-11-22,123.98999786376953
2023-11-24,126.62000274658203
2023-11-27,125.01000213623047
2023-11-28,124.70999908447266
2023-11-29,127.58999633789063
2023-11-30,127.80000305175781
2023-12-01,128.7899932861328
2023-12-04,128.8800048828125
2023-12-05,127.87999725341797
2023-12-06,128.91000366210938
2023-12-07,128.67999267578125
2023-12-08,127.19999694824219
2023-12-11,128.97000122070313
2023-12-12,128.7899932861328
2023-12-13,133.74000549316406
2023-12-14,137.9600067138672
2023-12-15,136.77999877929688
2023-12-18,137.52999877929688
2023-12-19,139.7899932861328
2023-12-20,138.17999267578125
2023-12-21,138.94000244140625
2023-12-22,139.57000732421875
2023-12-26,139.80999755859375
2023-12-27,139.82000732421875
2023-12-28,139.77000427246094
2023-12-29,139.02999877929688
2024-01-02,138.75
2024-01-03,131.16000366210938
2024-01-04,131
2024-01-05,130.55999755859375
2024-01-08,133.3800048828125
2024-01-09,130.67999267578125
2024-01-10,131.08999633789063
2024-01-11,129.67999267578125
2024-01-12,130.5399932861328
2024-01-16,130.52999877929688
2024-01-17,128.1199951171875
2024-01-18,130.4600067138672
2024-01-19,131.22000122070313
2024-01-22,132.5500030517578
2024-01-23,131.63999938964844
2024-01-24,129.77999877929688
2024-01-25,129.8800048828125
2024-01-26,130.99000549316406
2024-01-29,132.8300018310547
2024-01-30,134.27999877929688
2024-01-31,130.10000610351563
2024-02-01,133.0500030517578
2024-02-02,132.97000122070313
2024-02-05,132.82000732421875
2024-02-06,135.86000061035156
2024-02-07,132.7899932861328
2024-02-08,134.07000732421875
2024-02-09,133.33999633789063
2024-02-12,132.30999755859375
2024-02-13,129.75999450683594
2024-02-14,132.24000549316406
2024-02-15,134.75
2024-02-16,134.83999633789063
2024-02-20,134.13999938964844
2024-02-21,135.3300018310547
2024-02-22,132.02000427246094
2024-02-23,132.02999877929688
2024-02-26,131.49000549316406
2024-02-27,132.5500030517578
2024-02-28,137.00999450683594
2024-02-29,137.36000061035156
2024-03-01,139.05999755859375
2024-03-04,142.86000061035156
2024-03-05,144.35000610351563
2024-03-06,146.22000122070313
2024-03-07,149.30999755859375
2024-03-08,147.8699951171875
2024-03-11,147.2899932861328
2024-03-12,147.83999633789063
2024-03-13,147.82000732421875
2024-03-14,145.2100067138672
2024-03-15,147.47999572753906
2024-03-18,146.08999633789063
2024-03-19,147.38999938964844
2024-03-20,147.27999877929688
2024-03-21,148.74000549316406
2024-03-22,147.4499969482422
2024-03-25,145.55999755859375
2024-03-26,144.41000366210938
2024-03-27,147.3699951171875
2024-03-28,145.50999450683594
2024-04-01,145.55999755859375
2024-04-02,144.1699981689453
2024-04-03,143.72999572753906
2024-04-04,141.33999633789063
2024-04-05,144.1199951171875
2024-04-08,144.4600067138672
2024-04-09,147.39999389648438
2024-04-10,144.16000366210938
2024-04-11,145
2024-04-12,140.72999572753906
2024-04-15,140.22000122070313
2024-04-16,136.8000030517578
2024-04-17,134.5500030517578
2024-04-18,132.44000244140625
2024-04-19,132.72999572753906
2024-04-22,133.91000366210938
2024-04-23,139.1999969482422
2024-04-24,137.49000549316406
2024-04-25,136.3699951171875
2024-04-26,137.74000549316406
2024-04-29,139.58999633789063
2024-04-30,137.0399932861328
2024-05-01,138.69000244140625
2024-05-02,137.52000427246094
2024-05-03,139.4499969482422
2024-05-06,140.61000061035156
2024-05-07,141.27000427246094
2024-05-08,142.8000030517578
2024-05-09,145.13999938964844
2024-05-10,149.75999450683594
2024-05-13,147.75999450683594
2024-05-14,151.27999877929688
2024-05-15,154.0800018310547
2024-05-16,154.30999755859375
2024-05-17,154.22999572753906
2024-05-20,154.63999938964844
2024-05-21,153.6699981689453
2024-05-22,152.8699951171875
2024-05-23,150.5500030517578
2024-05-24,150.66000366210938
2024-05-28,148.2100067138672
2024-05-29,145.47999572753906
2024-05-30,131.4199981689453
2024-05-31,130.41000366210938
2024-06-03,131.39999389648438
2024-06-04,130.85000610351563
2024-06-05,133.55999755859375
2024-06-06,132.82000732421875
2024-06-07,132.97999572753906
2024-06-10,133.02999877929688
2024-06-11,132.11000061035156
2024-06-12,133.16000366210938
2024-06-13,130.57000732421875
2024-06-14,129.85000610351563
2024-06-17,131.8300018310547
2024-06-18,134.89999389648438
2024-06-20,132.72999572753906
2024-06-21,133.25
2024-06-24,135.0800018310547
2024-06-25,134.69000244140625
2024-06-26,133.08999633789063
2024-06-27,130.8000030517578
2024-06-28,129.6300048828125
2024-07-01,127.4000015258789
2024-07-02,125.77999877929688
2024-07-03,126.12999725341797
2024-07-05,126.37000274658203
2024-07-08,126.06999969482422
2024-07-09,125.41999816894531
2024-07-10,127.06999969482422
2024-07-11,130.82000732421875
2024-07-12,132.22999572753906
2024-07-15,131.00999450683594
2024-07-16,136.05999755859375
2024-07-17,133.5
2024-07-18,131.97000122070313
2024-07-19,131.77999877929688
2024-07-22,133.4199981689453
2024-07-23,130.64999389648438
2024-07-24,134.16000366210938
2024-07-25,134.97999572753906
2024-07-26,137.32000732421875
2024-07-29,137.3800048828125
2024-07-30,139.49000549316406
2024-07-31,141.39999389648438
2024-08-01,142.86000061035156
2024-08-02,139.0399932861328
2024-08-05,134.6999969482422
2024-08-06,136.25999450683594
2024-08-07,133.9600067138672
2024-08-08,136.75999450683594
2024-08-09,136.89999389648438
2024-08-12,135.60000610351563
2024-08-13,137.4199981689453
2024-08-14,136.02999877929688
2024-08-15,139.88999938964844
2024-08-16,140.0399932861328
2024-08-19,140.50999450683594
2024-08-20,139.75
2024-08-21,139.99000549316406
2024-08-22,140.22000122070313
2024-08-23,140.8699951171875
2024-08-26,140.49000549316406
2024-08-27,141.10000610351563
2024-08-28,141.05999755859375
2024-08-29,142.52999877929688
2024-08-30,142.9199981689453
2024-09-03,138.9600067138672
2024-09-04,138.16000366210938
2024-09-05,138.36000061035156
2024-09-06,137.1999969482422
2024-09-09,138.08999633789063
2024-09-10,138.02999877929688
2024-09-11,138.6999969482422
2024-09-12,136.38999938964844
2024-09-13,137.30999755859375
2024-09-16,138.30999755859375
2024-09-17,138.35000610351563
2024-09-18,139.00999450683594
2024-09-19,141.9499969482422
2024-09-20,140.08999633789063
2024-09-23,139.7899932861328
2024-09-24,141.8699951171875
2024-09-25,139.44000244140625
2024-09-26,146.74000549316406
2024-09-27,148.05999755859375
2024-09-30,148.47999572753906
2024-10-01,146.55999755859375
2024-10-02,146.5399932861328
2024-10-03,144.5500030517578
2024-10-04,144.97000122070313
2024-10-07,143.88999938964844
2024-10-08,144.61000061035156
2024-10-09,144.8000030517578
2024-10-10,142.74000549316406
2024-10-11,143.82000732421875
2024-10-14,144.25
2024-10-15,144.5800018310547
2024-10-16,139.11000061035156
2024-10-17,137.4199981689453
2024-10-18,138.8300018310547
2024-10-21,136.75999450683594
2024-10-22,133.4600067138672
2024-10-23,133.02999877929688
2024-10-24,130.69000244140625
2024-10-25,130.19000244140625
2024-10-28,131.5399932861328
2024-10-29,131.22999572753906
2024-10-30,131.49000549316406
2024-10-31,130.30999755859375
2024-11-01,136.8699951171875
2024-11-04,139.64999389648438
2024-11-05,140.41000366210938
2024-11-06,137.77999877929688
2024-11-07,139.6300048828125
2024-11-08,136.67999267578125
2024-11-11,133.86000061035156
2024-11-12,133.6699981689453
2024-11-13,134.27999877929688
2024-11-14,130.22000122070313
2024-11-15,127.06999969482422
2024-11-18,126.91999816894531
2024-11-19,125.69000244140625
2024-11-20,128.57000732421875
2024-11-21,132.05999755859375
2024-11-22,133.83999633789063
2024-11-25,134.49000549316406
2024-11-26,134.3699951171875
2024-11-27,138.13999938964844
2024-11-29,137.97000122070313
2024-12-02,139.5800018310547
2024-12-03,139.27999877929688
2024-12-04,140.1999969482422
2024-12-05,137.8699951171875
2024-12-06,140.5800018310547
2024-12-09,144
2024-12-10,141.92999267578125
2024-12-11,141.19000244140625
2024-12-12,140.91000366210938
2024-12-13,139
2024-12-16,137.6699981689453
2024-12-17,136.4600067138672
2024-12-18,133.00999450683594
2024-12-19,133.19000244140625
2024-12-20,134.50999450683594
2024-12-23,134.60000610351563
2024-12-24,136.10000610351563
2024-12-26,135.8300018310547
2024-12-27,135.5399932861328
2024-12-30,134.4199981689453
2024-12-31,134.33999633789063
2025-01-02,133.42999267578125
2025-01-03,135.69000244140625
2025-01-06,136.42999267578125
2025-01-07,137.41000366210938
2025-01-08,137
2025-01-10,137.47000122070313
2025-01-13,141.9499969482422
2025-01-14,143.42999267578125
2025-01-15,142.22999572753906
2025-01-16,144.72000122070313
2025-01-17,147.36000061035156
2025-01-21,152.57000732421875
2025-01-22,152.60000610351563
2025-01-23,152.4499969482422
2025-01-24,151.44000244140625
2025-01-27,150.9600067138672
2025-01-28,150.33999633789063
2025-01-29,147.08999633789063
2025-01-30,151.3800048828125
2025-01-31,151.52000427246094
2025-02-03,148.6300048828125
2025-02-04,147.0399932861328
2025-02-05,147.99000549316406
2025-02-06,147.63999938964844
2025-02-07,145.2100067138672
2025-02-10,143.69000244140625
2025-02-11,141.75
2025-02-12,138.0800018310547
2025-02-13,136.4499969482422
2025-02-14,134.6699981689453
2025-02-18,135.1999969482422
2025-02-19,137.14999389648438
2025-02-20,136.7899932861328
2025-02-21,135.3699951171875
2025-02-24,135.27999877929688
2025-02-25,134.17999267578125
2025-02-26,134.47000122070313
2025-02-27,127.08000183105469
2025-02-28,127.91999816894531
2025-03-03,126.33000183105469
2025-03-04,123.05999755859375
2025-03-05,126.51000213623047
2025-03-06,126.55000305175781
2025-03-07,126.69999694824219
2025-03-10,121.9000015258789
2025-03-11,121.02999877929688
2025-03-12,119.8499984741211
2025-03-13,117.33000183105469
2025-03-14,121.18000030517578
2025-03-17,122.48999786376953
2025-03-18,123.0999984741211
2025-03-19,122.20999908447266
2025-03-20,120.27999877929688
2025-03-21,120.75
2025-03-24,121.97000122070313
2025-03-25,120.51000213623047
2025-03-26,119.9000015258789
2025-03-27,118.97000122070313
2025-03-28,116.69000244140625
2025-03-31,116.9800033569336
2025-04-01,114.05000305175781
2025-04-02,115.98999786376953
2025-04-03,109.66999816894531
2025-04-04,103
2025-04-07,103.58999633789063
2025-04-08,99.29000091552734
2025-04-09,107.05000305175781
2025-04-10,99.94999694824219
2025-04-11,102.70999908447266
2025-04-14,105.19000244140625
2025-04-15,103.12000274658203
2025-04-16,102.69999694824219
2025-04-17,102.4800033569336
2025-04-21,100.26000213623047
2025-04-22,102.80999755859375
2025-04-23,105
2025-04-24,107.0199966430664
2025-04-25,106.27999877929688
2025-04-28,106.87000274658203
2025-04-29,107.45999908447266
2025-04-30,107.5999984741211
2025-05-01,106.45999908447266
2025-05-02,108.62999725341797
2025-05-05,108.37000274658203
2025-05-06,105.23999786376953
2025-05-07,107.5199966430664
2025-05-08,108.69999694824219
2025-05-09,106.93000030517578
2025-05-12,115.55000305175781
2025-05-13,115.41999816894531
2025-05-14,111.5199966430664
2025-05-15,112.4000015258789
2025-05-16,113.7699966430664
2025-05-19,113.44000244140625
2025-05-20,113.4800033569336
2025-05-21,108.91000366210938
2025-05-22,109.68000030517578
2025-05-23,108.52999877929688
2025-05-27,111.26000213623047
2025-05-28,110.87999725341797
2025-05-29,113.27999877929688
2025-05-30,111.91999816894531
2025-06-02,111.05000305175781
2025-06-03,112.76000213623047
2025-06-04,114.94000244140625
2025-06-05,113.94000244140625
2025-06-06,115.80000305175781
2025-06-09,116.73999786376953
2025-06-10,120.5199966430664
2025-06-11,119.72000122070313
2025-06-12,118.91000366210938
2025-06-13,117.08000183105469
2025-06-16,119.0199966430664
2025-06-17,116.08999633789063
2025-06-18,115.5199966430664
2025-06-20,115.55999755859375
2025-06-23,116.12999725341797
2025-06-24,117.63999938964844
2025-06-25,118.62000274658203
2025-06-26,119.41999816894531
2025-06-27,119.16999816894531
2025-06-30,118.01000213623047
2025-07-01,120.44999694824219
2025-07-02,120.66000366210938
2025-07-03,121.37999725341797
2025-07-07,119.25
2025-07-08,121.01000213623047
2025-07-09,121.30000305175781
2025-07-10,124.16999816894531
2025-07-11,123.27999877929688
2025-07-14,120.08000183105469
2025-07-15,112.94000244140625
2025-07-16,113.43000030517578
2025-07-17,116.36000061035156
2025-07-18,113.98999786376953
2025-07-21,112.04000091552734
2025-07-22,116.19000244140625
2025-07-23,119.47000122070313
2025-07-24,120.3499984741211
2025-07-25,120.18000030517578
2025-07-28,119.54000091552734
2025-07-29,119.83999633789063
2025-07-30,118.05000305175781
2025-07-31,114.80999755859375
2025-08-01,113.5
2025-08-04,114.83999633789063
2025-08-05,114.88999938964844
2025-08-06,113.2300033569336
2025-08-07,113.9800033569336
2025-08-08,114.62000274658203
2025-08-11,114.12999725341797
2025-08-12,117.31999969482422
2025-08-13,120.29000091552734
2025-08-14,118.87000274658203
2025-08-15,119.19999694824219
2025-08-18,118.1500015258789
2025-08-19,120.11000061035156
2025-08-20,119.11000061035156
2025-08-21,117.1500015258789
2025-08-22,121.62999725341797
2025-08-25,119.1500015258789
2025-08-26,118.30000305175781
2025-08-27,118.69000244140625
2025-08-28,124.95999908447266
2025-08-29,125.66000366210938
2025-09-02,125.20999908447266
2025-09-03,125.22000122070313
2025-09-04,128.47999572753906
2025-09-05,128.75
2025-09-08,128.1300048828125
2025-09-09,126.25
2025-09-10,124.12000274658203
2025-09-11,126.7300033569336
2025-09-12,123.23999786376953
2025-09-15,125.62999725341797
2025-09-16,127.19000244140625
2025-09-17,126.72000122070313
2025-09-18,127.62000274658203
2025-09-19,126.31999969482422
2025-09-22,126.33000183105469
2025-09-23,125.94000244140625
2025-09-24,124.37999725341797
2025-09-25,121.88999938964844
2025-09-26,123.38999938964844
2025-09-29,123.75
2025-09-30,128.35000610351563
2025-10-01,138.5800018310547
2025-10-02,138.6999969482422
2025-10-03,141.63999938964844
2025-10-06,141.61000061035156
2025-10-07,138.55999755859375
2025-10-08,140.80999755859375
2025-10-09,140.11000061035156
2025-10-10,136.6199951171875
2025-10-13,138.22999572753906
2025-10-14,138.0399932861328
2025-10-15,139.64999389648438
2025-10-16,141.10000610351563
2025-10-17,141.9199981689453
2025-10-20,143
2025-10-21,145.67999267578125
2025-10-22,145.8699951171875
2025-10-23,147.4600067138672
2025-10-24,148.02999877929688
2025-10-27,146.58999633789063
2025-10-28,145.85000610351563
2025-10-29,143.1999969482422
2025-10-30,143.36000061035156
2025-10-31,146.36000061035156
2025-11-03,144.69000244140625
2025-11-04,146.0800018310547
2025-11-05,146.77000427246094
2025-11-06,147.49000549316406
2025-11-07,146.74000549316406
2025-11-10,146.36000061035156
2025-11-11,149.4199981689453
2025-11-12,151.52000427246094
2025-11-13,146.88999938964844
2025-11-14,146.82000732421875
2025-11-17,144.52000427246094
2025-11-18,143.83999633789063
2025-11-19,144.39999389648438
2025-11-20,145.05999755859375
2025-11-21,151.25
2025-11-24,153.60000610351563
2025-11-25,157.1999969482422
2025-11-26,154.3699951171875
2025-11-28,153.5
2025-12-01,150.10000610351563
2025-12-02,148.80999755859375
2025-12-03,149.25999450683594
2025-12-04,148.32000732421875
2025-12-05,145.49000549316406
2025-12-08,142.44000244140625
2025-12-09,140.63999938964844
2025-12-10,143.47000122070313
2025-12-11,142.8699951171875
2025-12-12,139.67999267578125
2025-12-15,140.60000610351563
2025-12-16,139.19000244140625
2025-12-17,136.66000366210938
2025-12-18,136.89999389648438
2025-12-19,137.24000549316406
2025-12-22,138.52000427246094
2025-12-23,138.36000061035156
2025-12-24,138.32000732421875
2025-12-26,138.38999938964844
2025-12-29,137.92999267578125
2025-12-30,137.6199951171875
2025-12-31,136.07000732421875
2026-01-02,137.9499969482422
2026-01-05,142.92999267578125
2026-01-06,147.60000610351563
2026-01-07,147.80999755859375
2026-01-08,145.75999450683594
2026-01-09,148.52000427246094
2026-01-12,147.99000549316406
2026-01-13,146.32000732421875
2026-01-14,145.9199981689453
2026-01-15,144.8300018310547
2026-01-16,139.63999938964844
2026-01-20,135.8300018310547
2026-01-21,139.77000427246094
2026-01-22,138.6300048828125
2026-01-23,135.0500030517578
2026-01-26,135.64999389648438
2026-01-27,135.9499969482422
2026-01-28,133.8699951171875
2026-01-29,133.27000427246094
2026-01-30,133.85000610351563
2026-02-02,135.38999938964844
2026-02-03,132.13999938964844
2026-02-04,132.97999572753906
2026-02-05,129.63999938964844
2026-02-06,129.5800018310547
2026-02-09,127.5
2026-02-10,129
2026-02-11,128.89999389648438
2026-02-12,124.87999725341797
2026-02-13,125.80999755859375
2026-02-17,123.87000274658203
2026-02-18,126.94000244140625
2026-02-19,126.33999633789063
2026-02-20,122.9000015258789
2026-02-23,124.19999694824219
2026-02-24,124.4000015258789
2026-02-25,124.72000122070313
2026-02-26,120.97000122070313
2026-02-27,121.37999725341797
2026-03-02,118.16999816894531
2026-03-03,119.04000091552734
2026-03-04,120.54000091552734
2026-03-05,118.11000061035156
2026-03-06,115.06999969482422
2026-03-09,116.63999938964844
2026-03-10,115.43000030517578
2026-03-11,115.41999816894531
2026-03-12,111.62999725341797
2026-03-13,111.51000213623047
2026-03-16,111.83000183105469
2026-03-17,112.75
2026-03-18,111.5
2026-03-19,111.75
2026-03-20,111.30000305175781
2026-03-23,112.0199966430664
2026-03-24,114.19999694824219
2026-03-25,112.9800033569336
2026-03-26,113.4800033569336
2026-03-27,110.23999786376953
2026-03-30,112.01000213623047
