Date,DOV.Close
2020-01-02,116.87000274658203
2020-01-03,115.77999877929688
2020-01-06,115.79000091552734
2020-01-07,116.11000061035156
2020-01-08,116.37999725341797
2020-01-09,117.12000274658203
2020-01-10,115.7699966430664
2020-01-13,117.12999725341797
2020-01-14,117.12000274658203
2020-01-15,117.61000061035156
2020-01-16,119.5999984741211
2020-01-17,119.52999877929688
2020-01-21,117.95999908447266
2020-01-22,117.87000274658203
2020-01-23,118.6500015258789
2020-01-24,117.11000061035156
2020-01-27,115.43000030517578
2020-01-28,116.44999694824219
2020-01-29,116.37999725341797
2020-01-30,118.91999816894531
2020-01-31,113.8499984741211
2020-02-03,113.68000030517578
2020-02-04,116.45999908447266
2020-02-05,119.20999908447266
2020-02-06,118.2300033569336
2020-02-07,117.30999755859375
2020-02-10,118.22000122070313
2020-02-11,118.98999786376953
2020-02-12,119.8499984741211
2020-02-13,119.55999755859375
2020-02-14,119.86000061035156
2020-02-18,119.91999816894531
2020-02-19,117.25
2020-02-20,119.0199966430664
2020-02-21,119.44000244140625
2020-02-24,114.94999694824219
2020-02-25,110.05999755859375
2020-02-26,108.30000305175781
2020-02-27,105.23999786376953
2020-02-28,102.73999786376953
2020-03-02,107.4000015258789
2020-03-03,105.72000122070313
2020-03-04,110.69999694824219
2020-03-05,105.77999877929688
2020-03-06,101.48999786376953
2020-03-09,93.75
2020-03-10,100.52999877929688
2020-03-11,95.55000305175781
2020-03-12,85.58000183105469
2020-03-13,90.75
2020-03-16,75.94999694824219
2020-03-17,81.12999725341797
2020-03-18,69.86000061035156
2020-03-19,70.80000305175781
2020-03-20,66.12999725341797
2020-03-23,65.37000274658203
2020-03-24,74.73999786376953
2020-03-25,80.589996337890625
2020-03-26,84.61000061035156
2020-03-27,81.94999694824219
2020-03-30,85.63999938964844
2020-03-31,83.94000244140625
2020-04-01,79.9800033569336
2020-04-02,80.5999984741211
2020-04-03,77.36000061035156
2020-04-06,84.7300033569336
2020-04-07,85.51000213623047
2020-04-08,89.5999984741211
2020-04-09,89.410003662109375
2020-04-13,86.37000274658203
2020-04-14,87.70999908447266
2020-04-15,84.38999938964844
2020-04-16,84.1500015258789
2020-04-17,88.48999786376953
2020-04-20,85.970001220703125
2020-04-21,84.51000213623047
2020-04-22,86.31999969482422
2020-04-23,88.01000213623047
2020-04-24,90.970001220703125
2020-04-27,93.19000244140625
2020-04-28,94.910003662109375
2020-04-29,96.30999755859375
2020-04-30,93.6500015258789
2020-05-01,91.470001220703125
2020-05-04,90.63999938964844
2020-05-05,91.88999938964844
2020-05-06,90.37000274658203
2020-05-07,91.06999969482422
2020-05-08,92.2300033569336
2020-05-11,90.720001220703125
2020-05-12,86.73999786376953
2020-05-13,83.410003662109375
2020-05-14,85.48999786376953
2020-05-15,84.94000244140625
2020-05-18,90.5199966430664
2020-05-19,89.55999755859375
2020-05-20,91.04000091552734
2020-05-21,90.839996337890625
2020-05-22,89.7699966430664
2020-05-26,94.79000091552734
2020-05-27,97.2699966430664
2020-05-28,97.029998779296875
2020-05-29,97.25
2020-06-01,97.75
2020-06-02,99.25
2020-06-03,103.47000122070313
2020-06-04,103.5199966430664
2020-06-05,107.5999984741211
2020-06-08,108.97000122070313
2020-06-09,106.66999816894531
2020-06-10,102.87999725341797
2020-06-11,96.19999694824219
2020-06-12,96.61000061035156
2020-06-15,97.36000061035156
2020-06-16,98.43000030517578
2020-06-17,97.73999786376953
2020-06-18,97.3499984741211
2020-06-19,94.9000015258789
2020-06-22,95.19999694824219
2020-06-23,94.80000305175781
2020-06-24,91.88999938964844
2020-06-25,92.29000091552734
2020-06-26,92.63999938964844
2020-06-29,94.56999969482422
2020-06-30,96.55999755859375
2020-07-01,95.5999984741211
2020-07-02,97.41999816894531
2020-07-06,98.529998779296875
2020-07-07,96.83000183105469
2020-07-08,96.910003662109375
2020-07-09,94.86000061035156
2020-07-10,95.1500015258789
2020-07-13,96.51000213623047
2020-07-14,98.63999938964844
2020-07-15,102.18000030517578
2020-07-16,102.37000274658203
2020-07-17,103.58000183105469
2020-07-20,102.54000091552734
2020-07-21,103.48999786376953
2020-07-22,105.19000244140625
2020-07-23,105.75
2020-07-24,105.51000213623047
2020-07-27,106.25
2020-07-28,104.7699966430664
2020-07-29,106.87999725341797
2020-07-30,104.54000091552734
2020-07-31,102.93000030517578
2020-08-03,103.13999938964844
2020-08-04,103.33000183105469
2020-08-05,104.75
2020-08-06,105.23999786376953
2020-08-07,108.02999877929688
2020-08-10,110.5
2020-08-11,112.36000061035156
2020-08-12,112.56999969482422
2020-08-13,112.0999984741211
2020-08-14,111.5199966430664
2020-08-17,111.88999938964844
2020-08-18,111.05000305175781
2020-08-19,110.72000122070313
2020-08-20,109.98999786376953
2020-08-21,109.94000244140625
2020-08-24,111.02999877929688
2020-08-25,111.2300033569336
2020-08-26,111.4800033569336
2020-08-27,111.5199966430664
2020-08-28,111.37999725341797
2020-08-31,109.83999633789063
2020-09-01,111.41999816894531
2020-09-02,113.4000015258789
2020-09-03,109.75
2020-09-04,109.62000274658203
2020-09-08,108.13999938964844
2020-09-09,111.51000213623047
2020-09-10,110.87999725341797
2020-09-11,112.80000305175781
2020-09-14,113.69000244140625
2020-09-15,113.9800033569336
2020-09-16,115.33999633789063
2020-09-17,115.37999725341797
2020-09-18,112.5999984741211
2020-09-21,107.44999694824219
2020-09-22,107.55999755859375
2020-09-23,106.94999694824219
2020-09-24,107.13999938964844
2020-09-25,108.5
2020-09-28,108.77999877929688
2020-09-29,108.23999786376953
2020-09-30,108.33999633789063
2020-10-01,107.13999938964844
2020-10-02,110.05000305175781
2020-10-05,111.33000183105469
2020-10-06,110.08999633789063
2020-10-07,111.69999694824219
2020-10-08,112.93000030517578
2020-10-09,113.08000183105469
2020-10-12,113.97000122070313
2020-10-13,112.43000030517578
2020-10-14,113.62000274658203
2020-10-15,113.9000015258789
2020-10-16,114.06999969482422
2020-10-19,112.7699966430664
2020-10-20,114.23999786376953
2020-10-21,113.7300033569336
2020-10-22,115.23999786376953
2020-10-23,116.2699966430664
2020-10-26,113.81999969482422
2020-10-27,111.55000305175781
2020-10-28,109.29000091552734
2020-10-29,110.08999633789063
2020-10-30,110.70999908447266
2020-11-02,114.87000274658203
2020-11-03,117.16000366210938
2020-11-04,114.06999969482422
2020-11-05,117.37000274658203
2020-11-06,116.41999816894531
2020-11-09,119.72000122070313
2020-11-10,119.80999755859375
2020-11-11,120.87000274658203
2020-11-12,120
2020-11-13,122.27999877929688
2020-11-16,125.80000305175781
2020-11-17,125.41000366210938
2020-11-18,124.36000061035156
2020-11-19,124.68000030517578
2020-11-20,123.4800033569336
2020-11-23,123.43000030517578
2020-11-24,126.33999633789063
2020-11-25,124.12000274658203
2020-11-27,123.87999725341797
2020-11-30,122.02999877929688
2020-12-01,122.63999938964844
2020-12-02,122.29000091552734
2020-12-03,121.13999938964844
2020-12-04,123.54000091552734
2020-12-07,122.23999786376953
2020-12-08,121.93000030517578
2020-12-09,123.23999786376953
2020-12-10,121.37000274658203
2020-12-11,121.37000274658203
2020-12-14,120.12999725341797
2020-12-15,121.83999633789063
2020-12-16,120.87000274658203
2020-12-17,123.76000213623047
2020-12-18,123.86000061035156
2020-12-21,123.87000274658203
2020-12-22,123.44000244140625
2020-12-23,123.63999938964844
2020-12-24,124.0199966430664
2020-12-28,124.27999877929688
2020-12-29,123.51000213623047
2020-12-30,124.43000030517578
2020-12-31,126.25
2021-01-04,123.33999633789063
2021-01-05,124.05999755859375
2021-01-06,127.55999755859375
2021-01-07,129.4499969482422
2021-01-08,129.4499969482422
2021-01-11,128.77999877929688
2021-01-12,129.60000610351563
2021-01-13,127.12000274658203
2021-01-14,126.94000244140625
2021-01-15,125.37999725341797
2021-01-19,125.51000213623047
2021-01-20,126.01000213623047
2021-01-21,124.9800033569336
2021-01-22,125.31999969482422
2021-01-25,125.06999969482422
2021-01-26,124.25
2021-01-27,118.94000244140625
2021-01-28,118
2021-01-29,116.48999786376953
2021-02-01,117.58000183105469
2021-02-02,119.33999633789063
2021-02-03,120.83000183105469
2021-02-04,119.83000183105469
2021-02-05,121.05999755859375
2021-02-08,120.88999938964844
2021-02-09,120.3499984741211
2021-02-10,122.77999877929688
2021-02-11,122.0999984741211
2021-02-12,122.7300033569336
2021-02-16,121.6500015258789
2021-02-17,120.62999725341797
2021-02-18,120.94000244140625
2021-02-19,122.25
2021-02-22,122.13999938964844
2021-02-23,121.9800033569336
2021-02-24,125.5
2021-02-25,124.27999877929688
2021-02-26,123.26000213623047
2021-03-01,127.37000274658203
2021-03-02,127.1500015258789
2021-03-03,126.98999786376953
2021-03-04,125.36000061035156
2021-03-05,130.05999755859375
2021-03-08,131.77999877929688
2021-03-09,130.9199981689453
2021-03-10,133.07000732421875
2021-03-11,133.86000061035156
2021-03-12,135.8300018310547
2021-03-15,135.75999450683594
2021-03-16,135.55999755859375
2021-03-17,136.9199981689453
2021-03-18,137.1999969482422
2021-03-19,135.5500030517578
2021-03-22,136.44000244140625
2021-03-23,133.6199951171875
2021-03-24,135.6699981689453
2021-03-25,137.6999969482422
2021-03-26,139.89999389648438
2021-03-29,138.22999572753906
2021-03-30,138.3800048828125
2021-03-31,137.1300048828125
2021-04-01,137.92999267578125
2021-04-05,140.1699981689453
2021-04-06,139.52999877929688
2021-04-07,139.0800018310547
2021-04-08,138.52000427246094
2021-04-09,139.9600067138672
2021-04-12,140.49000549316406
2021-04-13,138.66000366210938
2021-04-14,138.3000030517578
2021-04-15,139.3800048828125
2021-04-16,140.57000732421875
2021-04-19,140.42999267578125
2021-04-20,144.86000061035156
2021-04-21,148.8300018310547
2021-04-22,147.5500030517578
2021-04-23,148.13999938964844
2021-04-26,146.38999938964844
2021-04-27,147.94000244140625
2021-04-28,148.10000610351563
2021-04-29,151.3300018310547
2021-04-30,149.19000244140625
2021-05-03,149.77000427246094
2021-05-04,151.5399932861328
2021-05-05,150.83999633789063
2021-05-06,152.6699981689453
2021-05-07,152.91000366210938
2021-05-10,153.4499969482422
2021-05-11,150.19000244140625
2021-05-12,146.39999389648438
2021-05-13,149.57000732421875
2021-05-14,151.39999389648438
2021-05-17,150.3300018310547
2021-05-18,147.8000030517578
2021-05-19,147.3699951171875
2021-05-20,148.07000732421875
2021-05-21,148.27000427246094
2021-05-24,149.49000549316406
2021-05-25,149
2021-05-26,148.88999938964844
2021-05-27,150.25
2021-05-28,150.5
2021-06-01,151.1300048828125
2021-06-02,151.24000549316406
2021-06-03,152.0399932861328
2021-06-04,153.14999389648438
2021-06-07,151.6300048828125
2021-06-08,152.02000427246094
2021-06-09,150.66000366210938
2021-06-10,150.2899932861328
2021-06-11,151.75999450683594
2021-06-14,150.33999633789063
2021-06-15,151.3699951171875
2021-06-16,149.99000549316406
2021-06-17,145.75999450683594
2021-06-18,142.9600067138672
2021-06-21,146.3000030517578
2021-06-22,147.3000030517578
2021-06-23,146.91000366210938
2021-06-24,147.67999267578125
2021-06-25,149.30999755859375
2021-06-28,148.99000549316406
2021-06-29,149.22999572753906
2021-06-30,150.60000610351563
2021-07-01,150.9600067138672
2021-07-02,151.8000030517578
2021-07-06,150.57000732421875
2021-07-07,153.0800018310547
2021-07-08,151.13999938964844
2021-07-09,153.4600067138672
2021-07-12,154.8800048828125
2021-07-13,154.41000366210938
2021-07-14,155.3000030517578
2021-07-15,155.64999389648438
2021-07-16,154.9499969482422
2021-07-19,151.97000122070313
2021-07-20,162.13999938964844
2021-07-21,164.08999633789063
2021-07-22,164.8300018310547
2021-07-23,164.2899932861328
2021-07-26,162.91000366210938
2021-07-27,163.8300018310547
2021-07-28,162.9600067138672
2021-07-29,165.11000061035156
2021-07-30,167.1199951171875
2021-08-02,166.94000244140625
2021-08-03,169.6699981689453
2021-08-04,168.07000732421875
2021-08-05,169.19000244140625
2021-08-06,169.49000549316406
2021-08-09,169.05999755859375
2021-08-10,171.75
2021-08-11,172.49000549316406
2021-08-12,172.05999755859375
2021-08-13,171.63999938964844
2021-08-16,173.9600067138672
2021-08-17,173.02000427246094
2021-08-18,171.50999450683594
2021-08-19,172.4199981689453
2021-08-20,172.6999969482422
2021-08-23,173.10000610351563
2021-08-24,174.22999572753906
2021-08-25,174.4600067138672
2021-08-26,174.0399932861328
2021-08-27,174.58999633789063
2021-08-30,175.7899932861328
2021-08-31,174.36000061035156
2021-09-01,173.88999938964844
2021-09-02,175.99000549316406
2021-09-03,174.92999267578125
2021-09-07,172.77000427246094
2021-09-08,174.85000610351563
2021-09-09,174.83999633789063
2021-09-10,173.55999755859375
2021-09-13,170.6999969482422
2021-09-14,166.97000122070313
2021-09-15,167.6999969482422
2021-09-16,164.25
2021-09-17,162.63999938964844
2021-09-20,162.5399932861328
2021-09-21,161.24000549316406
2021-09-22,162.25
2021-09-23,163.5399932861328
2021-09-24,161.89999389648438
2021-09-27,161.66000366210938
2021-09-28,158.83999633789063
2021-09-29,159.3000030517578
2021-09-30,155.5
2021-10-01,156.8800048828125
2021-10-04,155.99000549316406
2021-10-05,158.1199951171875
2021-10-06,159.07000732421875
2021-10-07,159.8000030517578
2021-10-08,157.83999633789063
2021-10-11,156.6699981689453
2021-10-12,157.08999633789063
2021-10-13,157.3800048828125
2021-10-14,162.50999450683594
2021-10-15,165.11000061035156
2021-10-18,166.7899932861328
2021-10-19,167.91000366210938
2021-10-20,168.85000610351563
2021-10-21,169.58999633789063
2021-10-22,169.2100067138672
2021-10-25,168.63999938964844
2021-10-26,167.39999389648438
2021-10-27,165.6300048828125
2021-10-28,169.07000732421875
2021-10-29,169.0800018310547
2021-11-01,169.75999450683594
2021-11-02,171.44000244140625
2021-11-03,170
2021-11-04,172.13999938964844
2021-11-05,171.2899932861328
2021-11-08,173.6199951171875
2021-11-09,175.38999938964844
2021-11-10,174.75
2021-11-11,171.14999389648438
2021-11-12,172.86000061035156
2021-11-15,173.5
2021-11-16,176.6300048828125
2021-11-17,175.41000366210938
2021-11-18,176.5800018310547
2021-11-19,176.0500030517578
2021-11-22,175.89999389648438
2021-11-23,175.97999572753906
2021-11-24,176.24000549316406
2021-11-26,171.24000549316406
2021-11-29,171.8000030517578
2021-11-30,163.85000610351563
2021-12-01,162.8300018310547
2021-12-02,166.42999267578125
2021-12-03,167.00999450683594
2021-12-06,169.99000549316406
2021-12-07,172.25
2021-12-08,171.85000610351563
2021-12-09,171.6199951171875
2021-12-10,171.36000061035156
2021-12-13,171.75
2021-12-14,168.07000732421875
2021-12-15,171.6699981689453
2021-12-16,172.32000732421875
2021-12-17,170.2899932861328
2021-12-20,168.44000244140625
2021-12-21,171.3300018310547
2021-12-22,172.49000549316406
2021-12-23,173.74000549316406
2021-12-27,178.6300048828125
2021-12-28,179.80999755859375
2021-12-29,181.47000122070313
2021-12-30,180.6699981689453
2021-12-31,181.60000610351563
2022-01-03,178.3300018310547
2022-01-04,181.47000122070313
2022-01-05,179.33999633789063
2022-01-06,181.47000122070313
2022-01-07,182.9199981689453
2022-01-10,179.35000610351563
2022-01-11,180.72999572753906
2022-01-12,181.2899932861328
2022-01-13,180.3800048828125
2022-01-14,178.47999572753906
2022-01-18,178.44000244140625
2022-01-19,177.60000610351563
2022-01-20,174.67999267578125
2022-01-21,173.52999877929688
2022-01-24,173.69000244140625
2022-01-25,170.6699981689453
2022-01-26,169.9199981689453
2022-01-27,168.7100067138672
2022-01-28,167.02999877929688
2022-01-31,169.91000366210938
2022-02-01,169.69000244140625
2022-02-02,170.25999450683594
2022-02-03,163.55999755859375
2022-02-04,163.14999389648438
2022-02-07,162.14999389648438
2022-02-08,164.82000732421875
2022-02-09,167.58999633789063
2022-02-10,163.94000244140625
2022-02-11,160.2100067138672
2022-02-14,161.16000366210938
2022-02-15,161.6199951171875
2022-02-16,162.9499969482422
2022-02-17,159.38999938964844
2022-02-18,159.02999877929688
2022-02-22,158.16000366210938
2022-02-23,154.91000366210938
2022-02-24,155.36000061035156
2022-02-25,159.02000427246094
2022-02-28,156.86000061035156
2022-03-01,151.6699981689453
2022-03-02,157.14999389648438
2022-03-03,157.07000732421875
2022-03-04,150.94000244140625
2022-03-07,146.86000061035156
2022-03-08,146.19000244140625
2022-03-09,151.1999969482422
2022-03-10,151.97999572753906
2022-03-11,150.6300048828125
2022-03-14,151.4199981689453
2022-03-15,152.19000244140625
2022-03-16,155.8000030517578
2022-03-17,157.3300018310547
2022-03-18,159.27000427246094
2022-03-21,158.16000366210938
2022-03-22,159.38999938964844
2022-03-23,157.8300018310547
2022-03-24,157.22999572753906
2022-03-25,158.27999877929688
2022-03-28,158.64999389648438
2022-03-29,162.74000549316406
2022-03-30,160.5800018310547
2022-03-31,156.89999389648438
2022-04-01,158.5500030517578
2022-04-04,157.92999267578125
2022-04-05,153.9199981689453
2022-04-06,154.75
2022-04-07,154.42999267578125
2022-04-08,150.8800048828125
2022-04-11,149.22999572753906
2022-04-12,147.8699951171875
2022-04-13,149.41000366210938
2022-04-14,146.38999938964844
2022-04-18,146.6199951171875
2022-04-19,151.67999267578125
2022-04-20,155.52000427246094
2022-04-21,144.16000366210938
2022-04-22,143
2022-04-25,142.24000549316406
2022-04-26,139.0500030517578
2022-04-27,137.99000549316406
2022-04-28,139.49000549316406
2022-04-29,133.3000030517578
2022-05-02,134.3699951171875
2022-05-03,136.0399932861328
2022-05-04,138.24000549316406
2022-05-05,135.22999572753906
2022-05-06,133.00999450683594
2022-05-09,132.10000610351563
2022-05-10,129.9499969482422
2022-05-11,130.0800018310547
2022-05-12,131.35000610351563
2022-05-13,132.8300018310547
2022-05-16,133.3699951171875
2022-05-17,135.89999389648438
2022-05-18,129.38999938964844
2022-05-19,129.5399932861328
2022-05-20,130.77999877929688
2022-05-23,130.8000030517578
2022-05-24,130.85000610351563
2022-05-25,129.75999450683594
2022-05-26,133.05999755859375
2022-05-27,134.5500030517578
2022-05-31,133.91000366210938
2022-06-01,132.77999877929688
2022-06-02,135.52999877929688
2022-06-03,133.42999267578125
2022-06-06,133.19000244140625
2022-06-07,136.1199951171875
2022-06-08,134.6199951171875
2022-06-09,132.7100067138672
2022-06-10,128.41000366210938
2022-06-13,123.95999908447266
2022-06-14,123
2022-06-15,124.05999755859375
2022-06-16,119.81999969482422
2022-06-17,117.29000091552734
2022-06-21,119.22000122070313
2022-06-22,119.41999816894531
2022-06-23,118.58000183105469
2022-06-24,123.22000122070313
2022-06-27,123.06999969482422
2022-06-28,121.77999877929688
2022-06-29,121.26000213623047
2022-06-30,121.31999969482422
2022-07-01,122.41000366210938
2022-07-05,121.7699966430664
2022-07-06,122.08000183105469
2022-07-07,123.61000061035156
2022-07-08,121.77999877929688
2022-07-11,121.33000183105469
2022-07-12,120.7699966430664
2022-07-13,119.72000122070313
2022-07-14,117.93000030517578
2022-07-15,120.52999877929688
2022-07-18,119.9800033569336
2022-07-19,124.91000366210938
2022-07-20,125.69999694824219
2022-07-21,127.44000244140625
2022-07-22,128.63999938964844
2022-07-25,126.66999816894531
2022-07-26,127.2300033569336
2022-07-27,130.10000610351563
2022-07-28,131.8000030517578
2022-07-29,133.67999267578125
2022-08-01,132.27999877929688
2022-08-02,131.1300048828125
2022-08-03,133.1699981689453
2022-08-04,132.4600067138672
2022-08-05,134.02999877929688
2022-08-08,134.5
2022-08-09,131.85000610351563
2022-08-10,135.8300018310547
2022-08-11,136.47999572753906
2022-08-12,139.47999572753906
2022-08-15,140.27999877929688
2022-08-16,141.3300018310547
2022-08-17,139.08999633789063
2022-08-18,140.4499969482422
2022-08-19,137.8699951171875
2022-08-22,133.83999633789063
2022-08-23,133.13999938964844
2022-08-24,132.97999572753906
2022-08-25,134.97000122070313
2022-08-26,127.98999786376953
2022-08-29,127.43000030517578
2022-08-30,126.02999877929688
2022-08-31,124.95999908447266
2022-09-01,129.05999755859375
2022-09-02,127.97000122070313
2022-09-06,128.30999755859375
2022-09-07,129.5
2022-09-08,127.8499984741211
2022-09-09,129.47000122070313
2022-09-12,130.47999572753906
2022-09-13,126.83000183105469
2022-09-14,127.05999755859375
2022-09-15,122.5
2022-09-16,120.91000366210938
2022-09-19,125.0199966430664
2022-09-20,122.69000244140625
2022-09-21,122.11000061035156
2022-09-22,120.1500015258789
2022-09-23,119.75
2022-09-26,117.94999694824219
2022-09-27,116.66999816894531
2022-09-28,119.81999969482422
2022-09-29,117.9000015258789
2022-09-30,116.58000183105469
2022-10-03,120.08999633789063
2022-10-04,124.41999816894531
2022-10-05,124.08000183105469
2022-10-06,123.5
2022-10-07,120.72000122070313
2022-10-10,120.62000274658203
2022-10-11,119.56999969482422
2022-10-12,117.37000274658203
2022-10-13,121.68000030517578
2022-10-14,119.58000183105469
2022-10-17,121.55000305175781
2022-10-18,123.41000366210938
2022-10-19,121.36000061035156
2022-10-20,119.0999984741211
2022-10-21,124.8499984741211
2022-10-24,126.1500015258789
2022-10-25,127.29000091552734
2022-10-26,127.55999755859375
2022-10-27,128.02999877929688
2022-10-28,131.88999938964844
2022-10-31,130.69000244140625
2022-11-01,132.6999969482422
2022-11-02,130.77999877929688
2022-11-03,130.3000030517578
2022-11-04,133.05999755859375
2022-11-07,134.41000366210938
2022-11-08,131.86000061035156
2022-11-09,130.2100067138672
2022-11-10,137.35000610351563
2022-11-11,140.94000244140625
2022-11-14,141.25999450683594
2022-11-15,142.16000366210938
2022-11-16,141.3300018310547
2022-11-17,138.97999572753906
2022-11-18,139.47000122070313
2022-11-21,140.30999755859375
2022-11-22,142.14999389648438
2022-11-23,142.75999450683594
2022-11-25,142.99000549316406
2022-11-28,139.3300018310547
2022-11-29,139.3699951171875
2022-11-30,141.9499969482422
2022-12-01,142.49000549316406
2022-12-02,143.49000549316406
2022-12-05,141.00999450683594
2022-12-06,139.77000427246094
2022-12-07,138.35000610351563
2022-12-08,137.25999450683594
2022-12-09,137.2899932861328
2022-12-12,140.3000030517578
2022-12-13,142.58999633789063
2022-12-14,140.6999969482422
2022-12-15,134.67999267578125
2022-12-16,133.47999572753906
2022-12-19,132.3800048828125
2022-12-20,133.25
2022-12-21,134.85000610351563
2022-12-22,133.72999572753906
2022-12-23,134.72000122070313
2022-12-27,135.8800048828125
2022-12-28,133.27999877929688
2022-12-29,136.33999633789063
2022-12-30,135.41000366210938
2023-01-03,135.07000732421875
2023-01-04,136.1699981689453
2023-01-05,134.4199981689453
2023-01-06,139.4199981689453
2023-01-09,138.91000366210938
2023-01-10,139.3000030517578
2023-01-11,141.92999267578125
2023-01-12,142.89999389648438
2023-01-13,144.38999938964844
2023-01-17,144.30999755859375
2023-01-18,140.52000427246094
2023-01-19,135.8800048828125
2023-01-20,139.33999633789063
2023-01-23,141.72000122070313
2023-01-24,143.2100067138672
2023-01-25,141.85000610351563
2023-01-26,143.5
2023-01-27,144.97999572753906
2023-01-30,143.30999755859375
2023-01-31,151.8300018310547
2023-02-01,156.60000610351563
2023-02-02,159.1199951171875
2023-02-03,159.61000061035156
2023-02-06,156.4600067138672
2023-02-07,156.47000122070313
2023-02-08,154.14999389648438
2023-02-09,153.14999389648438
2023-02-10,153.25
2023-02-13,155.6999969482422
2023-02-14,155.6999969482422
2023-02-15,156.50999450683594
2023-02-16,154.94000244140625
2023-02-17,155.36000061035156
2023-02-21,148.52999877929688
2023-02-22,148.6999969482422
2023-02-23,148.9199981689453
2023-02-24,148.39999389648438
2023-02-27,150
2023-02-28,149.89999389648438
2023-03-01,150.1199951171875
2023-03-02,151.39999389648438
2023-03-03,154.64999389648438
2023-03-06,154.32000732421875
2023-03-07,152.80999755859375
2023-03-08,152.47000122070313
2023-03-09,150.16000366210938
2023-03-10,145.8000030517578
2023-03-13,143.4499969482422
2023-03-14,145.66000366210938
2023-03-15,140.3300018310547
2023-03-16,140.75999450683594
2023-03-17,136.57000732421875
2023-03-20,140.13999938964844
2023-03-21,142.2100067138672
2023-03-22,140.5399932861328
2023-03-23,140.52999877929688
2023-03-24,141.44000244140625
2023-03-27,142.77000427246094
2023-03-28,144.3300018310547
2023-03-29,146.9600067138672
2023-03-30,148.14999389648438
2023-03-31,151.94000244140625
2023-04-03,150.52000427246094
2023-04-04,145.07000732421875
2023-04-05,142.88999938964844
2023-04-06,141.57000732421875
2023-04-10,144.0500030517578
2023-04-11,146.92999267578125
2023-04-12,147.1199951171875
2023-04-13,147.5
2023-04-14,147.00999450683594
2023-04-17,148.17999267578125
2023-04-18,148.27999877929688
2023-04-19,147.5399932861328
2023-04-20,147.22000122070313
2023-04-21,147.67999267578125
2023-04-24,148.60000610351563
2023-04-25,145.4600067138672
2023-04-26,140.80999755859375
2023-04-27,144.5800018310547
2023-04-28,146.16000366210938
2023-05-01,146.41000366210938
2023-05-02,144.74000549316406
2023-05-03,144.39999389648438
2023-05-04,141.9499969482422
2023-05-05,144.50999450683594
2023-05-08,144.02999877929688
2023-05-09,142.6300048828125
2023-05-10,140.97000122070313
2023-05-11,139.30999755859375
2023-05-12,138.75999450683594
2023-05-15,139.57000732421875
2023-05-16,137.52000427246094
2023-05-17,139.85000610351563
2023-05-18,140.8300018310547
2023-05-19,139.47000122070313
2023-05-22,140.1999969482422
2023-05-23,139.32000732421875
2023-05-24,135.63999938964844
2023-05-25,135.22000122070313
2023-05-26,137.02999877929688
2023-05-30,136.94000244140625
2023-05-31,133.3300018310547
2023-06-01,135.05999755859375
2023-06-02,139.86000061035156
2023-06-05,137.8800048828125
2023-06-06,139.02000427246094
2023-06-07,143.55999755859375
2023-06-08,142.3000030517578
2023-06-09,141.13999938964844
2023-06-12,143.07000732421875
2023-06-13,145.14999389648438
2023-06-14,145.17999267578125
2023-06-15,147.0800018310547
2023-06-16,147.72999572753906
2023-06-20,143.42999267578125
2023-06-21,144.25
2023-06-22,142.61000061035156
2023-06-23,141.1300048828125
2023-06-26,143.10000610351563
2023-06-27,144.7899932861328
2023-06-28,143.35000610351563
2023-06-29,144.64999389648438
2023-06-30,147.64999389648438
2023-07-03,147.13999938964844
2023-07-05,145
2023-07-06,143.92999267578125
2023-07-07,146.10000610351563
2023-07-10,148.4499969482422
2023-07-11,149.4600067138672
2023-07-12,150.6699981689453
2023-07-13,150.0800018310547
2023-07-14,148.32000732421875
2023-07-17,148.89999389648438
2023-07-18,150.33999633789063
2023-07-19,150.1300048828125
2023-07-20,149.9499969482422
2023-07-21,152.1199951171875
2023-07-24,152.08999633789063
2023-07-25,146.50999450683594
2023-07-26,146.8000030517578
2023-07-27,145.7899932861328
2023-07-28,145.69000244140625
2023-07-31,145.97000122070313
2023-08-01,145.47999572753906
2023-08-02,142.97000122070313
2023-08-03,142.7100067138672
2023-08-04,142.27000427246094
2023-08-07,143.3800048828125
2023-08-08,143.99000549316406
2023-08-09,143.5800018310547
2023-08-10,142.3699951171875
2023-08-11,142.97000122070313
2023-08-14,142.47999572753906
2023-08-15,139.86000061035156
2023-08-16,139.00999450683594
2023-08-17,139.72000122070313
2023-08-18,140.57000732421875
2023-08-21,139.89999389648438
2023-08-22,139.88999938964844
2023-08-23,142.0500030517578
2023-08-24,141.35000610351563
2023-08-25,142.6699981689453
2023-08-28,143.99000549316406
2023-08-29,146.58999633789063
2023-08-30,148.24000549316406
2023-08-31,148.3000030517578
2023-09-01,148.6999969482422
2023-09-05,143.77999877929688
2023-09-06,143.86000061035156
2023-09-07,141.72000122070313
2023-09-08,142.11000061035156
2023-09-11,140.22000122070313
2023-09-12,140.8699951171875
2023-09-13,141.1999969482422
2023-09-14,144.16000366210938
2023-09-15,144.4499969482422
2023-09-18,143.52999877929688
2023-09-19,143.75
2023-09-20,143.5
2023-09-21,141.55999755859375
2023-09-22,141.35000610351563
2023-09-25,142.5399932861328
2023-09-26,139.8000030517578
2023-09-27,140.58999633789063
2023-09-28,140.69000244140625
2023-09-29,139.50999450683594
2023-10-02,137.67999267578125
2023-10-03,137.77999877929688
2023-10-04,137.9199981689453
2023-10-05,138.30999755859375
2023-10-06,138.88999938964844
2023-10-09,140.3699951171875
2023-10-10,141.02999877929688
2023-10-11,142.17999267578125
2023-10-12,140.22000122070313
2023-10-13,138.1199951171875
2023-10-16,140.77999877929688
2023-10-17,141.58999633789063
2023-10-18,135.8300018310547
2023-10-19,134.42999267578125
2023-10-20,134.69000244140625
2023-10-23,133.85000610351563
2023-10-24,132.3300018310547
2023-10-25,130.0800018310547
2023-10-26,130.5500030517578
2023-10-27,128.4199981689453
2023-10-30,128.4199981689453
2023-10-31,129.9499969482422
2023-11-01,129.0800018310547
2023-11-02,133.25999450683594
2023-11-03,134.36000061035156
2023-11-06,132.75999450683594
2023-11-07,130.47000122070313
2023-11-08,130.11000061035156
2023-11-09,130.7899932861328
2023-11-10,131.6300048828125
2023-11-13,131.47000122070313
2023-11-14,136.8000030517578
2023-11-15,138.8300018310547
2023-11-16,137.5399932861328
2023-11-17,137.7899932861328
2023-11-20,138.25
2023-11-21,138.47999572753906
2023-11-22,138.55999755859375
2023-11-24,139.69000244140625
2023-11-27,139.0399932861328
2023-11-28,140.08999633789063
2023-11-29,140.77000427246094
2023-11-30,141.16000366210938
2023-12-01,143.2100067138672
2023-12-04,143.42999267578125
2023-12-05,141.36000061035156
2023-12-06,143.2100067138672
2023-12-07,143.69000244140625
2023-12-08,143.6199951171875
2023-12-11,145.30999755859375
2023-12-12,145.49000549316406
2023-12-13,147.3000030517578
2023-12-14,155.2899932861328
2023-12-15,152.1999969482422
2023-12-18,151.8000030517578
2023-12-19,153.3000030517578
2023-12-20,150.97999572753906
2023-12-21,152.47999572753906
2023-12-22,152.94000244140625
2023-12-26,154.63999938964844
2023-12-27,154.16000366210938
2023-12-28,154.16000366210938
2023-12-29,153.80999755859375
2024-01-02,151.52000427246094
2024-01-03,148.3300018310547
2024-01-04,148.10000610351563
2024-01-05,147.49000549316406
2024-01-08,148.22999572753906
2024-01-09,147.5800018310547
2024-01-10,147.1699981689453
2024-01-11,147.3300018310547
2024-01-12,147.13999938964844
2024-01-16,146.2100067138672
2024-01-17,144.44000244140625
2024-01-18,146.77000427246094
2024-01-19,148.08999633789063
2024-01-22,148.4600067138672
2024-01-23,150.69000244140625
2024-01-24,148.00999450683594
2024-01-25,149.9600067138672
2024-01-26,149.94000244140625
2024-01-29,151.75999450683594
2024-01-30,151.47999572753906
2024-01-31,149.77999877929688
2024-02-01,156.5500030517578
2024-02-02,158.75
2024-02-05,159.99000549316406
2024-02-06,160.82000732421875
2024-02-07,160.47000122070313
2024-02-08,160.11000061035156
2024-02-09,160.52999877929688
2024-02-12,161.97000122070313
2024-02-13,159.8300018310547
2024-02-14,160.88999938964844
2024-02-15,162.63999938964844
2024-02-16,161.4600067138672
2024-02-20,160.0800018310547
2024-02-21,160.38999938964844
2024-02-22,163.0800018310547
2024-02-23,164.10000610351563
2024-02-26,164.77999877929688
2024-02-27,164.08999633789063
2024-02-28,164.36000061035156
2024-02-29,165.3800048828125
2024-03-01,167.3000030517578
2024-03-04,167.86000061035156
2024-03-05,167.27000427246094
2024-03-06,170.9199981689453
2024-03-07,171.89999389648438
2024-03-08,171.02999877929688
2024-03-11,170.94000244140625
2024-03-12,175.27000427246094
2024-03-13,177.22000122070313
2024-03-14,175.07000732421875
2024-03-15,175.52999877929688
2024-03-18,174.4199981689453
2024-03-19,175.13999938964844
2024-03-20,175.5500030517578
2024-03-21,177.89999389648438
2024-03-22,176.41000366210938
2024-03-25,175.36000061035156
2024-03-26,174.77999877929688
2024-03-27,177.22000122070313
2024-03-28,177.19000244140625
2024-04-01,175.52999877929688
2024-04-02,173.72999572753906
2024-04-03,174.35000610351563
2024-04-04,173.1999969482422
2024-04-05,175.83999633789063
2024-04-08,176.0800018310547
2024-04-09,177.35000610351563
2024-04-10,173.8300018310547
2024-04-11,173.27999877929688
2024-04-12,172.05999755859375
2024-04-15,170.6699981689453
2024-04-16,171.16000366210938
2024-04-17,169.5
2024-04-18,168.61000061035156
2024-04-19,169.83999633789063
2024-04-22,170.27999877929688
2024-04-23,172.2899932861328
2024-04-24,171.44000244140625
2024-04-25,179.11000061035156
2024-04-26,180.1699981689453
2024-04-29,180.0399932861328
2024-04-30,179.3000030517578
2024-05-01,177.85000610351563
2024-05-02,177.5500030517578
2024-05-03,178.99000549316406
2024-05-06,181.72999572753906
2024-05-07,181.8300018310547
2024-05-08,183.75
2024-05-09,184.9499969482422
2024-05-10,185.5500030517578
2024-05-13,184.25999450683594
2024-05-14,183.7100067138672
2024-05-15,185.1699981689453
2024-05-16,184.13999938964844
2024-05-17,184.08999633789063
2024-05-20,185.0800018310547
2024-05-21,186.05999755859375
2024-05-22,187.5500030517578
2024-05-23,184.27999877929688
2024-05-24,184.17999267578125
2024-05-28,183.47999572753906
2024-05-29,181.5399932861328
2024-05-30,181.6300048828125
2024-05-31,183.82000732421875
2024-06-03,181.2899932861328
2024-06-04,179.44000244140625
2024-06-05,180.9600067138672
2024-06-06,178.02999877929688
2024-06-07,177.22000122070313
2024-06-10,177.9499969482422
2024-06-11,177.27000427246094
2024-06-12,181.75
2024-06-13,181.38999938964844
2024-06-14,177.25
2024-06-17,179.22999572753906
2024-06-18,182.7899932861328
2024-06-20,183.3000030517578
2024-06-21,182.5
2024-06-24,184.39999389648438
2024-06-25,180.05999755859375
2024-06-26,178.72000122070313
2024-06-27,178.4499969482422
2024-06-28,180.4499969482422
2024-07-01,176.99000549316406
2024-07-02,176.9600067138672
2024-07-03,176.97000122070313
2024-07-05,176.67999267578125
2024-07-08,176.49000549316406
2024-07-09,175.1300048828125
2024-07-10,178.55999755859375
2024-07-11,182.10000610351563
2024-07-12,184.52000427246094
2024-07-15,184.99000549316406
2024-07-16,191.49000549316406
2024-07-17,189.80999755859375
2024-07-18,186.33999633789063
2024-07-19,183.6999969482422
2024-07-22,181.14999389648438
2024-07-23,180.3699951171875
2024-07-24,176.3300018310547
2024-07-25,186.32000732421875
2024-07-26,185.22999572753906
2024-07-29,186.47000122070313
2024-07-30,184.50999450683594
2024-07-31,184.25999450683594
2024-08-01,179.14999389648438
2024-08-02,175.4199981689453
2024-08-05,172.74000549316406
2024-08-06,174.47999572753906
2024-08-07,172.5
2024-08-08,176.55999755859375
2024-08-09,176.22999572753906
2024-08-12,174.3699951171875
2024-08-13,176.64999389648438
2024-08-14,176.82000732421875
2024-08-15,178.97000122070313
2024-08-16,179.8300018310547
2024-08-19,181.6999969482422
2024-08-20,180.07000732421875
2024-08-21,182.24000549316406
2024-08-22,181.5399932861328
2024-08-23,184.63999938964844
2024-08-26,183.38999938964844
2024-08-27,182.49000549316406
2024-08-28,181.83999633789063
2024-08-29,183.00999450683594
2024-08-30,186.02999877929688
2024-09-03,180.25
2024-09-04,176.38999938964844
2024-09-05,175.0500030517578
2024-09-06,175.3800048828125
2024-09-09,178.88999938964844
2024-09-10,181.4499969482422
2024-09-11,183.16000366210938
2024-09-12,186.67999267578125
2024-09-13,185.05999755859375
2024-09-16,186.77000427246094
2024-09-17,188.35000610351563
2024-09-18,185.92999267578125
2024-09-19,191.17999267578125
2024-09-20,189.1199951171875
2024-09-23,191.02999877929688
2024-09-24,192.6300048828125
2024-09-25,190.22000122070313
2024-09-26,193.02999877929688
2024-09-27,192.77999877929688
2024-09-30,191.74000549316406
2024-10-01,190.41000366210938
2024-10-02,190.27000427246094
2024-10-03,189.63999938964844
2024-10-04,188.91000366210938
2024-10-07,187.52999877929688
2024-10-08,187.16000366210938
2024-10-09,186.0800018310547
2024-10-10,186.6199951171875
2024-10-11,190.69000244140625
2024-10-14,193.72999572753906
2024-10-15,191.27999877929688
2024-10-16,192.7899932861328
2024-10-17,194.8800048828125
2024-10-18,194.3800048828125
2024-10-21,192.74000549316406
2024-10-22,191.39999389648438
2024-10-23,191.67999267578125
2024-10-24,184.77999877929688
2024-10-25,186.97999572753906
2024-10-28,192.4600067138672
2024-10-29,191.83999633789063
2024-10-30,192.99000549316406
2024-10-31,189.3300018310547
2024-11-01,189.11000061035156
2024-11-04,189.16000366210938
2024-11-05,192.14999389648438
2024-11-06,202.55999755859375
2024-11-07,201.75999450683594
2024-11-08,201.5
2024-11-11,204.5800018310547
2024-11-12,202.35000610351563
2024-11-13,203.99000549316406
2024-11-14,202.08999633789063
2024-11-15,201.17999267578125
2024-11-18,200.52999877929688
2024-11-19,198.72999572753906
2024-11-20,198.1300048828125
2024-11-21,202.49000549316406
2024-11-22,204.74000549316406
2024-11-25,205.55999755859375
2024-11-26,206.33999633789063
2024-11-27,206.50999450683594
2024-11-29,205.89999389648438
2024-12-02,204.6999969482422
2024-12-03,203.77000427246094
2024-12-04,203.27999877929688
2024-12-05,201.77999877929688
2024-12-06,201.4600067138672
2024-12-09,201.74000549316406
2024-12-10,201.30999755859375
2024-12-11,201.1999969482422
2024-12-12,201.36000061035156
2024-12-13,201.00999450683594
2024-12-16,199.75
2024-12-17,196.5399932861328
2024-12-18,188.80999755859375
2024-12-19,188.94000244140625
2024-12-20,189.27000427246094
2024-12-23,188.80999755859375
2024-12-24,190.3300018310547
2024-12-26,190.91000366210938
2024-12-27,188.3300018310547
2024-12-30,186.32000732421875
2024-12-31,187.60000610351563
2025-01-02,185.63999938964844
2025-01-03,188.02999877929688
2025-01-06,188.02999877929688
2025-01-07,187.97999572753906
2025-01-08,187.22000122070313
2025-01-10,183.63999938964844
2025-01-13,186.75
2025-01-14,188.8000030517578
2025-01-15,190.74000549316406
2025-01-16,194.47999572753906
2025-01-17,195.0800018310547
2025-01-21,198.41000366210938
2025-01-22,198.80999755859375
2025-01-23,199.14999389648438
2025-01-24,198.7100067138672
2025-01-27,195.94000244140625
2025-01-28,198.0800018310547
2025-01-29,197.36000061035156
2025-01-30,205.4199981689453
2025-01-31,203.67999267578125
2025-02-03,202.27999877929688
2025-02-04,202.9199981689453
2025-02-05,204.72999572753906
2025-02-06,204.66000366210938
2025-02-07,202.5399932861328
2025-02-10,203.5399932861328
2025-02-11,202.63999938964844
2025-02-12,201.05999755859375
2025-02-13,202.69000244140625
2025-02-14,202.3300018310547
2025-02-18,205.36000061035156
2025-02-19,204.8800048828125
2025-02-20,206.42999267578125
2025-02-21,200.5399932861328
2025-02-24,199.4600067138672
2025-02-25,198.36000061035156
2025-02-26,197.67999267578125
2025-02-27,196.50999450683594
2025-02-28,198.77000427246094
2025-03-03,193.2899932861328
2025-03-04,184.05999755859375
2025-03-05,189.72999572753906
2025-03-06,186.02000427246094
2025-03-07,185.63999938964844
2025-03-10,177.74000549316406
2025-03-11,180.77000427246094
2025-03-12,181.75
2025-03-13,177.08999633789063
2025-03-14,181.13999938964844
2025-03-17,182.9600067138672
2025-03-18,180.77999877929688
2025-03-19,182.27000427246094
2025-03-20,181.3000030517578
2025-03-21,179.63999938964844
2025-03-24,185.50999450683594
2025-03-25,185.74000549316406
2025-03-26,182.25
2025-03-27,179.14999389648438
2025-03-28,174.64999389648438
2025-03-31,175.67999267578125
2025-04-01,176.47000122070313
2025-04-02,179.02000427246094
2025-04-03,162.72999572753906
2025-04-04,153.5500030517578
2025-04-07,151.47000122070313
2025-04-08,151.13999938964844
2025-04-09,165.86000061035156
2025-04-10,159.55999755859375
2025-04-11,162.11000061035156
2025-04-14,163.66000366210938
2025-04-15,163.27999877929688
2025-04-16,161.9600067138672
2025-04-17,161.0800018310547
2025-04-21,158.02000427246094
2025-04-22,163.55999755859375
2025-04-23,166.35000610351563
2025-04-24,169.72000122070313
2025-04-25,169.00999450683594
2025-04-28,170.3300018310547
2025-04-29,170.22000122070313
2025-04-30,170.64999389648438
2025-05-01,169.80999755859375
2025-05-02,173.8699951171875
2025-05-05,173.02000427246094
2025-05-06,170.7100067138672
2025-05-07,171.4600067138672
2025-05-08,174.67999267578125
2025-05-09,176.16000366210938
2025-05-12,183.58999633789063
2025-05-13,185.58999633789063
2025-05-14,184.67999267578125
2025-05-15,184.35000610351563
2025-05-16,186.6999969482422
2025-05-19,186.41000366210938
2025-05-20,184.27000427246094
2025-05-21,178.9199981689453
2025-05-22,179.85000610351563
2025-05-23,177.88999938964844
2025-05-27,181.55999755859375
2025-05-28,179.5399932861328
2025-05-29,179.67999267578125
2025-05-30,177.75
2025-06-02,176.0800018310547
2025-06-03,177.97000122070313
2025-06-04,177.66000366210938
2025-06-05,177.24000549316406
2025-06-06,179.4499969482422
2025-06-09,180.72999572753906
2025-06-10,181.27999877929688
2025-06-11,179.13999938964844
2025-06-12,178.77999877929688
2025-06-13,176.5399932861328
2025-06-16,179.75
2025-06-17,176.0800018310547
2025-06-18,175.6999969482422
2025-06-20,174.8800048828125
2025-06-23,177.52999877929688
2025-06-24,179.94000244140625
2025-06-25,180.0500030517578
2025-06-26,183.0399932861328
2025-06-27,183.3000030517578
2025-06-30,183.22999572753906
2025-07-01,186.16000366210938
2025-07-02,188.14999389648438
2025-07-03,188.6300048828125
2025-07-07,187.3699951171875
2025-07-08,188.42999267578125
2025-07-09,188.22000122070313
2025-07-10,190.52000427246094
2025-07-11,188.94000244140625
2025-07-14,188.89999389648438
2025-07-15,187.07000732421875
2025-07-16,187.83999633789063
2025-07-17,190.58999633789063
2025-07-18,188.24000549316406
2025-07-21,186.97999572753906
2025-07-22,189.5399932861328
2025-07-23,190.89999389648438
2025-07-24,186.6300048828125
2025-07-25,186.5
2025-07-28,184.92999267578125
2025-07-29,184.0500030517578
2025-07-30,182.22000122070313
2025-07-31,181.13999938964844
2025-08-01,174.97000122070313
2025-08-04,176.10000610351563
2025-08-05,177.17999267578125
2025-08-06,174.3000030517578
2025-08-07,173.97000122070313
2025-08-08,173.52000427246094
2025-08-11,175.2899932861328
2025-08-12,177.99000549316406
2025-08-13,182.8300018310547
2025-08-14,179.39999389648438
2025-08-15,176.5399932861328
2025-08-18,177.14999389648438
2025-08-19,179.7100067138672
2025-08-20,178.74000549316406
2025-08-21,177.41000366210938
2025-08-22,183.07000732421875
2025-08-25,180.50999450683594
2025-08-26,182.2100067138672
2025-08-27,182.7100067138672
2025-08-28,181.58999633789063
2025-08-29,178.86000061035156
2025-09-02,175.77000427246094
2025-09-03,174.72999572753906
2025-09-04,178.36000061035156
2025-09-05,177.75
2025-09-08,178
2025-09-09,174.67999267578125
2025-09-10,175.63999938964844
2025-09-11,178.10000610351563
2025-09-12,172.97999572753906
2025-09-15,171.94000244140625
2025-09-16,172.57000732421875
2025-09-17,171.4499969482422
2025-09-18,172.8000030517578
2025-09-19,171.33999633789063
2025-09-22,170.24000549316406
2025-09-23,169.08999633789063
2025-09-24,167.2899932861328
2025-09-25,165.58999633789063
2025-09-26,167.99000549316406
2025-09-29,166.63999938964844
2025-09-30,166.8300018310547
2025-10-01,166.39999389648438
2025-10-02,166.75
2025-10-03,166.61000061035156
2025-10-06,166.52000427246094
2025-10-07,164.58999633789063
2025-10-08,164.75
2025-10-09,162.3000030517578
2025-10-10,161.4499969482422
2025-10-13,161.16000366210938
2025-10-14,162.5500030517578
2025-10-15,162.66000366210938
2025-10-16,166.1300048828125
2025-10-17,166.5
2025-10-20,168.9199981689453
2025-10-21,173.0399932861328
2025-10-22,167.61000061035156
2025-10-23,181.22000122070313
2025-10-24,177.42999267578125
2025-10-27,177.9600067138672
2025-10-28,179.7100067138672
2025-10-29,180.8000030517578
2025-10-30,180.13999938964844
2025-10-31,181.4600067138672
2025-11-03,178.16000366210938
2025-11-04,178.24000549316406
2025-11-05,179.64999389648438
2025-11-06,178.57000732421875
2025-11-07,180.3300018310547
2025-11-10,182.08999633789063
2025-11-11,183.97000122070313
2025-11-12,183.6199951171875
2025-11-13,181.97000122070313
2025-11-14,183.1199951171875
2025-11-17,180.0500030517578
2025-11-18,179.77999877929688
2025-11-19,179.63999938964844
2025-11-20,178.02999877929688
2025-11-21,183.5800018310547
2025-11-24,183.0399932861328
2025-11-25,186.02000427246094
2025-11-26,186.19000244140625
2025-11-28,185.27999877929688
2025-12-01,184.88999938964844
2025-12-02,187.47999572753906
2025-12-03,190.27000427246094
2025-12-04,190.63999938964844
2025-12-05,191.08999633789063
2025-12-08,191.27999877929688
2025-12-09,190.0800018310547
2025-12-10,195.6999969482422
2025-12-11,201.27999877929688
2025-12-12,199.1199951171875
2025-12-15,201.3000030517578
2025-12-16,196.61000061035156
2025-12-17,196.14999389648438
2025-12-18,196.07000732421875
2025-12-19,196.2100067138672
2025-12-22,199.50999450683594
2025-12-23,199.9499969482422
2025-12-24,199.55999755859375
2025-12-26,200.14999389648438
2025-12-29,199.02999877929688
2025-12-30,197.77999877929688
2025-12-31,195.24000549316406
2026-01-02,195.75
2026-01-05,202.27000427246094
2026-01-06,203.5
2026-01-07,199.3800048828125
2026-01-08,201.99000549316406
2026-01-09,201.88999938964844
2026-01-12,203.44000244140625
2026-01-13,204.39999389648438
2026-01-14,204.33999633789063
2026-01-15,205.86000061035156
2026-01-16,206.61000061035156
2026-01-20,201.27000427246094
2026-01-21,208.5500030517578
2026-01-22,209.42999267578125
2026-01-23,206.7100067138672
2026-01-26,207.6999969482422
2026-01-27,207.25999450683594
2026-01-28,206
2026-01-29,202.52999877929688
2026-01-30,201.49000549316406
2026-02-02,207.32000732421875
2026-02-03,211.66000366210938
2026-02-04,220.02000427246094
2026-02-05,217.5500030517578
2026-02-06,223.66000366210938
2026-02-09,224.99000549316406
2026-02-10,229.47999572753906
2026-02-11,233.07000732421875
2026-02-12,230.57000732421875
2026-02-13,231.6300048828125
2026-02-17,233.25
2026-02-18,232.0800018310547
2026-02-19,232.52000427246094
2026-02-20,233.30999755859375
2026-02-23,230.72999572753906
2026-02-24,231.35000610351563
2026-02-25,226.72999572753906
2026-02-26,227.13999938964844
2026-02-27,225.5
2026-03-02,226.39999389648438
2026-03-03,220.75999450683594
2026-03-04,221.83999633789063
2026-03-05,215.5800018310547
2026-03-06,208.4199981689453
2026-03-09,211
2026-03-10,210.25999450683594
2026-03-11,210.33999633789063
2026-03-12,203.8000030517578
2026-03-13,203.92999267578125
2026-03-16,207.4199981689453
2026-03-17,213.82000732421875
2026-03-18,212.22999572753906
2026-03-19,211.49000549316406
2026-03-20,209.3699951171875
2026-03-23,212.2899932861328
2026-03-24,215.5800018310547
2026-03-25,215.16000366210938
2026-03-26,209.2100067138672
2026-03-27,206.60000610351563
2026-03-30,202.80999755859375
