Date,GWW.Close
2020-01-02,344.7099914550781
2020-01-03,340.6600036621094
2020-01-06,337.489990234375
2020-01-07,337.8399963378906
2020-01-08,341.4100036621094
2020-01-09,343.1700134277344
2020-01-10,341.30999755859375
2020-01-13,344.44000244140625
2020-01-14,340.2799987792969
2020-01-15,339.2699890136719
2020-01-16,341.1400146484375
2020-01-17,340.1499938964844
2020-01-21,334.45001220703125
2020-01-22,331.07000732421875
2020-01-23,332.5400085449219
2020-01-24,329
2020-01-27,322.1199951171875
2020-01-28,323.45001220703125
2020-01-29,327.489990234375
2020-01-30,312.54998779296875
2020-01-31,302.6700134277344
2020-02-03,303.2300109863281
2020-02-04,308.1400146484375
2020-02-05,315.05999755859375
2020-02-06,309.9800109863281
2020-02-07,299.70001220703125
2020-02-10,298.1700134277344
2020-02-11,300.8699951171875
2020-02-12,310.9599914550781
2020-02-13,305.3599853515625
2020-02-14,307.6499938964844
2020-02-18,308.17999267578125
2020-02-19,307.1400146484375
2020-02-20,310.2900085449219
2020-02-21,303.32000732421875
2020-02-24,296.0400085449219
2020-02-25,284.7900085449219
2020-02-26,284.8500061035156
2020-02-27,279.7900085449219
2020-02-28,277.5400085449219
2020-03-02,288.8800048828125
2020-03-03,285.8599853515625
2020-03-04,294.6700134277344
2020-03-05,290.3399963378906
2020-03-06,284.6300048828125
2020-03-09,255.8300018310547
2020-03-10,279.6199951171875
2020-03-11,274.6099853515625
2020-03-12,246.19000244140625
2020-03-13,266.0199890136719
2020-03-16,229.52999877929688
2020-03-17,246.42999267578125
2020-03-18,235.88999938964844
2020-03-19,234.97999572753906
2020-03-20,213.77999877929688
2020-03-23,209.49000549316406
2020-03-24,238.69000244140625
2020-03-25,237.2899932861328
2020-03-26,249.02000427246094
2020-03-27,247.14999389648438
2020-03-30,255.13999938964844
2020-03-31,248.5
2020-04-01,236.52000427246094
2020-04-02,239.69000244140625
2020-04-03,238.75999450683594
2020-04-06,251.17999267578125
2020-04-07,257.92999267578125
2020-04-08,270.3999938964844
2020-04-09,279.8699951171875
2020-04-13,274.3599853515625
2020-04-14,287.6300048828125
2020-04-15,279.42999267578125
2020-04-16,279.9200134277344
2020-04-17,280.2200012207031
2020-04-20,274.510009765625
2020-04-21,270.0899963378906
2020-04-22,276.1300048828125
2020-04-23,258.42999267578125
2020-04-24,269.6099853515625
2020-04-27,277.1199951171875
2020-04-28,286.0199890136719
2020-04-29,280.6400146484375
2020-04-30,275.5799865722656
2020-05-01,267.6600036621094
2020-05-04,272.1199951171875
2020-05-05,279.2099914550781
2020-05-06,280.5
2020-05-07,281.1099853515625
2020-05-08,285.45001220703125
2020-05-11,286.5899963378906
2020-05-12,277.2099914550781
2020-05-13,273.07000732421875
2020-05-14,277.0199890136719
2020-05-15,278.7900085449219
2020-05-18,290.9200134277344
2020-05-19,286.510009765625
2020-05-20,296.07000732421875
2020-05-21,295.44000244140625
2020-05-22,292.9100036621094
2020-05-26,305.760009765625
2020-05-27,314.3399963378906
2020-05-28,309.2099914550781
2020-05-29,309.6199951171875
2020-06-01,305.94000244140625
2020-06-02,314.989990234375
2020-06-03,318
2020-06-04,316.3299865722656
2020-06-05,322.8299865722656
2020-06-08,328.3800048828125
2020-06-09,326.3399963378906
2020-06-10,320.8699951171875
2020-06-11,305.94000244140625
2020-06-12,303.75
2020-06-15,302.80999755859375
2020-06-16,310.6600036621094
2020-06-17,310.2699890136719
2020-06-18,304.4700012207031
2020-06-19,303.010009765625
2020-06-22,303.19000244140625
2020-06-23,301.4800109863281
2020-06-24,294.7900085449219
2020-06-25,295.95001220703125
2020-06-26,293.1199951171875
2020-06-29,303.4700012207031
2020-06-30,314.1600036621094
2020-07-01,307.9599914550781
2020-07-02,317.510009765625
2020-07-06,322.19000244140625
2020-07-07,320.8500061035156
2020-07-08,308.7699890136719
2020-07-09,308.989990234375
2020-07-10,311.0199890136719
2020-07-13,319.5299987792969
2020-07-14,327.5899963378906
2020-07-15,333.6199951171875
2020-07-16,333.32000732421875
2020-07-17,330.2699890136719
2020-07-20,330.7300109863281
2020-07-21,337.32000732421875
2020-07-22,338.95001220703125
2020-07-23,338.6600036621094
2020-07-24,341.3900146484375
2020-07-27,339.7900085449219
2020-07-28,333.6499938964844
2020-07-29,340.760009765625
2020-07-30,339.7900085449219
2020-07-31,341.5299987792969
2020-08-03,341.9599914550781
2020-08-04,338.5199890136719
2020-08-05,344.4100036621094
2020-08-06,346.5899963378906
2020-08-07,349.3800048828125
2020-08-10,352.07000732421875
2020-08-11,352.9200134277344
2020-08-12,355.80999755859375
2020-08-13,352.07000732421875
2020-08-14,351.3800048828125
2020-08-17,351.8999938964844
2020-08-18,353.25
2020-08-19,350.8299865722656
2020-08-20,354.25
2020-08-21,352.6099853515625
2020-08-24,349.1600036621094
2020-08-25,354.67999267578125
2020-08-26,361.489990234375
2020-08-27,362.4700012207031
2020-08-28,365.9800109863281
2020-08-31,365.42999267578125
2020-09-01,367.4200134277344
2020-09-02,370.5
2020-09-03,360.1199951171875
2020-09-04,358.0799865722656
2020-09-08,350.1600036621094
2020-09-09,361.2799987792969
2020-09-10,351.32000732421875
2020-09-11,355.17999267578125
2020-09-14,354.3399963378906
2020-09-15,354.6499938964844
2020-09-16,356.7099914550781
2020-09-17,355.42999267578125
2020-09-18,351.0899963378906
2020-09-21,341.57000732421875
2020-09-22,343.67999267578125
2020-09-23,339.0899963378906
2020-09-24,342.4800109863281
2020-09-25,347.3999938964844
2020-09-28,353.6700134277344
2020-09-29,352.0799865722656
2020-09-30,356.7699890136719
2020-10-01,358.0299987792969
2020-10-02,359.3900146484375
2020-10-05,371.1600036621094
2020-10-06,367.7099914550781
2020-10-07,376.3999938964844
2020-10-08,385.989990234375
2020-10-09,385.4200134277344
2020-10-12,388.6600036621094
2020-10-13,384.1600036621094
2020-10-14,386.239990234375
2020-10-15,385.6499938964844
2020-10-16,383.5400085449219
2020-10-19,374.739990234375
2020-10-20,375.8399963378906
2020-10-21,373.44000244140625
2020-10-22,362.0199890136719
2020-10-23,361.0299987792969
2020-10-26,361.2799987792969
2020-10-27,357.6400146484375
2020-10-28,352.54998779296875
2020-10-29,350.1099853515625
2020-10-30,350.0199890136719
2020-11-02,363.2300109863281
2020-11-03,371.2200012207031
2020-11-04,374.7099914550781
2020-11-05,378.8399963378906
2020-11-06,390.6300048828125
2020-11-09,388.2200012207031
2020-11-10,404.4800109863281
2020-11-11,403.3900146484375
2020-11-12,398.1700134277344
2020-11-13,403.30999755859375
2020-11-16,414.5299987792969
2020-11-17,410.4599914550781
2020-11-18,415.010009765625
2020-11-19,422.8599853515625
2020-11-20,409.29998779296875
2020-11-23,414.8500061035156
2020-11-24,420.54998779296875
2020-11-25,414.5799865722656
2020-11-27,414.5799865722656
2020-11-30,418.29998779296875
2020-12-01,413.1400146484375
2020-12-02,407.32000732421875
2020-12-03,402.67999267578125
2020-12-04,404.7699890136719
2020-12-07,405
2020-12-08,406.6700134277344
2020-12-09,411.2200012207031
2020-12-10,402.32000732421875
2020-12-11,403.5299987792969
2020-12-14,400.4599914550781
2020-12-15,405.6000061035156
2020-12-16,406.3800048828125
2020-12-17,410.0400085449219
2020-12-18,410.4599914550781
2020-12-21,411.7799987792969
2020-12-22,410.3299865722656
2020-12-23,410.6600036621094
2020-12-24,415.57000732421875
2020-12-28,414.29998779296875
2020-12-29,407.2799987792969
2020-12-30,406.8299865722656
2020-12-31,408.3399963378906
2021-01-04,393.7200012207031
2021-01-05,394.8599853515625
2021-01-06,397.1700134277344
2021-01-07,400.010009765625
2021-01-08,396.67999267578125
2021-01-11,391.7099914550781
2021-01-12,401.6600036621094
2021-01-13,388.489990234375
2021-01-14,383.3999938964844
2021-01-15,388.6600036621094
2021-01-19,394.489990234375
2021-01-20,392.9599914550781
2021-01-21,391.1499938964844
2021-01-22,393.489990234375
2021-01-25,387.94000244140625
2021-01-26,376.69000244140625
2021-01-27,370.4599914550781
2021-01-28,371.9100036621094
2021-01-29,364.3900146484375
2021-02-01,370.32000732421875
2021-02-02,373.1099853515625
2021-02-03,366.1099853515625
2021-02-04,372
2021-02-05,367.8999938964844
2021-02-08,378.80999755859375
2021-02-09,374.69000244140625
2021-02-10,376.25
2021-02-11,374.1499938964844
2021-02-12,372.0799865722656
2021-02-16,369.6499938964844
2021-02-17,372.17999267578125
2021-02-18,375.7900085449219
2021-02-19,379.3999938964844
2021-02-22,377.3399963378906
2021-02-23,379.5799865722656
2021-02-24,385.57000732421875
2021-02-25,379.9599914550781
2021-02-26,372.7099914550781
2021-03-01,387.82000732421875
2021-03-02,385.6600036621094
2021-03-03,387.7699890136719
2021-03-04,378.95001220703125
2021-03-05,399.1099853515625
2021-03-08,398.4800109863281
2021-03-09,388.45001220703125
2021-03-10,395.9100036621094
2021-03-11,386.6700134277344
2021-03-12,395.010009765625
2021-03-15,399.739990234375
2021-03-16,389.4599914550781
2021-03-17,400.04998779296875
2021-03-18,404.6099853515625
2021-03-19,400.5400085449219
2021-03-22,399.7099914550781
2021-03-23,394.30999755859375
2021-03-24,395.3900146484375
2021-03-25,397.5899963378906
2021-03-26,399.3699951171875
2021-03-29,400.1700134277344
2021-03-30,398.6700134277344
2021-03-31,400.92999267578125
2021-04-01,406.3500061035156
2021-04-05,407.6499938964844
2021-04-06,408.42999267578125
2021-04-07,398.739990234375
2021-04-08,397.9100036621094
2021-04-09,401.6199951171875
2021-04-12,405.9700012207031
2021-04-13,400.1499938964844
2021-04-14,400.4599914550781
2021-04-15,404.45001220703125
2021-04-16,406.8800048828125
2021-04-19,408.9800109863281
2021-04-20,413.70001220703125
2021-04-21,424.0400085449219
2021-04-22,419.1199951171875
2021-04-23,423.55999755859375
2021-04-26,419.7900085449219
2021-04-27,423.32000732421875
2021-04-28,422.2200012207031
2021-04-29,429.8999938964844
2021-04-30,433.5400085449219
2021-05-03,443.8800048828125
2021-05-04,456.3399963378906
2021-05-05,460.55999755859375
2021-05-06,459
2021-05-07,465.6400146484375
2021-05-10,474.2200012207031
2021-05-11,462.70001220703125
2021-05-12,454.20001220703125
2021-05-13,465.1000061035156
2021-05-14,467.05999755859375
2021-05-17,467.07000732421875
2021-05-18,454.7699890136719
2021-05-19,456.2099914550781
2021-05-20,454.739990234375
2021-05-21,456.42999267578125
2021-05-24,460.010009765625
2021-05-25,460.82000732421875
2021-05-26,460.6400146484375
2021-05-27,459.1199951171875
2021-05-28,462.1600036621094
2021-06-01,462.6600036621094
2021-06-02,461.6400146484375
2021-06-03,463.4599914550781
2021-06-04,464.6499938964844
2021-06-07,459.80999755859375
2021-06-08,462.4800109863281
2021-06-09,458.54998779296875
2021-06-10,459.54998779296875
2021-06-11,459.20001220703125
2021-06-14,454.79998779296875
2021-06-15,458.7200012207031
2021-06-16,448.94000244140625
2021-06-17,440.9700012207031
2021-06-18,436.5299987792969
2021-06-21,445.0899963378906
2021-06-22,442.57000732421875
2021-06-23,444.42999267578125
2021-06-24,441.6099853515625
2021-06-25,442.94000244140625
2021-06-28,443.760009765625
2021-06-29,448.30999755859375
2021-06-30,438
2021-07-01,444.8399963378906
2021-07-02,446.7099914550781
2021-07-06,447.3699951171875
2021-07-07,459
2021-07-08,449.70001220703125
2021-07-09,456.8299865722656
2021-07-12,457.70001220703125
2021-07-13,455.17999267578125
2021-07-14,457.19000244140625
2021-07-15,457.7099914550781
2021-07-16,453.19000244140625
2021-07-19,449.5199890136719
2021-07-20,459.5299987792969
2021-07-21,457.7300109863281
2021-07-22,454.42999267578125
2021-07-23,458.6600036621094
2021-07-26,456.7200012207031
2021-07-27,456.17999267578125
2021-07-28,454.0799865722656
2021-07-29,461.2300109863281
2021-07-30,444.5799865722656
2021-08-02,440.1600036621094
2021-08-03,445.95001220703125
2021-08-04,439.3500061035156
2021-08-05,439.260009765625
2021-08-06,438.69000244140625
2021-08-09,437.7300109863281
2021-08-10,442.739990234375
2021-08-11,445.3900146484375
2021-08-12,438.07000732421875
2021-08-13,438.69000244140625
2021-08-16,440.0799865722656
2021-08-17,435.94000244140625
2021-08-18,428.3599853515625
2021-08-19,429.6600036621094
2021-08-20,430.989990234375
2021-08-23,432.3500061035156
2021-08-24,430.989990234375
2021-08-25,435.82000732421875
2021-08-26,428.80999755859375
2021-08-27,432.1300048828125
2021-08-30,434.6000061035156
2021-08-31,433.70001220703125
2021-09-01,429.2300109863281
2021-09-02,435.3999938964844
2021-09-03,429.6499938964844
2021-09-07,421.45001220703125
2021-09-08,418.1499938964844
2021-09-09,416.5400085449219
2021-09-10,415.2300109863281
2021-09-13,413.239990234375
2021-09-14,409.8800048828125
2021-09-15,412.1199951171875
2021-09-16,409.05999755859375
2021-09-17,402.4800109863281
2021-09-20,404.17999267578125
2021-09-21,401.2699890136719
2021-09-22,402.17999267578125
2021-09-23,403.3900146484375
2021-09-24,405.3500061035156
2021-09-27,408.2200012207031
2021-09-28,402.7300109863281
2021-09-29,401.739990234375
2021-09-30,393.05999755859375
2021-10-01,398.25
2021-10-04,397.2300109863281
2021-10-05,402.2300109863281
2021-10-06,409.29998779296875
2021-10-07,416.239990234375
2021-10-08,417.239990234375
2021-10-11,413.8800048828125
2021-10-12,421.1300048828125
2021-10-13,421.5899963378906
2021-10-14,427.3900146484375
2021-10-15,429.04998779296875
2021-10-18,430.8699951171875
2021-10-19,436.32000732421875
2021-10-20,437.1400146484375
2021-10-21,437.79998779296875
2021-10-22,437.0400085449219
2021-10-25,435.8299865722656
2021-10-26,430.6400146484375
2021-10-27,424.5299987792969
2021-10-28,430.760009765625
2021-10-29,463.1099853515625
2021-11-01,467.9200134277344
2021-11-02,470.92999267578125
2021-11-03,474.44000244140625
2021-11-04,479.8299865722656
2021-11-05,472.92999267578125
2021-11-08,474.94000244140625
2021-11-09,482.1300048828125
2021-11-10,481.010009765625
2021-11-11,484.6099853515625
2021-11-12,489.8299865722656
2021-11-15,484.4200134277344
2021-11-16,489.9200134277344
2021-11-17,486.5799865722656
2021-11-18,482.2699890136719
2021-11-19,482.6199951171875
2021-11-22,492.75
2021-11-23,498
2021-11-24,498.44000244140625
2021-11-26,489.5400085449219
2021-11-29,495.5799865722656
2021-11-30,481.4100036621094
2021-12-01,477.260009765625
2021-12-02,488.010009765625
2021-12-03,491.44000244140625
2021-12-06,499.95001220703125
2021-12-07,507.7200012207031
2021-12-08,505.70001220703125
2021-12-09,503.54998779296875
2021-12-10,513.66998291015625
2021-12-13,506.8500061035156
2021-12-14,507.760009765625
2021-12-15,513.95001220703125
2021-12-16,508.3299865722656
2021-12-17,492.8900146484375
2021-12-20,489.3299865722656
2021-12-21,496.7900085449219
2021-12-22,499.1700134277344
2021-12-23,503.010009765625
2021-12-27,516.1500244140625
2021-12-28,520.8699951171875
2021-12-29,525.3900146484375
2021-12-30,516.65997314453125
2021-12-31,518.239990234375
2022-01-03,510.20001220703125
2022-01-04,520.469970703125
2022-01-05,508.3500061035156
2022-01-06,510.1300048828125
2022-01-07,505.6400146484375
2022-01-10,500.1000061035156
2022-01-11,505.9800109863281
2022-01-12,509.44000244140625
2022-01-13,508.1700134277344
2022-01-14,504.55999755859375
2022-01-18,506.8299865722656
2022-01-19,497.30999755859375
2022-01-20,490.9599914550781
2022-01-21,492.95001220703125
2022-01-24,494.04998779296875
2022-01-25,486.260009765625
2022-01-26,481.0199890136719
2022-01-27,481.5799865722656
2022-01-28,495
2022-01-31,495.1099853515625
2022-02-01,494.9800109863281
2022-02-02,501.1400146484375
2022-02-03,507.5799865722656
2022-02-04,487.67999267578125
2022-02-07,478.32000732421875
2022-02-08,482.30999755859375
2022-02-09,489.2300109863281
2022-02-10,473.5199890136719
2022-02-11,467.69000244140625
2022-02-14,466.3900146484375
2022-02-15,469.6400146484375
2022-02-16,474.79998779296875
2022-02-17,471.3699951171875
2022-02-18,473.92999267578125
2022-02-22,472.19000244140625
2022-02-23,462.3900146484375
2022-02-24,466.2799987792969
2022-02-25,476.7099914550781
2022-02-28,477.05999755859375
2022-03-01,466.3699951171875
2022-03-02,480.8399963378906
2022-03-03,481.29998779296875
2022-03-04,488.010009765625
2022-03-07,490.9700012207031
2022-03-08,490.0799865722656
2022-03-09,487.4100036621094
2022-03-10,484.75
2022-03-11,472.260009765625
2022-03-14,483.3999938964844
2022-03-15,497.75
2022-03-16,491.17999267578125
2022-03-17,498.0899963378906
2022-03-18,501.95001220703125
2022-03-21,506.260009765625
2022-03-22,502.7200012207031
2022-03-23,504.82000732421875
2022-03-24,501.239990234375
2022-03-25,506.3500061035156
2022-03-28,513.0999755859375
2022-03-29,518.8699951171875
2022-03-30,520.6400146484375
2022-03-31,515.78997802734375
2022-04-01,517.54998779296875
2022-04-04,519.33001708984375
2022-04-05,518.8499755859375
2022-04-06,526.1199951171875
2022-04-07,521.41998291015625
2022-04-08,518.54998779296875
2022-04-11,518.65997314453125
2022-04-12,523.5
2022-04-13,527.1099853515625
2022-04-14,491.42999267578125
2022-04-18,490.5799865722656
2022-04-19,507.7300109863281
2022-04-20,511.2799987792969
2022-04-21,511.989990234375
2022-04-22,499.3399963378906
2022-04-25,492.19000244140625
2022-04-26,492.1300048828125
2022-04-27,495.7099914550781
2022-04-28,514.92999267578125
2022-04-29,500.0299987792969
2022-05-02,490.82000732421875
2022-05-03,483.989990234375
2022-05-04,505.04998779296875
2022-05-05,483.1400146484375
2022-05-06,477.9200134277344
2022-05-09,476.82000732421875
2022-05-10,469.3299865722656
2022-05-11,459.17999267578125
2022-05-12,469.239990234375
2022-05-13,477.3299865722656
2022-05-16,473.9599914550781
2022-05-17,482.19000244140625
2022-05-18,465.7799987792969
2022-05-19,466.9599914550781
2022-05-20,464.5400085449219
2022-05-23,467.1000061035156
2022-05-24,472.010009765625
2022-05-25,469.260009765625
2022-05-26,477.42999267578125
2022-05-27,490.3900146484375
2022-05-31,487.07000732421875
2022-06-01,494.3900146484375
2022-06-02,498.67999267578125
2022-06-03,496.2799987792969
2022-06-06,498.7300109863281
2022-06-07,507.1700134277344
2022-06-08,498.5
2022-06-09,494.4200134277344
2022-06-10,488.739990234375
2022-06-13,478.19000244140625
2022-06-14,469.8999938964844
2022-06-15,473.05999755859375
2022-06-16,455.69000244140625
2022-06-17,442.0899963378906
2022-06-21,449.8399963378906
2022-06-22,449.55999755859375
2022-06-23,446.0799865722656
2022-06-24,460.95001220703125
2022-06-27,464.1499938964844
2022-06-28,450.6499938964844
2022-06-29,453.95001220703125
2022-06-30,454.42999267578125
2022-07-01,461.30999755859375
2022-07-05,455.1700134277344
2022-07-06,470.1199951171875
2022-07-07,473.82000732421875
2022-07-08,475.1300048828125
2022-07-11,477.7099914550781
2022-07-12,474.1700134277344
2022-07-13,454.3500061035156
2022-07-14,456.3500061035156
2022-07-15,457.3999938964844
2022-07-18,453.260009765625
2022-07-19,465.92999267578125
2022-07-20,471.45001220703125
2022-07-21,473.32000732421875
2022-07-22,473.8800048828125
2022-07-25,482.1199951171875
2022-07-26,479.57000732421875
2022-07-27,487.6099853515625
2022-07-28,501.8800048828125
2022-07-29,543.530029296875
2022-08-01,549.5999755859375
2022-08-02,540.25
2022-08-03,543.02001953125
2022-08-04,543.34002685546875
2022-08-05,556.02001953125
2022-08-08,562.28997802734375
2022-08-09,557.969970703125
2022-08-10,564.969970703125
2022-08-11,566.3599853515625
2022-08-12,579.8800048828125
2022-08-15,582.79998779296875
2022-08-16,584.19000244140625
2022-08-17,583.67999267578125
2022-08-18,585.57000732421875
2022-08-19,583.90997314453125
2022-08-22,572.45001220703125
2022-08-23,576.739990234375
2022-08-24,579.03997802734375
2022-08-25,583.280029296875
2022-08-26,566.239990234375
2022-08-29,565.45001220703125
2022-08-30,556.3900146484375
2022-08-31,554.94000244140625
2022-09-01,557.04998779296875
2022-09-02,555.30999755859375
2022-09-06,561.4000244140625
2022-09-07,573.780029296875
2022-09-08,570.78997802734375
2022-09-09,572.739990234375
2022-09-12,568.0999755859375
2022-09-13,557.1500244140625
2022-09-14,548.239990234375
2022-09-15,532.83001708984375
2022-09-16,526.15997314453125
2022-09-19,535.0999755859375
2022-09-20,531
2022-09-21,516.75
2022-09-22,504.239990234375
2022-09-23,494.8500061035156
2022-09-26,489.3399963378906
2022-09-27,487.1000061035156
2022-09-28,493.8299865722656
2022-09-29,486.8999938964844
2022-09-30,489.19000244140625
2022-10-03,506.82000732421875
2022-10-04,521.22998046875
2022-10-05,518.760009765625
2022-10-06,509.5899963378906
2022-10-07,500.9200134277344
2022-10-10,504.1199951171875
2022-10-11,514.09002685546875
2022-10-12,506.239990234375
2022-10-13,518.3900146484375
2022-10-14,501.1700134277344
2022-10-17,517.22998046875
2022-10-18,531.6199951171875
2022-10-19,521.1300048828125
2022-10-20,509.19000244140625
2022-10-21,519.67999267578125
2022-10-24,525.1099853515625
2022-10-25,530.79998779296875
2022-10-26,531.1300048828125
2022-10-27,537.66998291015625
2022-10-28,575.8800048828125
2022-10-31,584.3499755859375
2022-11-01,592.70001220703125
2022-11-02,583.97998046875
2022-11-03,594.4000244140625
2022-11-04,593.6400146484375
2022-11-07,595.3499755859375
2022-11-08,600.65997314453125
2022-11-09,591.010009765625
2022-11-10,608.3800048828125
2022-11-11,586.52001953125
2022-11-14,585
2022-11-15,581.80999755859375
2022-11-16,588.8900146484375
2022-11-17,593.95001220703125
2022-11-18,597.030029296875
2022-11-21,600.6199951171875
2022-11-22,605.469970703125
2022-11-23,604.32000732421875
2022-11-25,604.25
2022-11-28,594.55999755859375
2022-11-29,590.989990234375
2022-11-30,603.05999755859375
2022-12-01,603.17999267578125
2022-12-02,602.08001708984375
2022-12-05,586.45001220703125
2022-12-06,580.34002685546875
2022-12-07,586.40997314453125
2022-12-08,593.25
2022-12-09,588.05999755859375
2022-12-12,593.46002197265625
2022-12-13,584.92999267578125
2022-12-14,576.02001953125
2022-12-15,561.530029296875
2022-12-16,558.6500244140625
2022-12-19,561.27001953125
2022-12-20,562.739990234375
2022-12-21,567.41998291015625
2022-12-22,561.3699951171875
2022-12-23,565.0999755859375
2022-12-27,565.33001708984375
2022-12-28,557.05999755859375
2022-12-29,562.219970703125
2022-12-30,556.25
2023-01-03,555.92999267578125
2023-01-04,554.030029296875
2023-01-05,537.530029296875
2023-01-06,552.72998046875
2023-01-09,557.6300048828125
2023-01-10,563.91998291015625
2023-01-11,582.280029296875
2023-01-12,572.53997802734375
2023-01-13,573.8599853515625
2023-01-17,571.66998291015625
2023-01-18,570.66998291015625
2023-01-19,547.72998046875
2023-01-20,560.239990234375
2023-01-23,561.719970703125
2023-01-24,570.83001708984375
2023-01-25,559.8499755859375
2023-01-26,564.92999267578125
2023-01-27,571.78997802734375
2023-01-30,575.32000732421875
2023-01-31,589.47998046875
2023-02-01,598.04998779296875
2023-02-02,675.57000732421875
2023-02-03,675.80999755859375
2023-02-06,674.280029296875
2023-02-07,678.280029296875
2023-02-08,663.77001953125
2023-02-09,661.1099853515625
2023-02-10,656.489990234375
2023-02-13,668.57000732421875
2023-02-14,666.53997802734375
2023-02-15,672.66998291015625
2023-02-16,670.09002685546875
2023-02-17,677.3499755859375
2023-02-21,656.19000244140625
2023-02-22,657.70001220703125
2023-02-23,657.94000244140625
2023-02-24,664.0999755859375
2023-02-27,675.02001953125
2023-02-28,668.42999267578125
2023-03-01,671.010009765625
2023-03-02,684.5
2023-03-03,697.59002685546875
2023-03-06,699.6500244140625
2023-03-07,694.66998291015625
2023-03-08,700.4000244140625
2023-03-09,693.010009765625
2023-03-10,677.8800048828125
2023-03-13,674.8599853515625
2023-03-14,686.1300048828125
2023-03-15,667.739990234375
2023-03-16,681.33001708984375
2023-03-17,663.5
2023-03-20,673.8900146484375
2023-03-21,680.82000732421875
2023-03-22,668.6099853515625
2023-03-23,665.3800048828125
2023-03-24,663.5999755859375
2023-03-27,671.65997314453125
2023-03-28,675.84002685546875
2023-03-29,675.03997802734375
2023-03-30,669.27001953125
2023-03-31,688.80999755859375
2023-04-03,683.16998291015625
2023-04-04,656.67999267578125
2023-04-05,646.25
2023-04-06,641.65997314453125
2023-04-10,651.46002197265625
2023-04-11,648.4000244140625
2023-04-12,655.3800048828125
2023-04-13,646.69000244140625
2023-04-14,651.1099853515625
2023-04-17,660.82000732421875
2023-04-18,666.34002685546875
2023-04-19,665.42999267578125
2023-04-20,667.16998291015625
2023-04-21,670.1099853515625
2023-04-24,675.32000732421875
2023-04-25,671.83001708984375
2023-04-26,659.82000732421875
2023-04-27,696.3599853515625
2023-04-28,695.57000732421875
2023-05-01,695.96002197265625
2023-05-02,688.80999755859375
2023-05-03,683.6099853515625
2023-05-04,667.5
2023-05-05,675.510009765625
2023-05-08,678.219970703125
2023-05-09,684.510009765625
2023-05-10,681.46002197265625
2023-05-11,684.3699951171875
2023-05-12,684.6199951171875
2023-05-15,670.3900146484375
2023-05-16,664.260009765625
2023-05-17,671.27001953125
2023-05-18,679.28997802734375
2023-05-19,681.780029296875
2023-05-22,671.29998779296875
2023-05-23,659.6400146484375
2023-05-24,656.58001708984375
2023-05-25,659.6099853515625
2023-05-26,664.22998046875
2023-05-30,654.05999755859375
2023-05-31,649.02001953125
2023-06-01,655.30999755859375
2023-06-02,677.77001953125
2023-06-05,675.65997314453125
2023-06-06,685.80999755859375
2023-06-07,697.84002685546875
2023-06-08,704.97998046875
2023-06-09,706.47998046875
2023-06-12,722.33001708984375
2023-06-13,736.97998046875
2023-06-14,727.07000732421875
2023-06-15,743.8900146484375
2023-06-16,732.42999267578125
2023-06-20,730.67999267578125
2023-06-21,742.0999755859375
2023-06-22,735.92999267578125
2023-06-23,737.9000244140625
2023-06-26,748.09002685546875
2023-06-27,770.5
2023-06-28,772.989990234375
2023-06-29,782.29998779296875
2023-06-30,788.59002685546875
2023-07-03,782.55999755859375
2023-07-05,782.69000244140625
2023-07-06,778.8900146484375
2023-07-07,776.17999267578125
2023-07-10,796.739990234375
2023-07-11,795.70001220703125
2023-07-12,777.29998779296875
2023-07-13,761.57000732421875
2023-07-14,763.3499755859375
2023-07-17,764
2023-07-18,760.21002197265625
2023-07-19,766.04998779296875
2023-07-20,767.1500244140625
2023-07-21,769
2023-07-24,769.260009765625
2023-07-25,766.6099853515625
2023-07-26,762.1199951171875
2023-07-27,724.66998291015625
2023-07-28,731.3699951171875
2023-07-31,738.489990234375
2023-08-01,725.32000732421875
2023-08-02,721.75
2023-08-03,722.8800048828125
2023-08-04,708.27001953125
2023-08-07,717.25
2023-08-08,713.47998046875
2023-08-09,714.71002197265625
2023-08-10,712.280029296875
2023-08-11,713.34002685546875
2023-08-14,715.67999267578125
2023-08-15,712.8800048828125
2023-08-16,709.30999755859375
2023-08-17,703.3499755859375
2023-08-18,703.54998779296875
2023-08-21,703.05999755859375
2023-08-22,698.8699951171875
2023-08-23,707.1300048828125
2023-08-24,708.42999267578125
2023-08-25,714.55999755859375
2023-08-28,710.219970703125
2023-08-29,717.79998779296875
2023-08-30,725.30999755859375
2023-08-31,714.1400146484375
2023-09-01,710.780029296875
2023-09-05,693.010009765625
2023-09-06,693.53997802734375
2023-09-07,691.78997802734375
2023-09-08,689.92999267578125
2023-09-11,691.989990234375
2023-09-12,686.530029296875
2023-09-13,684.95001220703125
2023-09-14,696.260009765625
2023-09-15,693.1199951171875
2023-09-18,693.80999755859375
2023-09-19,691.05999755859375
2023-09-20,684.989990234375
2023-09-21,682.46002197265625
2023-09-22,681.47998046875
2023-09-25,689.8900146484375
2023-09-26,685.530029296875
2023-09-27,700.1099853515625
2023-09-28,698.8499755859375
2023-09-29,691.84002685546875
2023-10-02,694.6199951171875
2023-10-03,687.030029296875
2023-10-04,698.83001708984375
2023-10-05,702.54998779296875
2023-10-06,716.32000732421875
2023-10-09,725.90997314453125
2023-10-10,710.8800048828125
2023-10-11,714.28997802734375
2023-10-12,735.3800048828125
2023-10-13,731.46002197265625
2023-10-16,731.780029296875
2023-10-17,738.15997314453125
2023-10-18,711.8599853515625
2023-10-19,702.83001708984375
2023-10-20,691.489990234375
2023-10-23,686.32000732421875
2023-10-24,686.71002197265625
2023-10-25,677.40997314453125
2023-10-26,699.66998291015625
2023-10-27,706.760009765625
2023-10-30,726.05999755859375
2023-10-31,729.83001708984375
2023-11-01,742.0999755859375
2023-11-02,756.28997802734375
2023-11-03,767.72998046875
2023-11-06,767.1400146484375
2023-11-07,772.92999267578125
2023-11-08,781.02001953125
2023-11-09,781.72998046875
2023-11-10,792.25
2023-11-13,789.65997314453125
2023-11-14,801.45001220703125
2023-11-15,794.79998779296875
2023-11-16,795.04998779296875
2023-11-17,802.20001220703125
2023-11-20,808.77001953125
2023-11-21,806.77001953125
2023-11-22,808.97998046875
2023-11-24,812.29998779296875
2023-11-27,810.3599853515625
2023-11-28,775.1400146484375
2023-11-29,775.69000244140625
2023-11-30,786.19000244140625
2023-12-01,803.58001708984375
2023-12-04,801.4000244140625
2023-12-05,798.57000732421875
2023-12-06,802.530029296875
2023-12-07,807.4000244140625
2023-12-08,804.04998779296875
2023-12-11,817.44000244140625
2023-12-12,821.07000732421875
2023-12-13,818.80999755859375
2023-12-14,828.80999755859375
2023-12-15,823.53997802734375
2023-12-18,833.15997314453125
2023-12-19,830.19000244140625
2023-12-20,816.010009765625
2023-12-21,824.03997802734375
2023-12-22,827.8499755859375
2023-12-26,828.42999267578125
2023-12-27,831.29998779296875
2023-12-28,827.0999755859375
2023-12-29,828.69000244140625
2024-01-02,813.239990234375
2024-01-03,808.95001220703125
2024-01-04,815.97998046875
2024-01-05,818.71002197265625
2024-01-08,822.22998046875
2024-01-09,823.989990234375
2024-01-10,830.83001708984375
2024-01-11,837.07000732421875
2024-01-12,842.1199951171875
2024-01-16,840.54998779296875
2024-01-17,839.08001708984375
2024-01-18,872.20001220703125
2024-01-19,864
2024-01-22,876.65997314453125
2024-01-23,875.6400146484375
2024-01-24,871.239990234375
2024-01-25,881.45001220703125
2024-01-26,883.239990234375
2024-01-29,896.15997314453125
2024-01-30,914.780029296875
2024-01-31,895.6400146484375
2024-02-01,922.6400146484375
2024-02-02,972.53997802734375
2024-02-05,945.6400146484375
2024-02-06,940.34002685546875
2024-02-07,945
2024-02-08,949.92999267578125
2024-02-09,959.010009765625
2024-02-12,947.21002197265625
2024-02-13,935.40997314453125
2024-02-14,944.4000244140625
2024-02-15,943.69000244140625
2024-02-16,935.79998779296875
2024-02-20,935.1500244140625
2024-02-21,941.03997802734375
2024-02-22,958.17999267578125
2024-02-23,958.92999267578125
2024-02-26,963.6300048828125
2024-02-27,969.53997802734375
2024-02-28,974.70001220703125
2024-02-29,973.46002197265625
2024-03-01,980.9000244140625
2024-03-04,987.5999755859375
2024-03-05,985.760009765625
2024-03-06,982.5999755859375
2024-03-07,989.03997802734375
2024-03-08,970.32000732421875
2024-03-11,963.989990234375
2024-03-12,972.42999267578125
2024-03-13,974.739990234375
2024-03-14,991.69000244140625
2024-03-15,994.3699951171875
2024-03-18,994.489990234375
2024-03-19,1001.6599731445313
2024-03-20,1016.1599731445313
2024-03-21,1029.550048828125
2024-03-22,1027.0999755859375
2024-03-25,1007.739990234375
2024-03-26,1005.3699951171875
2024-03-27,1020.1699829101563
2024-03-28,1017.2999877929688
2024-04-01,1009.6400146484375
2024-04-02,1000.5
2024-04-03,1006.7000122070313
2024-04-04,993.16998291015625
2024-04-05,1014.8300170898438
2024-04-08,1014.719970703125
2024-04-09,1007.7100219726563
2024-04-10,1000.8499755859375
2024-04-11,966.27001953125
2024-04-12,964.969970703125
2024-04-15,955.41998291015625
2024-04-16,956.69000244140625
2024-04-17,949.91998291015625
2024-04-18,937.53997802734375
2024-04-19,942.6500244140625
2024-04-22,942.07000732421875
2024-04-23,955.78997802734375
2024-04-24,958.32000732421875
2024-04-25,947.84002685546875
2024-04-26,929.260009765625
2024-04-29,934.5
2024-04-30,921.3499755859375
2024-05-01,920.29998779296875
2024-05-02,923.9000244140625
2024-05-03,931.94000244140625
2024-05-06,940.03997802734375
2024-05-07,945.8900146484375
2024-05-08,948.91998291015625
2024-05-09,956.21002197265625
2024-05-10,958.67999267578125
2024-05-13,949.260009765625
2024-05-14,950.54998779296875
2024-05-15,958.1500244140625
2024-05-16,947.80999755859375
2024-05-17,945.65997314453125
2024-05-20,953.4000244140625
2024-05-21,956.77001953125
2024-05-22,963.90997314453125
2024-05-23,954.70001220703125
2024-05-24,966.4000244140625
2024-05-28,939.1199951171875
2024-05-29,910.57000732421875
2024-05-30,907.469970703125
2024-05-31,921.46002197265625
2024-06-03,888.55999755859375
2024-06-04,887.1199951171875
2024-06-05,890.27001953125
2024-06-06,879.030029296875
2024-06-07,892.25
2024-06-10,897.3599853515625
2024-06-11,900.28997802734375
2024-06-12,914.9000244140625
2024-06-13,921.07000732421875
2024-06-14,906.78997802734375
2024-06-17,917.45001220703125
2024-06-18,924.489990234375
2024-06-20,915.28997802734375
2024-06-21,915.05999755859375
2024-06-24,915.5
2024-06-25,910.08001708984375
2024-06-26,908.78997802734375
2024-06-27,903.739990234375
2024-06-28,902.239990234375
2024-07-01,896.19000244140625
2024-07-02,917.969970703125
2024-07-03,915.510009765625
2024-07-05,912.54998779296875
2024-07-08,917.3499755859375
2024-07-09,908.57000732421875
2024-07-10,903.280029296875
2024-07-11,904.09002685546875
2024-07-12,918.46002197265625
2024-07-15,942.780029296875
2024-07-16,988.07000732421875
2024-07-17,974.82000732421875
2024-07-18,957.3599853515625
2024-07-19,945.83001708984375
2024-07-22,951.6099853515625
2024-07-23,951.29998779296875
2024-07-24,932.6300048828125
2024-07-25,954.1500244140625
2024-07-26,970.34002685546875
2024-07-29,966.80999755859375
2024-07-30,966.3599853515625
2024-07-31,976.80999755859375
2024-08-01,942.3599853515625
2024-08-02,952.78997802734375
2024-08-05,949.989990234375
2024-08-06,952.65997314453125
2024-08-07,951.19000244140625
2024-08-08,972.239990234375
2024-08-09,979.30999755859375
2024-08-12,959.41998291015625
2024-08-13,961.1400146484375
2024-08-14,952.70001220703125
2024-08-15,958.84002685546875
2024-08-16,966.3699951171875
2024-08-19,958.1400146484375
2024-08-20,962.4000244140625
2024-08-21,980.25
2024-08-22,977.1500244140625
2024-08-23,982.22998046875
2024-08-26,973.59002685546875
2024-08-27,967.3599853515625
2024-08-28,968.34002685546875
2024-08-29,968.03997802734375
2024-08-30,984.91998291015625
2024-09-03,960.05999755859375
2024-09-04,952.28997802734375
2024-09-05,938.47998046875
2024-09-06,947.92999267578125
2024-09-09,972.1400146484375
2024-09-10,977.67999267578125
2024-09-11,988.6400146484375
2024-09-12,996.92999267578125
2024-09-13,993.82000732421875
2024-09-16,1008.2100219726563
2024-09-17,1013.97998046875
2024-09-18,1013.1799926757813
2024-09-19,1030.0999755859375
2024-09-20,1032.219970703125
2024-09-23,1042.0799560546875
2024-09-24,1040.7099609375
2024-09-25,1032.1600341796875
2024-09-26,1043.9300537109375
2024-09-27,1035.93994140625
2024-09-30,1038.81005859375
2024-10-01,1039.9000244140625
2024-10-02,1038.1300048828125
2024-10-03,1029.1500244140625
2024-10-04,1033.239990234375
2024-10-07,1022.8400268554688
2024-10-08,1028.56005859375
2024-10-09,1029.5999755859375
2024-10-10,1025.1600341796875
2024-10-11,1085.0400390625
2024-10-14,1098.3699951171875
2024-10-15,1085.5699462890625
2024-10-16,1112.9300537109375
2024-10-17,1119.469970703125
2024-10-18,1127
2024-10-21,1120.3599853515625
2024-10-22,1098.9300537109375
2024-10-23,1092.530029296875
2024-10-24,1082.2099609375
2024-10-25,1090.93994140625
2024-10-28,1104.1300048828125
2024-10-29,1098.3499755859375
2024-10-30,1099.3399658203125
2024-10-31,1109.22998046875
2024-11-01,1105.0699462890625
2024-11-04,1095.6800537109375
2024-11-05,1122.02001953125
2024-11-06,1194.9599609375
2024-11-07,1188.949951171875
2024-11-08,1202.3499755859375
2024-11-11,1220.9300537109375
2024-11-12,1208.3399658203125
2024-11-13,1202.010009765625
2024-11-14,1176.010009765625
2024-11-15,1178.3299560546875
2024-11-18,1172.1300048828125
2024-11-19,1172.0699462890625
2024-11-20,1178.449951171875
2024-11-21,1194.4100341796875
2024-11-22,1206.6500244140625
2024-11-25,1215.760009765625
2024-11-26,1217.300048828125
2024-11-27,1205.8699951171875
2024-11-29,1205.3399658203125
2024-12-02,1193.989990234375
2024-12-03,1193.1600341796875
2024-12-04,1192.5999755859375
2024-12-05,1188.6500244140625
2024-12-06,1185.1600341796875
2024-12-09,1162.050048828125
2024-12-10,1157.510009765625
2024-12-11,1155.5
2024-12-12,1149.010009765625
2024-12-13,1142.6199951171875
2024-12-16,1139.8800048828125
2024-12-17,1120.31005859375
2024-12-18,1091.3299560546875
2024-12-19,1081.550048828125
2024-12-20,1092.9599609375
2024-12-23,1082.3399658203125
2024-12-24,1090.97998046875
2024-12-26,1082.6300048828125
2024-12-27,1068.97998046875
2024-12-30,1058.2099609375
2024-12-31,1054.050048828125
2025-01-02,1041.7099609375
2025-01-03,1053.989990234375
2025-01-06,1054.010009765625
2025-01-07,1062.75
2025-01-08,1068.8399658203125
2025-01-10,1052.47998046875
2025-01-13,1075.97998046875
2025-01-14,1087.8800048828125
2025-01-15,1093.3599853515625
2025-01-16,1110.3499755859375
2025-01-17,1113.5999755859375
2025-01-21,1121.510009765625
2025-01-22,1122.9300537109375
2025-01-23,1121.4100341796875
2025-01-24,1121.5699462890625
2025-01-27,1132.4200439453125
2025-01-28,1131.280029296875
2025-01-29,1114.010009765625
2025-01-30,1126.0699462890625
2025-01-31,1062.6700439453125
2025-02-03,1046.739990234375
2025-02-04,1042.5899658203125
2025-02-05,1042.9200439453125
2025-02-06,1045.3199462890625
2025-02-07,1035.800048828125
2025-02-10,1038.469970703125
2025-02-11,1046.3599853515625
2025-02-12,1027.550048828125
2025-02-13,1027.8299560546875
2025-02-14,1027.72998046875
2025-02-18,1022.6400146484375
2025-02-19,1021.0399780273438
2025-02-20,1024.300048828125
2025-02-21,1007.9000244140625
2025-02-24,998.02001953125
2025-02-25,1003.5599975585938
2025-02-26,1008.0800170898438
2025-02-27,1010.9199829101563
2025-02-28,1021.2100219726563
2025-03-03,999.5
2025-03-04,988.780029296875
2025-03-05,985.05999755859375
2025-03-06,995.82000732421875
2025-03-07,1007.7100219726563
2025-03-10,1015.8400268554688
2025-03-11,981.53997802734375
2025-03-12,968.28997802734375
2025-03-13,953.53997802734375
2025-03-14,967.82000732421875
2025-03-17,977.40997314453125
2025-03-18,974.77001953125
2025-03-19,983.59002685546875
2025-03-20,973.65997314453125
2025-03-21,973.09002685546875
2025-03-24,991.59002685546875
2025-03-25,990.20001220703125
2025-03-26,988.19000244140625
2025-03-27,987.239990234375
2025-03-28,975.030029296875
2025-03-31,987.83001708984375
2025-04-01,994.05999755859375
2025-04-02,1004.9199829101563
2025-04-03,973.40997314453125
2025-04-04,942.42999267578125
2025-04-07,923.8499755859375
2025-04-08,919.92999267578125
2025-04-09,965.3699951171875
2025-04-10,960.69000244140625
2025-04-11,994
2025-04-14,1000.2000122070313
2025-04-15,999.72998046875
2025-04-16,985.33001708984375
2025-04-17,1002.6900024414063
2025-04-21,978.780029296875
2025-04-22,998.8499755859375
2025-04-23,992.32000732421875
2025-04-24,1019.1500244140625
2025-04-25,1013.8699951171875
2025-04-28,1011.4099731445313
2025-04-29,1012.7100219726563
2025-04-30,1024.31005859375
2025-05-01,1053.4300537109375
2025-05-02,1068
2025-05-05,1065.47998046875
2025-05-06,1041.8699951171875
2025-05-07,1043.739990234375
2025-05-08,1045.8900146484375
2025-05-09,1037.06005859375
2025-05-12,1067.449951171875
2025-05-13,1066.3699951171875
2025-05-14,1069.81005859375
2025-05-15,1084.510009765625
2025-05-16,1101.6600341796875
2025-05-19,1100.4100341796875
2025-05-20,1091.530029296875
2025-05-21,1081.3800048828125
2025-05-22,1078.1400146484375
2025-05-23,1071.8800048828125
2025-05-27,1089.81005859375
2025-05-28,1081.06005859375
2025-05-29,1085.739990234375
2025-05-30,1087.56005859375
2025-06-02,1074.43994140625
2025-06-03,1088.0400390625
2025-06-04,1075.9599609375
2025-06-05,1085.52001953125
2025-06-06,1094.3699951171875
2025-06-09,1078.3599853515625
2025-06-10,1085.3399658203125
2025-06-11,1078.6300048828125
2025-06-12,1081.550048828125
2025-06-13,1064.22998046875
2025-06-16,1071.800048828125
2025-06-17,1045.4599609375
2025-06-18,1042.6700439453125
2025-06-20,1037.219970703125
2025-06-23,1038.3299560546875
2025-06-24,1041.3800048828125
2025-06-25,1023.8699951171875
2025-06-26,1015.47998046875
2025-06-27,1028.75
2025-06-30,1040.239990234375
2025-07-01,1052.1199951171875
2025-07-02,1035.280029296875
2025-07-03,1050.489990234375
2025-07-07,1033.949951171875
2025-07-08,1036.6199951171875
2025-07-09,1045.2900390625
2025-07-10,1047.8699951171875
2025-07-11,1059.489990234375
2025-07-14,1057.5699462890625
2025-07-15,1039.3800048828125
2025-07-16,1039.6500244140625
2025-07-17,1022.1699829101563
2025-07-18,1028.3499755859375
2025-07-21,1022.22998046875
2025-07-22,1035.1199951171875
2025-07-23,1044.760009765625
2025-07-24,1052.2099609375
2025-07-25,1054.02001953125
2025-07-28,1048.3699951171875
2025-07-29,1055.0699462890625
2025-07-30,1042.6700439453125
2025-07-31,1039.5400390625
2025-08-01,932.44000244140625
2025-08-04,938.27001953125
2025-08-05,935.6300048828125
2025-08-06,960.27001953125
2025-08-07,942.510009765625
2025-08-08,950.1300048828125
2025-08-11,939.760009765625
2025-08-12,960.70001220703125
2025-08-13,982.07000732421875
2025-08-14,974.55999755859375
2025-08-15,969.92999267578125
2025-08-18,978.1300048828125
2025-08-19,995.4000244140625
2025-08-20,999.6300048828125
2025-08-21,994.07000732421875
2025-08-22,1021.8599853515625
2025-08-25,1013.4500122070313
2025-08-26,1011.9600219726563
2025-08-27,1017.0499877929688
2025-08-28,1014.469970703125
2025-08-29,1013.5
2025-09-02,1016.8599853515625
2025-09-03,1018.739990234375
2025-09-04,1028.030029296875
2025-09-05,993.469970703125
2025-09-08,997.79998779296875
2025-09-09,994.8499755859375
2025-09-10,994.05999755859375
2025-09-11,1014.6900024414063
2025-09-12,1004.0599975585938
2025-09-15,1012.6199951171875
2025-09-16,993.6400146484375
2025-09-17,997.92999267578125
2025-09-18,1005.22998046875
2025-09-19,987.6099853515625
2025-09-22,979.16998291015625
2025-09-23,975.780029296875
2025-09-24,952.92999267578125
2025-09-25,951.71002197265625
2025-09-26,959.72998046875
2025-09-29,947.97998046875
2025-09-30,952.96002197265625
2025-10-01,944
2025-10-02,953.75
2025-10-03,956.59002685546875
2025-10-06,958.9000244140625
2025-10-07,958.82000732421875
2025-10-08,967.19000244140625
2025-10-09,968.530029296875
2025-10-10,947.55999755859375
2025-10-13,935.489990234375
2025-10-14,959.739990234375
2025-10-15,957.989990234375
2025-10-16,954.55999755859375
2025-10-17,954.989990234375
2025-10-20,970.91998291015625
2025-10-21,971.53997802734375
2025-10-22,968
2025-10-23,964.07000732421875
2025-10-24,968.40997314453125
2025-10-27,978.30999755859375
2025-10-28,963.47998046875
2025-10-29,958.969970703125
2025-10-30,956.239990234375
2025-10-31,979
2025-11-03,966.32000732421875
2025-11-04,955.8699951171875
2025-11-05,962.3900146484375
2025-11-06,952.65997314453125
2025-11-07,955.03997802734375
2025-11-10,949.96002197265625
2025-11-11,945.6099853515625
2025-11-12,944.969970703125
2025-11-13,934.94000244140625
2025-11-14,926.21002197265625
2025-11-17,923.469970703125
2025-11-18,918.17999267578125
2025-11-19,922.55999755859375
2025-11-20,925.1500244140625
2025-11-21,952.1500244140625
2025-11-24,929.96002197265625
2025-11-25,941.75
2025-11-26,945.0999755859375
2025-11-28,948.6300048828125
2025-12-01,944.8699951171875
2025-12-02,961.1500244140625
2025-12-03,971.15997314453125
2025-12-04,968.90997314453125
2025-12-05,975.53997802734375
2025-12-08,959.07000732421875
2025-12-09,958.67999267578125
2025-12-10,995.57000732421875
2025-12-11,1032.3900146484375
2025-12-12,1022.5399780273438
2025-12-15,1029.56005859375
2025-12-16,1022.0800170898438
2025-12-17,1020.0499877929688
2025-12-18,1019.52001953125
2025-12-19,1025.02001953125
2025-12-22,1034.8699951171875
2025-12-23,1023.9000244140625
2025-12-24,1030.72998046875
2025-12-26,1024.280029296875
2025-12-29,1026.31005859375
2025-12-30,1021.0900268554688
2025-12-31,1009.0499877929688
2026-01-02,1003.8099975585938
2026-01-05,1015.0599975585938
2026-01-06,1028.97998046875
2026-01-07,1004.6799926757813
2026-01-08,1033.3299560546875
2026-01-09,1029.8199462890625
2026-01-12,1032.31005859375
2026-01-13,1041.9000244140625
2026-01-14,1053.25
2026-01-15,1063.300048828125
2026-01-16,1068.719970703125
2026-01-20,1034.25
2026-01-21,1058.5799560546875
2026-01-22,1066.6300048828125
2026-01-23,1057.8599853515625
2026-01-26,1049.969970703125
2026-01-27,1057.56005859375
2026-01-28,1070.010009765625
2026-01-29,1082.2099609375
2026-01-30,1079.93994140625
2026-02-02,1096.1800537109375
2026-02-03,1155
2026-02-04,1194.9300537109375
2026-02-05,1183.1500244140625
2026-02-06,1197.6500244140625
2026-02-09,1190.1500244140625
2026-02-10,1188.030029296875
2026-02-11,1202.469970703125
2026-02-12,1116.5999755859375
2026-02-13,1131.4200439453125
2026-02-17,1132.219970703125
2026-02-18,1134.0400390625
2026-02-19,1127.72998046875
2026-02-20,1127.0699462890625
2026-02-23,1116.75
2026-02-24,1126.6800537109375
2026-02-25,1117.1800537109375
2026-02-26,1105.52001953125
2026-02-27,1144.72998046875
2026-03-02,1152.25
2026-03-03,1151.4100341796875
2026-03-04,1148.4599609375
2026-03-05,1145.7099609375
2026-03-06,1112.7900390625
2026-03-09,1115.280029296875
2026-03-10,1106.4000244140625
2026-03-11,1110.489990234375
2026-03-12,1082.1800537109375
2026-03-13,1073.93994140625
2026-03-16,1060.4599609375
2026-03-17,1065.530029296875
2026-03-18,1045.8199462890625
2026-03-19,1043.050048828125
2026-03-20,1041.949951171875
2026-03-23,1054.469970703125
2026-03-24,1065.4000244140625
2026-03-25,1075.8699951171875
2026-03-26,1065.47998046875
2026-03-27,1057.0699462890625
2026-03-30,1057.219970703125
