Date,KIM.Close
2020-01-02,19.600000381469727
2020-01-03,19.809999465942383
2020-01-06,20.06999969482422
2020-01-07,19.829999923706055
2020-01-08,19.75
2020-01-09,19.329999923706055
2020-01-10,19.399999618530273
2020-01-13,19.75
2020-01-14,20.040000915527344
2020-01-15,20.229999542236328
2020-01-16,20.34000015258789
2020-01-17,20.270000457763672
2020-01-21,20.40999984741211
2020-01-22,20.34000015258789
2020-01-23,20.450000762939453
2020-01-24,20.350000381469727
2020-01-27,20.1299991607666
2020-01-28,20.200000762939453
2020-01-29,20.059999465942383
2020-01-30,19.350000381469727
2020-01-31,19.049999237060547
2020-02-03,19.18000030517578
2020-02-04,19.43000030517578
2020-02-05,19.719999313354492
2020-02-06,19.670000076293945
2020-02-07,19.6200008392334
2020-02-10,19.700000762939453
2020-02-11,19.1200008392334
2020-02-12,18.770000457763672
2020-02-13,18.93000030517578
2020-02-14,19.260000228881836
2020-02-18,19.06999969482422
2020-02-19,18.559999465942383
2020-02-20,18.959999084472656
2020-02-21,19.06999969482422
2020-02-24,18.969999313354492
2020-02-25,18.579999923706055
2020-02-26,18.280000686645508
2020-02-27,17.68000030517578
2020-02-28,17.350000381469727
2020-03-02,17.81999969482422
2020-03-03,17.760000228881836
2020-03-04,18.280000686645508
2020-03-05,17.8700008392334
2020-03-06,17.329999923706055
2020-03-09,15.569999694824219
2020-03-10,16.18000030517578
2020-03-11,14.850000381469727
2020-03-12,12.720000267028809
2020-03-13,13.220000267028809
2020-03-16,10.600000381469727
2020-03-17,10.859999656677246
2020-03-18,9.760000228881836
2020-03-19,10.25
2020-03-20,10.630000114440918
2020-03-23,9.40999984741211
2020-03-24,10.489999771118164
2020-03-25,11.1899995803833
2020-03-26,11.319999694824219
2020-03-27,10.399999618530273
2020-03-30,10.100000381469727
2020-03-31,9.670000076293945
2020-04-01,8.300000190734863
2020-04-02,7.75
2020-04-03,7.769999980926514
2020-04-06,8.65999984741211
2020-04-07,9.149999618530273
2020-04-08,9.630000114440918
2020-04-09,10.819999694824219
2020-04-13,10.550000190734863
2020-04-14,10.729999542236328
2020-04-15,9.710000038146973
2020-04-16,8.479999542236328
2020-04-17,8.920000076293945
2020-04-20,8.5600004196167
2020-04-21,8.300000190734863
2020-04-22,8.329999923706055
2020-04-23,8.640000343322754
2020-04-24,8.600000381469727
2020-04-27,9.300000190734863
2020-04-28,10.149999618530273
2020-04-29,11.1899995803833
2020-04-30,10.90999984741211
2020-05-01,10.600000381469727
2020-05-04,10.399999618530273
2020-05-05,10.380000114440918
2020-05-06,9.819999694824219
2020-05-07,10.050000190734863
2020-05-08,10.899999618530273
2020-05-11,10.09000015258789
2020-05-12,9.380000114440918
2020-05-13,8.760000228881836
2020-05-14,9.220000267028809
2020-05-15,9.149999618530273
2020-05-18,10.40999984741211
2020-05-19,10.460000038146973
2020-05-20,10.960000038146973
2020-05-21,11.260000228881836
2020-05-22,11.329999923706055
2020-05-26,12.239999771118164
2020-05-27,12.430000305175781
2020-05-28,11.710000038146973
2020-05-29,11.109999656677246
2020-06-01,11.979999542236328
2020-06-02,12.479999542236328
2020-06-03,13.899999618530273
2020-06-04,14.3100004196167
2020-06-05,15.220000267028809
2020-06-08,15.6899995803833
2020-06-09,14.920000076293945
2020-06-10,14.0600004196167
2020-06-11,12.550000190734863
2020-06-12,13.760000228881836
2020-06-15,13.619999885559082
2020-06-16,14.130000114440918
2020-06-17,13.329999923706055
2020-06-18,13.329999923706055
2020-06-19,12.720000267028809
2020-06-22,13.0600004196167
2020-06-23,13.050000190734863
2020-06-24,12.8100004196167
2020-06-25,12.75
2020-06-26,12.520000457763672
2020-06-29,12.720000267028809
2020-06-30,12.84000015258789
2020-07-01,12.90999984741211
2020-07-02,12.760000228881836
2020-07-06,12.930000305175781
2020-07-07,12.149999618530273
2020-07-08,12.149999618530273
2020-07-09,11.84000015258789
2020-07-10,12.100000381469727
2020-07-13,11.800000190734863
2020-07-14,11.5
2020-07-15,12.020000457763672
2020-07-16,11.84000015258789
2020-07-17,11.619999885559082
2020-07-20,11.25
2020-07-21,11.210000038146973
2020-07-22,11.289999961853027
2020-07-23,11.09000015258789
2020-07-24,10.75
2020-07-27,10.710000038146973
2020-07-28,11.119999885559082
2020-07-29,11.329999923706055
2020-07-30,11.229999542236328
2020-07-31,11.149999618530273
2020-08-03,11.09000015258789
2020-08-04,11.539999961853027
2020-08-05,11.319999694824219
2020-08-06,11.4399995803833
2020-08-07,11.930000305175781
2020-08-10,12.069999694824219
2020-08-11,12.460000038146973
2020-08-12,12.390000343322754
2020-08-13,12.010000228881836
2020-08-14,11.979999542236328
2020-08-17,12
2020-08-18,11.75
2020-08-19,11.430000305175781
2020-08-20,11.550000190734863
2020-08-21,11.430000305175781
2020-08-24,11.850000381469727
2020-08-25,11.819999694824219
2020-08-26,11.569999694824219
2020-08-27,11.880000114440918
2020-08-28,12.069999694824219
2020-08-31,11.989999771118164
2020-09-01,12.210000038146973
2020-09-02,12.359999656677246
2020-09-03,12.510000228881836
2020-09-04,12.65999984741211
2020-09-08,12.260000228881836
2020-09-09,12.09000015258789
2020-09-10,12.130000114440918
2020-09-11,11.65999984741211
2020-09-14,12.369999885559082
2020-09-15,12.970000267028809
2020-09-16,13.0600004196167
2020-09-17,12.850000381469727
2020-09-18,12.199999809265137
2020-09-21,11.550000190734863
2020-09-22,11.350000381469727
2020-09-23,10.789999961853027
2020-09-24,10.899999618530273
2020-09-25,11.220000267028809
2020-09-28,11.5600004196167
2020-09-29,11.279999732971191
2020-09-30,11.260000228881836
2020-10-01,11.609999656677246
2020-10-02,11.899999618530273
2020-10-05,11.949999809265137
2020-10-06,11.949999809265137
2020-10-07,11.760000228881836
2020-10-08,12.020000457763672
2020-10-09,11.619999885559082
2020-10-12,11.609999656677246
2020-10-13,11.069999694824219
2020-10-14,10.970000267028809
2020-10-15,11.109999656677246
2020-10-16,11.020000457763672
2020-10-19,10.930000305175781
2020-10-20,11.100000381469727
2020-10-21,11.0600004196167
2020-10-22,11.460000038146973
2020-10-23,11.5
2020-10-26,11.109999656677246
2020-10-27,10.59000015258789
2020-10-28,10.220000267028809
2020-10-29,10.420000076293945
2020-10-30,10.260000228881836
2020-11-02,10.449999809265137
2020-11-03,11.020000457763672
2020-11-04,10.729999542236328
2020-11-05,10.59000015258789
2020-11-06,10.260000228881836
2020-11-09,13.569999694824219
2020-11-10,14.140000343322754
2020-11-11,14.140000343322754
2020-11-12,13.550000190734863
2020-11-13,14.220000267028809
2020-11-16,15.229999542236328
2020-11-17,15.069999694824219
2020-11-18,14.550000190734863
2020-11-19,14.979999542236328
2020-11-20,14.949999809265137
2020-11-23,15.609999656677246
2020-11-24,15.430000305175781
2020-11-25,15.270000457763672
2020-11-27,15.069999694824219
2020-11-30,14.4399995803833
2020-12-01,14.800000190734863
2020-12-02,15.079999923706055
2020-12-03,15.1899995803833
2020-12-04,15.609999656677246
2020-12-07,15.100000381469727
2020-12-08,14.819999694824219
2020-12-09,14.930000305175781
2020-12-10,14.819999694824219
2020-12-11,14.75
2020-12-14,14.430000305175781
2020-12-15,15.260000228881836
2020-12-16,14.979999542236328
2020-12-17,15.079999923706055
2020-12-18,14.619999885559082
2020-12-21,14.430000305175781
2020-12-22,14.390000343322754
2020-12-23,14.390000343322754
2020-12-24,14.520000457763672
2020-12-28,14.710000038146973
2020-12-29,14.5
2020-12-30,14.800000190734863
2020-12-31,15.010000228881836
2021-01-04,14.329999923706055
2021-01-05,14.40999984741211
2021-01-06,15.180000305175781
2021-01-07,15.25
2021-01-08,15.4399995803833
2021-01-11,15.220000267028809
2021-01-12,15.5
2021-01-13,15.920000076293945
2021-01-14,16.389999389648438
2021-01-15,16.469999313354492
2021-01-19,16.530000686645508
2021-01-20,16.84000015258789
2021-01-21,16.579999923706055
2021-01-22,16.65999984741211
2021-01-25,17.040000915527344
2021-01-26,17.270000457763672
2021-01-27,17.270000457763672
2021-01-28,17.5
2021-01-29,16.510000228881836
2021-02-01,16.350000381469727
2021-02-02,16.290000915527344
2021-02-03,16.299999237060547
2021-02-04,16.700000762939453
2021-02-05,16.719999313354492
2021-02-08,17.049999237060547
2021-02-09,17.190000534057617
2021-02-10,17.6299991607666
2021-02-11,17.950000762939453
2021-02-12,18.030000686645508
2021-02-16,17.6299991607666
2021-02-17,17.809999465942383
2021-02-18,17.8700008392334
2021-02-19,17.670000076293945
2021-02-22,18.200000762939453
2021-02-23,18.549999237060547
2021-02-24,19.149999618530273
2021-02-25,18.6200008392334
2021-02-26,18.329999923706055
2021-03-01,18.56999969482422
2021-03-02,18.149999618530273
2021-03-03,18.739999771118164
2021-03-04,18.6299991607666
2021-03-05,19.020000457763672
2021-03-08,19.600000381469727
2021-03-09,19.1299991607666
2021-03-10,19.239999771118164
2021-03-11,19.350000381469727
2021-03-12,19.690000534057617
2021-03-15,19.719999313354492
2021-03-16,19.100000381469727
2021-03-17,19.3799991607666
2021-03-18,19.1200008392334
2021-03-19,18.81999969482422
2021-03-22,18.489999771118164
2021-03-23,18.06999969482422
2021-03-24,18.260000228881836
2021-03-25,19.010000228881836
2021-03-26,19.209999084472656
2021-03-29,18.8799991607666
2021-03-30,19.200000762939453
2021-03-31,18.75
2021-04-01,19.200000762939453
2021-04-05,19.049999237060547
2021-04-06,19.399999618530273
2021-04-07,19.399999618530273
2021-04-08,19.420000076293945
2021-04-09,19.399999618530273
2021-04-12,19.450000762939453
2021-04-13,19.670000076293945
2021-04-14,19.479999542236328
2021-04-15,19.93000030517578
2021-04-16,19.719999313354492
2021-04-19,19.8700008392334
2021-04-20,19.790000915527344
2021-04-21,20.18000030517578
2021-04-22,20.030000686645508
2021-04-23,20.3700008392334
2021-04-26,20.579999923706055
2021-04-27,20.760000228881836
2021-04-28,20.889999389648438
2021-04-29,21.219999313354492
2021-04-30,21
2021-05-03,21.030000686645508
2021-05-04,21.09000015258789
2021-05-05,20.56999969482422
2021-05-06,20.940000534057617
2021-05-07,21.459999084472656
2021-05-10,21.43000030517578
2021-05-11,21.079999923706055
2021-05-12,20.459999084472656
2021-05-13,20.860000610351563
2021-05-14,21.229999542236328
2021-05-17,21.110000610351563
2021-05-18,20.780000686645508
2021-05-19,20.489999771118164
2021-05-20,20.25
2021-05-21,20.3700008392334
2021-05-24,20.6299991607666
2021-05-25,20.530000686645508
2021-05-26,20.760000228881836
2021-05-27,20.969999313354492
2021-05-28,21.309999465942383
2021-06-01,21.799999237060547
2021-06-02,22.239999771118164
2021-06-03,22.170000076293945
2021-06-04,21.75
2021-06-07,22.079999923706055
2021-06-08,22.15999984741211
2021-06-09,22.15999984741211
2021-06-10,21.979999542236328
2021-06-11,22.100000381469727
2021-06-14,21.719999313354492
2021-06-15,21.3700008392334
2021-06-16,21.25
2021-06-17,20.799999237060547
2021-06-18,20.329999923706055
2021-06-21,21.020000457763672
2021-06-22,20.559999465942383
2021-06-23,20.709999084472656
2021-06-24,20.65999984741211
2021-06-25,21.079999923706055
2021-06-28,20.84000015258789
2021-06-29,20.799999237060547
2021-06-30,20.850000381469727
2021-07-01,21.079999923706055
2021-07-02,20.889999389648438
2021-07-06,20.670000076293945
2021-07-07,20.760000228881836
2021-07-08,20.5
2021-07-09,21.209999084472656
2021-07-12,21.420000076293945
2021-07-13,20.969999313354492
2021-07-14,21.389999389648438
2021-07-15,21.190000534057617
2021-07-16,21.1200008392334
2021-07-19,19.56999969482422
2021-07-20,20.84000015258789
2021-07-21,21.25
2021-07-22,20.59000015258789
2021-07-23,20.809999465942383
2021-07-26,20.81999969482422
2021-07-27,20.719999313354492
2021-07-28,20.770000457763672
2021-07-29,21.229999542236328
2021-07-30,21.329999923706055
2021-08-02,21.290000915527344
2021-08-03,20.780000686645508
2021-08-04,20.540000915527344
2021-08-05,21.40999984741211
2021-08-06,21.850000381469727
2021-08-09,21.75
2021-08-10,21.729999542236328
2021-08-11,22.299999237060547
2021-08-12,21.969999313354492
2021-08-13,22.040000915527344
2021-08-16,21.6299991607666
2021-08-17,21.360000610351563
2021-08-18,21.1200008392334
2021-08-19,21.06999969482422
2021-08-20,21.31999969482422
2021-08-23,21.3799991607666
2021-08-24,21.6299991607666
2021-08-25,22
2021-08-26,21.6200008392334
2021-08-27,21.920000076293945
2021-08-30,21.829999923706055
2021-08-31,21.790000915527344
2021-09-01,22.030000686645508
2021-09-02,22.079999923706055
2021-09-03,22.1299991607666
2021-09-07,21.809999465942383
2021-09-08,21.68000030517578
2021-09-09,21.43000030517578
2021-09-10,21.1200008392334
2021-09-13,21.90999984741211
2021-09-14,21.729999542236328
2021-09-15,21.8799991607666
2021-09-16,22.079999923706055
2021-09-17,21.719999313354492
2021-09-20,21.389999389648438
2021-09-21,21.420000076293945
2021-09-22,21.84000015258789
2021-09-23,21.860000610351563
2021-09-24,21.600000381469727
2021-09-27,21.530000686645508
2021-09-28,21.329999923706055
2021-09-29,21.450000762939453
2021-09-30,20.75
2021-10-01,21.739999771118164
2021-10-04,21.770000457763672
2021-10-05,21.479999542236328
2021-10-06,21.6299991607666
2021-10-07,21.809999465942383
2021-10-08,21.719999313354492
2021-10-11,21.81999969482422
2021-10-12,22.079999923706055
2021-10-13,22.360000610351563
2021-10-14,22.389999389648438
2021-10-15,22.510000228881836
2021-10-18,22.93000030517578
2021-10-19,22.639999389648438
2021-10-20,23.239999771118164
2021-10-21,22.860000610351563
2021-10-22,22.959999084472656
2021-10-25,23.200000762939453
2021-10-26,23.280000686645508
2021-10-27,22.68000030517578
2021-10-28,22.739999771118164
2021-10-29,22.600000381469727
2021-11-01,22.889999389648438
2021-11-02,23.450000762939453
2021-11-03,24.010000228881836
2021-11-04,23.40999984741211
2021-11-05,24.34000015258789
2021-11-08,23.31999969482422
2021-11-09,23.25
2021-11-10,23.40999984741211
2021-11-11,23.799999237060547
2021-11-12,23.540000915527344
2021-11-15,23.8700008392334
2021-11-16,23.56999969482422
2021-11-17,23.829999923706055
2021-11-18,24.079999923706055
2021-11-19,23.8700008392334
2021-11-22,24.139999389648438
2021-11-23,24.18000030517578
2021-11-24,24.3799991607666
2021-11-26,23.239999771118164
2021-11-29,23.280000686645508
2021-11-30,22.420000076293945
2021-12-01,22
2021-12-02,23.1299991607666
2021-12-03,22.860000610351563
2021-12-06,23.399999618530273
2021-12-07,23.610000610351563
2021-12-08,23.649999618530273
2021-12-09,23.190000534057617
2021-12-10,22.959999084472656
2021-12-13,22.959999084472656
2021-12-14,22.639999389648438
2021-12-15,22.809999465942383
2021-12-16,22.75
2021-12-17,22.81999969482422
2021-12-20,22.25
2021-12-21,23.389999389648438
2021-12-22,23.549999237060547
2021-12-23,23.690000534057617
2021-12-27,24.030000686645508
2021-12-28,24.100000381469727
2021-12-29,24.25
2021-12-30,24.520000457763672
2021-12-31,24.649999618530273
2022-01-03,24.579999923706055
2022-01-04,25.229999542236328
2022-01-05,24.760000228881836
2022-01-06,24.920000076293945
2022-01-07,24.75
2022-01-10,25.1299991607666
2022-01-11,25.040000915527344
2022-01-12,25.1200008392334
2022-01-13,25.229999542236328
2022-01-14,25.010000228881836
2022-01-18,24.850000381469727
2022-01-19,24.219999313354492
2022-01-20,23.65999984741211
2022-01-21,23.690000534057617
2022-01-24,23.770000457763672
2022-01-25,24.229999542236328
2022-01-26,24.030000686645508
2022-01-27,23.399999618530273
2022-01-28,24.200000762939453
2022-01-31,24.260000228881836
2022-02-01,24.15999984741211
2022-02-02,24.530000686645508
2022-02-03,24.040000915527344
2022-02-04,23.829999923706055
2022-02-07,23.799999237060547
2022-02-08,24.1200008392334
2022-02-09,24.700000762939453
2022-02-10,24.139999389648438
2022-02-11,23.950000762939453
2022-02-14,23.299999237060547
2022-02-15,23.729999542236328
2022-02-16,24.270000457763672
2022-02-17,23.8799991607666
2022-02-18,23.799999237060547
2022-02-22,23.670000076293945
2022-02-23,23.18000030517578
2022-02-24,23.81999969482422
2022-02-25,24.420000076293945
2022-02-28,23.530000686645508
2022-03-01,22.920000076293945
2022-03-02,23.770000457763672
2022-03-03,23.8799991607666
2022-03-04,23.729999542236328
2022-03-07,23.170000076293945
2022-03-08,23.68000030517578
2022-03-09,23.93000030517578
2022-03-10,23.850000381469727
2022-03-11,23.709999084472656
2022-03-14,23.25
2022-03-15,23.649999618530273
2022-03-16,23.8700008392334
2022-03-17,23.8799991607666
2022-03-18,24.020000457763672
2022-03-21,23.950000762939453
2022-03-22,24.40999984741211
2022-03-23,24.020000457763672
2022-03-24,24.09000015258789
2022-03-25,24.3799991607666
2022-03-28,24.3799991607666
2022-03-29,25.360000610351563
2022-03-30,25
2022-03-31,24.700000762939453
2022-04-01,24.790000915527344
2022-04-04,24.610000610351563
2022-04-05,24.149999618530273
2022-04-06,24.170000076293945
2022-04-07,24.030000686645508
2022-04-08,24.350000381469727
2022-04-11,24.469999313354492
2022-04-12,24.40999984741211
2022-04-13,25.049999237060547
2022-04-14,25.1299991607666
2022-04-18,25.110000610351563
2022-04-19,25.799999237060547
2022-04-20,26.219999313354492
2022-04-21,25.959999084472656
2022-04-22,25.440000534057617
2022-04-25,25.6200008392334
2022-04-26,25.18000030517578
2022-04-27,25.239999771118164
2022-04-28,26.350000381469727
2022-04-29,25.329999923706055
2022-05-02,24.6200008392334
2022-05-03,25.049999237060547
2022-05-04,25.309999465942383
2022-05-05,24.200000762939453
2022-05-06,23.989999771118164
2022-05-09,23.350000381469727
2022-05-10,22.729999542236328
2022-05-11,22.190000534057617
2022-05-12,22.5
2022-05-13,23.25
2022-05-16,23.239999771118164
2022-05-17,24.09000015258789
2022-05-18,22.979999542236328
2022-05-19,22.56999969482422
2022-05-20,22.010000228881836
2022-05-23,22.09000015258789
2022-05-24,22.479999542236328
2022-05-25,22.770000457763672
2022-05-26,23.1299991607666
2022-05-27,23.739999771118164
2022-05-31,23.649999618530273
2022-06-01,22.940000534057617
2022-06-02,23.31999969482422
2022-06-03,22.950000762939453
2022-06-06,22.639999389648438
2022-06-07,23.030000686645508
2022-06-08,22.200000762939453
2022-06-09,21.329999923706055
2022-06-10,20.649999618530273
2022-06-13,19.479999542236328
2022-06-14,19.200000762939453
2022-06-15,19.309999465942383
2022-06-16,18.75
2022-06-17,18.940000534057617
2022-06-21,19.020000457763672
2022-06-22,19.020000457763672
2022-06-23,19.559999465942383
2022-06-24,20.139999389648438
2022-06-27,20.299999237060547
2022-06-28,20.3700008392334
2022-06-29,20.18000030517578
2022-06-30,19.770000457763672
2022-07-01,20.209999084472656
2022-07-05,20.110000610351563
2022-07-06,19.90999984741211
2022-07-07,20.049999237060547
2022-07-08,19.81999969482422
2022-07-11,19.81999969482422
2022-07-12,20.190000534057617
2022-07-13,19.8799991607666
2022-07-14,19.479999542236328
2022-07-15,20.1200008392334
2022-07-18,20.360000610351563
2022-07-19,21.010000228881836
2022-07-20,21.40999984741211
2022-07-21,21.40999984741211
2022-07-22,21.450000762939453
2022-07-25,21.510000228881836
2022-07-26,21.170000076293945
2022-07-27,21.5
2022-07-28,21.860000610351563
2022-07-29,22.110000610351563
2022-08-01,21.690000534057617
2022-08-02,21.3700008392334
2022-08-03,21.43000030517578
2022-08-04,21.34000015258789
2022-08-05,21.40999984741211
2022-08-08,21.8700008392334
2022-08-09,22.040000915527344
2022-08-10,22.6200008392334
2022-08-11,22.850000381469727
2022-08-12,23.350000381469727
2022-08-15,23.610000610351563
2022-08-16,23.729999542236328
2022-08-17,23.389999389648438
2022-08-18,23.3799991607666
2022-08-19,22.729999542236328
2022-08-22,22
2022-08-23,21.979999542236328
2022-08-24,22.100000381469727
2022-08-25,22.440000534057617
2022-08-26,21.719999313354492
2022-08-29,21.43000030517578
2022-08-30,21.440000534057617
2022-08-31,21.079999923706055
2022-09-01,21.299999237060547
2022-09-02,21.229999542236328
2022-09-06,21.290000915527344
2022-09-07,21.75
2022-09-08,21.65999984741211
2022-09-09,22.010000228881836
2022-09-12,22.299999237060547
2022-09-13,21.280000686645508
2022-09-14,20.81999969482422
2022-09-15,20.68000030517578
2022-09-16,20.739999771118164
2022-09-19,20.860000610351563
2022-09-20,20.25
2022-09-21,19.799999237060547
2022-09-22,19.170000076293945
2022-09-23,18.809999465942383
2022-09-26,18.040000915527344
2022-09-27,18.15999984741211
2022-09-28,18.639999389648438
2022-09-29,18.079999923706055
2022-09-30,18.40999984741211
2022-10-03,18.739999771118164
2022-10-04,19.34000015258789
2022-10-05,19.299999237060547
2022-10-06,19.15999984741211
2022-10-07,18.6299991607666
2022-10-10,18.639999389648438
2022-10-11,18.8799991607666
2022-10-12,18.8700008392334
2022-10-13,19.34000015258789
2022-10-14,18.959999084472656
2022-10-17,19.280000686645508
2022-10-18,19.670000076293945
2022-10-19,19.100000381469727
2022-10-20,19.219999313354492
2022-10-21,19.690000534057617
2022-10-24,19.899999618530273
2022-10-25,20.5
2022-10-26,20.5
2022-10-27,20.700000762939453
2022-10-28,21.110000610351563
2022-10-31,21.3799991607666
2022-11-01,21.520000457763672
2022-11-02,20.829999923706055
2022-11-03,20.75
2022-11-04,21.420000076293945
2022-11-07,21.489999771118164
2022-11-08,21.110000610351563
2022-11-09,20.770000457763672
2022-11-10,22.309999465942383
2022-11-11,22.18000030517578
2022-11-14,21.809999465942383
2022-11-15,22.09000015258789
2022-11-16,21.729999542236328
2022-11-17,22.010000228881836
2022-11-18,22.149999618530273
2022-11-21,22.229999542236328
2022-11-22,22.760000228881836
2022-11-23,22.6299991607666
2022-11-25,22.719999313354492
2022-11-28,22.06999969482422
2022-11-29,22.719999313354492
2022-11-30,22.920000076293945
2022-12-01,22.649999618530273
2022-12-02,22.610000610351563
2022-12-05,22.110000610351563
2022-12-06,22.09000015258789
2022-12-07,21.989999771118164
2022-12-08,21.75
2022-12-09,21.709999084472656
2022-12-12,21.81999969482422
2022-12-13,21.950000762939453
2022-12-14,22.010000228881836
2022-12-15,21.530000686645508
2022-12-16,21.229999542236328
2022-12-19,20.979999542236328
2022-12-20,20.920000076293945
2022-12-21,21.100000381469727
2022-12-22,20.899999618530273
2022-12-23,21.270000457763672
2022-12-27,21.299999237060547
2022-12-28,20.8799991607666
2022-12-29,21.15999984741211
2022-12-30,21.18000030517578
2023-01-03,21.239999771118164
2023-01-04,21.649999618530273
2023-01-05,20.969999313354492
2023-01-06,21.530000686645508
2023-01-09,21.09000015258789
2023-01-10,20.3799991607666
2023-01-11,21.030000686645508
2023-01-12,21.700000762939453
2023-01-13,21.350000381469727
2023-01-17,21.950000762939453
2023-01-18,21.350000381469727
2023-01-19,21.139999389648438
2023-01-20,21.440000534057617
2023-01-23,21.860000610351563
2023-01-24,21.940000534057617
2023-01-25,22.09000015258789
2023-01-26,22.1200008392334
2023-01-27,22.649999618530273
2023-01-30,22.110000610351563
2023-01-31,22.459999084472656
2023-02-01,22.530000686645508
2023-02-02,23.06999969482422
2023-02-03,22.530000686645508
2023-02-06,22.290000915527344
2023-02-07,22.360000610351563
2023-02-08,22.15999984741211
2023-02-09,21.40999984741211
2023-02-10,21.670000076293945
2023-02-13,21.799999237060547
2023-02-14,21.420000076293945
2023-02-15,21.299999237060547
2023-02-16,21.1200008392334
2023-02-17,21.149999618530273
2023-02-21,20.450000762939453
2023-02-22,20.3799991607666
2023-02-23,20.600000381469727
2023-02-24,20.639999389648438
2023-02-27,20.6299991607666
2023-02-28,20.610000610351563
2023-03-01,20.5
2023-03-02,20.450000762939453
2023-03-03,20.65999984741211
2023-03-06,20.479999542236328
2023-03-07,19.709999084472656
2023-03-08,20
2023-03-09,19.579999923706055
2023-03-10,18.780000686645508
2023-03-13,18.959999084472656
2023-03-14,19.200000762939453
2023-03-15,18.670000076293945
2023-03-16,18.350000381469727
2023-03-17,17.670000076293945
2023-03-20,18.100000381469727
2023-03-21,18.219999313354492
2023-03-22,17.56999969482422
2023-03-23,17.510000228881836
2023-03-24,18.010000228881836
2023-03-27,18.170000076293945
2023-03-28,18.229999542236328
2023-03-29,18.600000381469727
2023-03-30,18.809999465942383
2023-03-31,19.530000686645508
2023-04-03,19.469999313354492
2023-04-04,19.34000015258789
2023-04-05,19.1200008392334
2023-04-06,19.06999969482422
2023-04-10,19.190000534057617
2023-04-11,19.290000915527344
2023-04-12,18.969999313354492
2023-04-13,18.829999923706055
2023-04-14,18.700000762939453
2023-04-17,19.1200008392334
2023-04-18,19.100000381469727
2023-04-19,19.200000762939453
2023-04-20,19.030000686645508
2023-04-21,19.18000030517578
2023-04-24,18.81999969482422
2023-04-25,18.860000610351563
2023-04-26,18.65999984741211
2023-04-27,18.989999771118164
2023-04-28,19.190000534057617
2023-05-01,18.850000381469727
2023-05-02,18.530000686645508
2023-05-03,18.450000762939453
2023-05-04,18.440000534057617
2023-05-05,18.809999465942383
2023-05-08,18.5
2023-05-09,18.15999984741211
2023-05-10,18.1299991607666
2023-05-11,18
2023-05-12,18.270000457763672
2023-05-15,18.690000534057617
2023-05-16,18.059999465942383
2023-05-17,18.559999465942383
2023-05-18,18.3799991607666
2023-05-19,18.31999969482422
2023-05-22,18.780000686645508
2023-05-23,18.420000076293945
2023-05-24,18.030000686645508
2023-05-25,17.889999389648438
2023-05-26,18.06999969482422
2023-05-30,18.149999618530273
2023-05-31,18.3799991607666
2023-06-01,18.209999084472656
2023-06-02,18.760000228881836
2023-06-05,18.700000762939453
2023-06-06,18.950000762939453
2023-06-07,19.40999984741211
2023-06-08,19.219999313354492
2023-06-09,19.399999618530273
2023-06-12,19.3700008392334
2023-06-13,19.270000457763672
2023-06-14,19.299999237060547
2023-06-15,19.3799991607666
2023-06-16,19.450000762939453
2023-06-20,19.229999542236328
2023-06-21,19.100000381469727
2023-06-22,18.850000381469727
2023-06-23,18.420000076293945
2023-06-26,19.040000915527344
2023-06-27,19.3799991607666
2023-06-28,19.309999465942383
2023-06-29,19.700000762939453
2023-06-30,19.719999313354492
2023-07-03,20.1200008392334
2023-07-05,20.200000762939453
2023-07-06,20.229999542236328
2023-07-07,19.899999618530273
2023-07-10,19.790000915527344
2023-07-11,20.280000686645508
2023-07-12,20.450000762939453
2023-07-13,20.670000076293945
2023-07-14,20.510000228881836
2023-07-17,20.639999389648438
2023-07-18,20.510000228881836
2023-07-19,20.860000610351563
2023-07-20,20.8700008392334
2023-07-21,20.920000076293945
2023-07-24,20.959999084472656
2023-07-25,20.600000381469727
2023-07-26,20.729999542236328
2023-07-27,20.170000076293945
2023-07-28,20.18000030517578
2023-07-31,20.260000228881836
2023-08-01,20.170000076293945
2023-08-02,20.200000762939453
2023-08-03,20.079999923706055
2023-08-04,20
2023-08-07,20.1299991607666
2023-08-08,19.979999542236328
2023-08-09,20.3799991607666
2023-08-10,20.360000610351563
2023-08-11,20.3700008392334
2023-08-14,20.209999084472656
2023-08-15,19.809999465942383
2023-08-16,19.229999542236328
2023-08-17,18.950000762939453
2023-08-18,19.09000015258789
2023-08-21,18.760000228881836
2023-08-22,18.579999923706055
2023-08-23,18.899999618530273
2023-08-24,18.719999313354492
2023-08-25,18.75
2023-08-28,18.770000457763672
2023-08-29,18.850000381469727
2023-08-30,18.989999771118164
2023-08-31,18.940000534057617
2023-09-01,18.8799991607666
2023-09-05,18.530000686645508
2023-09-06,18.6200008392334
2023-09-07,18.559999465942383
2023-09-08,18.579999923706055
2023-09-11,18.56999969482422
2023-09-12,18.760000228881836
2023-09-13,18.56999969482422
2023-09-14,19.059999465942383
2023-09-15,18.8799991607666
2023-09-18,18.610000610351563
2023-09-19,18.489999771118164
2023-09-20,18.450000762939453
2023-09-21,17.969999313354492
2023-09-22,17.690000534057617
2023-09-25,17.690000534057617
2023-09-26,17.440000534057617
2023-09-27,17.489999771118164
2023-09-28,17.6299991607666
2023-09-29,17.59000015258789
2023-10-02,17.100000381469727
2023-10-03,16.690000534057617
2023-10-04,16.8799991607666
2023-10-05,16.90999984741211
2023-10-06,16.520000457763672
2023-10-09,16.719999313354492
2023-10-10,17.040000915527344
2023-10-11,17.399999618530273
2023-10-12,17.229999542236328
2023-10-13,17.09000015258789
2023-10-16,17.219999313354492
2023-10-17,17.6200008392334
2023-10-18,17.219999313354492
2023-10-19,16.8799991607666
2023-10-20,16.700000762939453
2023-10-23,16.479999542236328
2023-10-24,16.81999969482422
2023-10-25,16.3799991607666
2023-10-26,17.209999084472656
2023-10-27,16.8700008392334
2023-10-30,17.280000686645508
2023-10-31,17.940000534057617
2023-11-01,18.100000381469727
2023-11-02,18.530000686645508
2023-11-03,18.75
2023-11-06,18.559999465942383
2023-11-07,18.209999084472656
2023-11-08,18.229999542236328
2023-11-09,17.700000762939453
2023-11-10,17.899999618530273
2023-11-13,17.579999923706055
2023-11-14,18.899999618530273
2023-11-15,18.950000762939453
2023-11-16,18.780000686645508
2023-11-17,18.799999237060547
2023-11-20,18.81999969482422
2023-11-21,18.610000610351563
2023-11-22,18.75
2023-11-24,18.709999084472656
2023-11-27,18.889999389648438
2023-11-28,18.969999313354492
2023-11-29,19.020000457763672
2023-11-30,19.31999969482422
2023-12-01,20.049999237060547
2023-12-04,20.549999237060547
2023-12-05,20.540000915527344
2023-12-06,20.18000030517578
2023-12-07,20.1299991607666
2023-12-08,20.239999771118164
2023-12-11,20.350000381469727
2023-12-12,20.270000457763672
2023-12-13,21.469999313354492
2023-12-14,22.59000015258789
2023-12-15,22.329999923706055
2023-12-18,21.899999618530273
2023-12-19,22.100000381469727
2023-12-20,21.739999771118164
2023-12-21,21.84000015258789
2023-12-22,21.760000228881836
2023-12-26,21.860000610351563
2023-12-27,21.770000457763672
2023-12-28,21.799999237060547
2023-12-29,21.309999465942383
2024-01-02,21.280000686645508
2024-01-03,20.719999313354492
2024-01-04,20.81999969482422
2024-01-05,20.850000381469727
2024-01-08,20.8799991607666
2024-01-09,20.739999771118164
2024-01-10,20.959999084472656
2024-01-11,20.530000686645508
2024-01-12,20.6200008392334
2024-01-16,20.25
2024-01-17,19.979999542236328
2024-01-18,19.790000915527344
2024-01-19,20.15999984741211
2024-01-22,20.31999969482422
2024-01-23,20.34000015258789
2024-01-24,20.209999084472656
2024-01-25,20.8700008392334
2024-01-26,20.540000915527344
2024-01-29,20.530000686645508
2024-01-30,20.469999313354492
2024-01-31,20.200000762939453
2024-02-01,20.520000457763672
2024-02-02,20.18000030517578
2024-02-05,19.739999771118164
2024-02-06,20.25
2024-02-07,20.170000076293945
2024-02-08,20.020000457763672
2024-02-09,20.079999923706055
2024-02-12,19.809999465942383
2024-02-13,19.5
2024-02-14,19.469999313354492
2024-02-15,19.770000457763672
2024-02-16,19.6299991607666
2024-02-20,19.639999389648438
2024-02-21,19.780000686645508
2024-02-22,19.809999465942383
2024-02-23,19.540000915527344
2024-02-26,19.280000686645508
2024-02-27,19.559999465942383
2024-02-28,19.6299991607666
2024-02-29,19.760000228881836
2024-03-01,19.729999542236328
2024-03-04,19.6200008392334
2024-03-05,19.68000030517578
2024-03-06,19.299999237060547
2024-03-07,19.360000610351563
2024-03-08,19.489999771118164
2024-03-11,19.40999984741211
2024-03-12,19.350000381469727
2024-03-13,19.3700008392334
2024-03-14,18.799999237060547
2024-03-15,18.8799991607666
2024-03-18,19.110000610351563
2024-03-19,19.100000381469727
2024-03-20,19.440000534057617
2024-03-21,19.729999542236328
2024-03-22,19.09000015258789
2024-03-25,18.84000015258789
2024-03-26,18.809999465942383
2024-03-27,19.360000610351563
2024-03-28,19.610000610351563
2024-04-01,19.09000015258789
2024-04-02,18.889999389648438
2024-04-03,18.760000228881836
2024-04-04,18.600000381469727
2024-04-05,18.510000228881836
2024-04-08,18.65999984741211
2024-04-09,18.950000762939453
2024-04-10,17.969999313354492
2024-04-11,17.940000534057617
2024-04-12,18.100000381469727
2024-04-15,18.040000915527344
2024-04-16,17.610000610351563
2024-04-17,17.600000381469727
2024-04-18,17.739999771118164
2024-04-19,18.200000762939453
2024-04-22,18.600000381469727
2024-04-23,18.6299991607666
2024-04-24,18.530000686645508
2024-04-25,18.420000076293945
2024-04-26,18.3799991607666
2024-04-29,18.809999465942383
2024-04-30,18.6299991607666
2024-05-01,18.5
2024-05-02,18.959999084472656
2024-05-03,19.100000381469727
2024-05-06,19.010000228881836
2024-05-07,18.989999771118164
2024-05-08,18.920000076293945
2024-05-09,19.040000915527344
2024-05-10,18.979999542236328
2024-05-13,19.149999618530273
2024-05-14,19.209999084472656
2024-05-15,19.34000015258789
2024-05-16,19.100000381469727
2024-05-17,19.219999313354492
2024-05-20,18.90999984741211
2024-05-21,19.020000457763672
2024-05-22,19
2024-05-23,18.56999969482422
2024-05-24,18.469999313354492
2024-05-28,18.229999542236328
2024-05-29,18.280000686645508
2024-05-30,18.850000381469727
2024-05-31,19.360000610351563
2024-06-03,19.530000686645508
2024-06-04,19.280000686645508
2024-06-05,19.290000915527344
2024-06-06,19.010000228881836
2024-06-07,18.790000915527344
2024-06-10,18.540000915527344
2024-06-11,18.299999237060547
2024-06-12,18.530000686645508
2024-06-13,18.719999313354492
2024-06-14,18.75
2024-06-17,18.68000030517578
2024-06-18,18.799999237060547
2024-06-20,18.889999389648438
2024-06-21,18.979999542236328
2024-06-24,19.139999389648438
2024-06-25,18.760000228881836
2024-06-26,18.770000457763672
2024-06-27,19.09000015258789
2024-06-28,19.459999084472656
2024-07-01,19.270000457763672
2024-07-02,19.40999984741211
2024-07-03,19.270000457763672
2024-07-05,19.280000686645508
2024-07-08,19.260000228881836
2024-07-09,19.239999771118164
2024-07-10,19.719999313354492
2024-07-11,20.290000915527344
2024-07-12,20.579999923706055
2024-07-15,20.959999084472656
2024-07-16,21.190000534057617
2024-07-17,21.56999969482422
2024-07-18,21.290000915527344
2024-07-19,21.239999771118164
2024-07-22,21.469999313354492
2024-07-23,21.350000381469727
2024-07-24,20.899999618530273
2024-07-25,20.739999771118164
2024-07-26,21.190000534057617
2024-07-29,21.389999389648438
2024-07-30,22.030000686645508
2024-07-31,21.729999542236328
2024-08-01,22.010000228881836
2024-08-02,21.93000030517578
2024-08-05,21.149999618530273
2024-08-06,21.739999771118164
2024-08-07,21.510000228881836
2024-08-08,21.790000915527344
2024-08-09,21.84000015258789
2024-08-12,21.75
2024-08-13,21.860000610351563
2024-08-14,22.020000457763672
2024-08-15,22.270000457763672
2024-08-16,22.290000915527344
2024-08-19,22.299999237060547
2024-08-20,22.489999771118164
2024-08-21,22.799999237060547
2024-08-22,22.81999969482422
2024-08-23,23.229999542236328
2024-08-26,23.389999389648438
2024-08-27,23.15999984741211
2024-08-28,23.15999984741211
2024-08-29,23.010000228881836
2024-08-30,23.260000228881836
2024-09-03,23.229999542236328
2024-09-04,23.350000381469727
2024-09-05,23.110000610351563
2024-09-06,22.989999771118164
2024-09-09,23.290000915527344
2024-09-10,23.3700008392334
2024-09-11,23.489999771118164
2024-09-12,23.649999618530273
2024-09-13,24.020000457763672
2024-09-16,24.059999465942383
2024-09-17,23.579999923706055
2024-09-18,23.540000915527344
2024-09-19,23.239999771118164
2024-09-20,23.239999771118164
2024-09-23,23.6299991607666
2024-09-24,23.6299991607666
2024-09-25,23.360000610351563
2024-09-26,22.8700008392334
2024-09-27,22.959999084472656
2024-09-30,23.219999313354492
2024-10-01,23.079999923706055
2024-10-02,22.959999084472656
2024-10-03,22.8700008392334
2024-10-04,22.940000534057617
2024-10-07,22.920000076293945
2024-10-08,22.860000610351563
2024-10-09,23.190000534057617
2024-10-10,22.860000610351563
2024-10-11,23.18000030517578
2024-10-14,23.40999984741211
2024-10-15,24.020000457763672
2024-10-16,24.350000381469727
2024-10-17,24.469999313354492
2024-10-18,24.6200008392334
2024-10-21,24.059999465942383
2024-10-22,24.040000915527344
2024-10-23,23.959999084472656
2024-10-24,23.950000762939453
2024-10-25,23.549999237060547
2024-10-28,23.8799991607666
2024-10-29,23.670000076293945
2024-10-30,24.020000457763672
2024-10-31,23.719999313354492
2024-11-01,23.829999923706055
2024-11-04,24.219999313354492
2024-11-05,24.649999618530273
2024-11-06,24.31999969482422
2024-11-07,24.65999984741211
2024-11-08,24.93000030517578
2024-11-11,25.059999465942383
2024-11-12,24.68000030517578
2024-11-13,24.81999969482422
2024-11-14,24.719999313354492
2024-11-15,24.889999389648438
2024-11-18,25.100000381469727
2024-11-19,25.049999237060547
2024-11-20,25.09000015258789
2024-11-21,25.309999465942383
2024-11-22,25.3700008392334
2024-11-25,25.540000915527344
2024-11-26,25.459999084472656
2024-11-27,25.780000686645508
2024-11-29,25.56999969482422
2024-12-02,25.219999313354492
2024-12-03,25.209999084472656
2024-12-04,25.299999237060547
2024-12-05,25.100000381469727
2024-12-06,25.190000534057617
2024-12-09,25.040000915527344
2024-12-10,24.729999542236328
2024-12-11,24.450000762939453
2024-12-12,24.489999771118164
2024-12-13,24.610000610351563
2024-12-16,24.43000030517578
2024-12-17,24.299999237060547
2024-12-18,23.280000686645508
2024-12-19,23.010000228881836
2024-12-20,23.420000076293945
2024-12-23,23.43000030517578
2024-12-24,23.6200008392334
2024-12-26,23.610000610351563
2024-12-27,23.3700008392334
2024-12-30,23.229999542236328
2024-12-31,23.43000030517578
2025-01-02,22.969999313354492
2025-01-03,23.170000076293945
2025-01-06,22.34000015258789
2025-01-07,21.969999313354492
2025-01-08,22.040000915527344
2025-01-10,21.65999984741211
2025-01-13,22.06999969482422
2025-01-14,22.010000228881836
2025-01-15,22.030000686645508
2025-01-16,22.290000915527344
2025-01-17,22.290000915527344
2025-01-21,22.5
2025-01-22,22.219999313354492
2025-01-23,22.690000534057617
2025-01-24,22.920000076293945
2025-01-27,23.43000030517578
2025-01-28,22.93000030517578
2025-01-29,22.420000076293945
2025-01-30,22.68000030517578
2025-01-31,22.450000762939453
2025-02-03,22.219999313354492
2025-02-04,22.1299991607666
2025-02-05,22.3700008392334
2025-02-06,22.40999984741211
2025-02-07,22.389999389648438
2025-02-10,22.139999389648438
2025-02-11,22.3799991607666
2025-02-12,22.290000915527344
2025-02-13,22.440000534057617
2025-02-14,21.799999237060547
2025-02-18,21.579999923706055
2025-02-19,21.530000686645508
2025-02-20,21.6200008392334
2025-02-21,21.520000457763672
2025-02-24,21.790000915527344
2025-02-25,21.850000381469727
2025-02-26,21.68000030517578
2025-02-27,21.610000610351563
2025-02-28,22.100000381469727
2025-03-03,22.049999237060547
2025-03-04,21.510000228881836
2025-03-05,21.709999084472656
2025-03-06,21.469999313354492
2025-03-07,21.43000030517578
2025-03-10,21.270000457763672
2025-03-11,20.6200008392334
2025-03-12,20.8700008392334
2025-03-13,20.1299991607666
2025-03-14,20.579999923706055
2025-03-17,20.739999771118164
2025-03-18,20.950000762939453
2025-03-19,20.969999313354492
2025-03-20,20.90999984741211
2025-03-21,20.75
2025-03-24,21.329999923706055
2025-03-25,21.190000534057617
2025-03-26,21.209999084472656
2025-03-27,21.010000228881836
2025-03-28,20.93000030517578
2025-03-31,21.239999771118164
2025-04-01,21.139999389648438
2025-04-02,21.450000762939453
2025-04-03,20.06999969482422
2025-04-04,19.31999969482422
2025-04-07,19.1200008392334
2025-04-08,18.700000762939453
2025-04-09,20.15999984741211
2025-04-10,19.770000457763672
2025-04-11,20.1299991607666
2025-04-14,20.290000915527344
2025-04-15,20.290000915527344
2025-04-16,20.15999984741211
2025-04-17,20.59000015258789
2025-04-21,20.09000015258789
2025-04-22,20.450000762939453
2025-04-23,20.510000228881836
2025-04-24,20.43000030517578
2025-04-25,20.350000381469727
2025-04-28,20.489999771118164
2025-04-29,20.079999923706055
2025-04-30,19.979999542236328
2025-05-01,20.950000762939453
2025-05-02,21.1200008392334
2025-05-05,20.719999313354492
2025-05-06,20.610000610351563
2025-05-07,20.649999618530273
2025-05-08,20.68000030517578
2025-05-09,20.81999969482422
2025-05-12,21.56999969482422
2025-05-13,21.459999084472656
2025-05-14,21.100000381469727
2025-05-15,21.389999389648438
2025-05-16,21.690000534057617
2025-05-19,21.670000076293945
2025-05-20,21.299999237060547
2025-05-21,20.610000610351563
2025-05-22,20.610000610351563
2025-05-23,20.479999542236328
2025-05-27,21.010000228881836
2025-05-28,20.979999542236328
2025-05-29,21.350000381469727
2025-05-30,21.260000228881836
2025-06-02,21.170000076293945
2025-06-03,21.049999237060547
2025-06-04,20.959999084472656
2025-06-05,20.81999969482422
2025-06-06,20.989999771118164
2025-06-09,21.049999237060547
2025-06-10,21.200000762939453
2025-06-11,20.989999771118164
2025-06-12,21.020000457763672
2025-06-13,20.829999923706055
2025-06-16,20.920000076293945
2025-06-17,20.780000686645508
2025-06-18,21
2025-06-20,20.889999389648438
2025-06-23,21.219999313354492
2025-06-24,21.239999771118164
2025-06-25,20.829999923706055
2025-06-26,21.020000457763672
2025-06-27,20.93000030517578
2025-06-30,21.020000457763672
2025-07-01,21.18000030517578
2025-07-02,21.440000534057617
2025-07-03,21.6200008392334
2025-07-07,21.209999084472656
2025-07-08,21.079999923706055
2025-07-09,21.149999618530273
2025-07-10,21.3700008392334
2025-07-11,21.479999542236328
2025-07-14,21.709999084472656
2025-07-15,21.170000076293945
2025-07-16,21.40999984741211
2025-07-17,21.65999984741211
2025-07-18,21.670000076293945
2025-07-21,21.6200008392334
2025-07-22,22.06999969482422
2025-07-23,22.1200008392334
2025-07-24,21.979999542236328
2025-07-25,21.780000686645508
2025-07-28,21.549999237060547
2025-07-29,21.93000030517578
2025-07-30,21.899999618530273
2025-07-31,21.229999542236328
2025-08-01,20.739999771118164
2025-08-04,21.049999237060547
2025-08-05,21.290000915527344
2025-08-06,21.329999923706055
2025-08-07,21.190000534057617
2025-08-08,20.809999465942383
2025-08-11,20.799999237060547
2025-08-12,21.1299991607666
2025-08-13,21.530000686645508
2025-08-14,21.15999984741211
2025-08-15,21.209999084472656
2025-08-18,21.110000610351563
2025-08-19,21.700000762939453
2025-08-20,21.6299991607666
2025-08-21,21.549999237060547
2025-08-22,22.200000762939453
2025-08-25,22.200000762939453
2025-08-26,22.110000610351563
2025-08-27,22.3799991607666
2025-08-28,22.399999618530273
2025-08-29,22.489999771118164
2025-09-02,22.25
2025-09-03,22.479999542236328
2025-09-04,22.790000915527344
2025-09-05,22.760000228881836
2025-09-08,22.520000457763672
2025-09-09,22.360000610351563
2025-09-10,22.299999237060547
2025-09-11,22.459999084472656
2025-09-12,22.389999389648438
2025-09-15,22.34000015258789
2025-09-16,22.110000610351563
2025-09-17,21.950000762939453
2025-09-18,22.170000076293945
2025-09-19,21.940000534057617
2025-09-22,21.770000457763672
2025-09-23,21.899999618530273
2025-09-24,21.6299991607666
2025-09-25,21.479999542236328
2025-09-26,21.59000015258789
2025-09-29,21.670000076293945
2025-09-30,21.850000381469727
2025-10-01,21.520000457763672
2025-10-02,21.360000610351563
2025-10-03,21.469999313354492
2025-10-06,21.520000457763672
2025-10-07,21.3700008392334
2025-10-08,21.290000915527344
2025-10-09,21.229999542236328
2025-10-10,20.780000686645508
2025-10-13,21.049999237060547
2025-10-14,21.389999389648438
2025-10-15,21.709999084472656
2025-10-16,21.610000610351563
2025-10-17,21.84000015258789
2025-10-20,22
2025-10-21,22.209999084472656
2025-10-22,22.40999984741211
2025-10-23,22.219999313354492
2025-10-24,22.34000015258789
2025-10-27,22.3700008392334
2025-10-28,21.790000915527344
2025-10-29,21.399999618530273
2025-10-30,20.989999771118164
2025-10-31,20.65999984741211
2025-11-03,20.3700008392334
2025-11-04,20.440000534057617
2025-11-05,20.43000030517578
2025-11-06,20.239999771118164
2025-11-07,20.540000915527344
2025-11-10,20.329999923706055
2025-11-11,20.690000534057617
2025-11-12,20.59000015258789
2025-11-13,20.43000030517578
2025-11-14,20.420000076293945
2025-11-17,20.110000610351563
2025-11-18,20.229999542236328
2025-11-19,20.010000228881836
2025-11-20,19.8700008392334
2025-11-21,20.360000610351563
2025-11-24,20.450000762939453
2025-11-25,20.68000030517578
2025-11-26,20.6200008392334
2025-11-28,20.65999984741211
2025-12-01,20.489999771118164
2025-12-02,20.299999237060547
2025-12-03,20.40999984741211
2025-12-04,20.360000610351563
2025-12-05,20.1299991607666
2025-12-08,19.780000686645508
2025-12-09,19.899999618530273
2025-12-10,20.059999465942383
2025-12-11,20.1299991607666
2025-12-12,20.15999984741211
2025-12-15,20.5
2025-12-16,20.079999923706055
2025-12-17,20.450000762939453
2025-12-18,20.280000686645508
2025-12-19,19.989999771118164
2025-12-22,20.030000686645508
2025-12-23,20.110000610351563
2025-12-24,20.420000076293945
2025-12-26,20.360000610351563
2025-12-29,20.389999389648438
2025-12-30,20.360000610351563
2025-12-31,20.270000457763672
2026-01-02,20.059999465942383
2026-01-05,20.139999389648438
2026-01-06,20.34000015258789
2026-01-07,20.309999465942383
2026-01-08,20.6200008392334
2026-01-09,20.40999984741211
2026-01-12,20.600000381469727
2026-01-13,20.559999465942383
2026-01-14,20.639999389648438
2026-01-15,20.780000686645508
2026-01-16,21.059999465942383
2026-01-20,20.969999313354492
2026-01-21,20.920000076293945
2026-01-22,20.760000228881836
2026-01-23,20.959999084472656
2026-01-26,20.850000381469727
2026-01-27,20.940000534057617
2026-01-28,20.479999542236328
2026-01-29,20.709999084472656
2026-01-30,21.079999923706055
2026-02-02,20.829999923706055
2026-02-03,20.899999618530273
2026-02-04,21.510000228881836
2026-02-05,21.690000534057617
2026-02-06,21.829999923706055
2026-02-09,21.760000228881836
2026-02-10,22.190000534057617
2026-02-11,21.989999771118164
2026-02-12,22.31999969482422
2026-02-13,22.709999084472656
2026-02-17,23.149999618530273
2026-02-18,22.65999984741211
2026-02-19,22.56999969482422
2026-02-20,23.170000076293945
2026-02-23,23.40999984741211
2026-02-24,23.299999237060547
2026-02-25,23.31999969482422
2026-02-26,23.639999389648438
2026-02-27,23.549999237060547
2026-03-02,23.559999465942383
2026-03-03,23.530000686645508
2026-03-04,23.559999465942383
2026-03-05,23.510000228881836
2026-03-06,23.280000686645508
2026-03-09,23.200000762939453
2026-03-10,23.15999984741211
2026-03-11,23.170000076293945
2026-03-12,22.950000762939453
2026-03-13,22.90999984741211
2026-03-16,23.190000534057617
2026-03-17,23.229999542236328
2026-03-18,22.850000381469727
2026-03-19,23.09000015258789
2026-03-20,22.34000015258789
2026-03-23,22.700000762939453
2026-03-24,22.559999465942383
2026-03-25,22.40999984741211
2026-03-26,22.260000228881836
2026-03-27,22.219999313354492
2026-03-30,22.31999969482422
