Date,LUV.Close
2020-01-02,54.84000015258789
2020-01-03,54.349998474121094
2020-01-06,54.130001068115234
2020-01-07,54.290000915527344
2020-01-08,54.369998931884766
2020-01-09,54.29999923706055
2020-01-10,53.939998626708984
2020-01-13,53.9900016784668
2020-01-14,54.4900016784668
2020-01-15,55.029998779296875
2020-01-16,55.29999923706055
2020-01-17,55.0099983215332
2020-01-21,53.540000915527344
2020-01-22,53.47999954223633
2020-01-23,55.400001525878906
2020-01-24,56.54999923706055
2020-01-27,56.25
2020-01-28,57.599998474121094
2020-01-29,56.88999938964844
2020-01-30,55.83000183105469
2020-01-31,54.97999954223633
2020-02-03,55.220001220703125
2020-02-04,55.68000030517578
2020-02-05,56.95000076293945
2020-02-06,57.720001220703125
2020-02-07,57.2599983215332
2020-02-10,57.41999816894531
2020-02-11,57.93000030517578
2020-02-12,58.47999954223633
2020-02-13,58.540000915527344
2020-02-14,57.970001220703125
2020-02-18,57.599998474121094
2020-02-19,57.11000061035156
2020-02-20,56.939998626708984
2020-02-21,56.529998779296875
2020-02-24,54.11000061035156
2020-02-25,49.65999984741211
2020-02-26,48.900001525878906
2020-02-27,46.630001068115234
2020-02-28,46.189998626708984
2020-03-02,46.95000076293945
2020-03-03,45.209999084472656
2020-03-04,46.93000030517578
2020-03-05,45.25
2020-03-06,45.72999954223633
2020-03-09,43.619998931884766
2020-03-10,45.560001373291016
2020-03-11,42.4900016784668
2020-03-12,36.06999969482422
2020-03-13,41.279998779296875
2020-03-16,37.52000045776367
2020-03-17,38.25
2020-03-18,35.150001525878906
2020-03-19,30.860000610351563
2020-03-20,31.940000534057617
2020-03-23,33.72999954223633
2020-03-24,37.65999984741211
2020-03-25,39.400001525878906
2020-03-26,41.22999954223633
2020-03-27,36.380001068115234
2020-03-30,35.099998474121094
2020-03-31,35.61000061035156
2020-04-01,32.040000915527344
2020-04-02,31.5
2020-04-03,30.540000915527344
2020-04-06,30.700000762939453
2020-04-07,32.77000045776367
2020-04-08,34.29999923706055
2020-04-09,36.470001220703125
2020-04-13,34.2599983215332
2020-04-14,34.779998779296875
2020-04-15,32.81999969482422
2020-04-16,30.68000030517578
2020-04-17,31.190000534057617
2020-04-20,31.059999465942383
2020-04-21,30.110000610351563
2020-04-22,29.709999084472656
2020-04-23,30.139999389648438
2020-04-24,29.329999923706055
2020-04-27,29.110000610351563
2020-04-28,29.690000534057617
2020-04-29,30.969999313354492
2020-04-30,31.25
2020-05-01,29.229999542236328
2020-05-04,27.559999465942383
2020-05-05,26.420000076293945
2020-05-06,24.93000030517578
2020-05-07,25.450000762939453
2020-05-08,27.200000762939453
2020-05-11,26.09000015258789
2020-05-12,25.239999771118164
2020-05-13,24
2020-05-14,24.780000686645508
2020-05-15,23.8700008392334
2020-05-18,27.09000015258789
2020-05-19,27.690000534057617
2020-05-20,29.149999618530273
2020-05-21,29.600000381469727
2020-05-22,28.8700008392334
2020-05-26,32.52000045776367
2020-05-27,33.65999984741211
2020-05-28,32.54999923706055
2020-05-29,32.099998474121094
2020-06-01,33.619998931884766
2020-06-02,34.47999954223633
2020-06-03,36.41999816894531
2020-06-04,38.27000045776367
2020-06-05,38.18000030517578
2020-06-08,40.59000015258789
2020-06-09,38.0099983215332
2020-06-10,37.13999938964844
2020-06-11,32.83000183105469
2020-06-12,35.869998931884766
2020-06-15,36.34000015258789
2020-06-16,36.56999969482422
2020-06-17,36.310001373291016
2020-06-18,35.849998474121094
2020-06-19,34.54999923706055
2020-06-22,34.36000061035156
2020-06-23,34.75
2020-06-24,32.25
2020-06-25,32.970001220703125
2020-06-26,31.959999084472656
2020-06-29,35.040000915527344
2020-06-30,34.18000030517578
2020-07-01,33.810001373291016
2020-07-02,34.119998931884766
2020-07-06,34.29999923706055
2020-07-07,33.0099983215332
2020-07-08,32.88999938964844
2020-07-09,31.56999969482422
2020-07-10,33.220001220703125
2020-07-13,32.63999938964844
2020-07-14,33.25
2020-07-15,35.75
2020-07-16,34.209999084472656
2020-07-17,34.130001068115234
2020-07-20,32.97999954223633
2020-07-21,33.619998931884766
2020-07-22,33.29999923706055
2020-07-23,32.790000915527344
2020-07-24,31.65999984741211
2020-07-27,31.530000686645508
2020-07-28,32.290000915527344
2020-07-29,31.790000915527344
2020-07-30,30.959999084472656
2020-07-31,30.889999389648438
2020-08-03,31.579999923706055
2020-08-04,31.399999618530273
2020-08-05,32.720001220703125
2020-08-06,33.02000045776367
2020-08-07,33.279998779296875
2020-08-10,34.9900016784668
2020-08-11,35.290000915527344
2020-08-12,35.25
2020-08-13,34.709999084472656
2020-08-14,34.900001525878906
2020-08-17,33.810001373291016
2020-08-18,34.15999984741211
2020-08-19,34.27000045776367
2020-08-20,34.459999084472656
2020-08-21,34.689998626708984
2020-08-24,36.90999984741211
2020-08-25,37.060001373291016
2020-08-26,36.380001068115234
2020-08-27,37.650001525878906
2020-08-28,38.810001373291016
2020-08-31,37.58000183105469
2020-09-01,37.90999984741211
2020-09-02,39.16999816894531
2020-09-03,38.7400016784668
2020-09-04,39.38999938964844
2020-09-08,40.5
2020-09-09,39.220001220703125
2020-09-10,38.939998626708984
2020-09-11,38.95000076293945
2020-09-14,40.060001373291016
2020-09-15,40.61000061035156
2020-09-16,42.099998474121094
2020-09-17,40.400001525878906
2020-09-18,39.83000183105469
2020-09-21,37.52000045776367
2020-09-22,38.119998931884766
2020-09-23,37.54999923706055
2020-09-24,36.86000061035156
2020-09-25,37.099998474121094
2020-09-28,38.2400016784668
2020-09-29,37.61000061035156
2020-09-30,37.5
2020-10-01,37.93000030517578
2020-10-02,38.7599983215332
2020-10-05,38.4900016784668
2020-10-06,37.58000183105469
2020-10-07,38.59000015258789
2020-10-08,38.9900016784668
2020-10-09,39.72999954223633
2020-10-12,39.189998626708984
2020-10-13,39.130001068115234
2020-10-14,39.25
2020-10-15,38.79999923706055
2020-10-16,39.68000030517578
2020-10-19,39.849998474121094
2020-10-20,40.15999984741211
2020-10-21,39.84000015258789
2020-10-22,41.93000030517578
2020-10-23,42.790000915527344
2020-10-26,41.099998474121094
2020-10-27,39.93000030517578
2020-10-28,38.13999938964844
2020-10-29,39.56999969482422
2020-10-30,39.529998779296875
2020-11-02,38.400001525878906
2020-11-03,38.849998474121094
2020-11-04,38.93000030517578
2020-11-05,41.04999923706055
2020-11-06,40.0099983215332
2020-11-09,43.88999938964844
2020-11-10,44.810001373291016
2020-11-11,43.220001220703125
2020-11-12,41.91999816894531
2020-11-13,43.880001068115234
2020-11-16,45.58000183105469
2020-11-17,45.65999984741211
2020-11-18,45.599998474121094
2020-11-19,46.08000183105469
2020-11-20,45.540000915527344
2020-11-23,46.810001373291016
2020-11-24,48.25
2020-11-25,48.27000045776367
2020-11-27,47.72999954223633
2020-11-30,46.34000015258789
2020-12-01,47.27000045776367
2020-12-02,47.439998626708984
2020-12-03,47.81999969482422
2020-12-04,47.59000015258789
2020-12-07,47.88999938964844
2020-12-08,47.279998779296875
2020-12-09,45.7599983215332
2020-12-10,46.79999923706055
2020-12-11,45.880001068115234
2020-12-14,45.2599983215332
2020-12-15,46.41999816894531
2020-12-16,45.72999954223633
2020-12-17,46.38999938964844
2020-12-18,46.029998779296875
2020-12-21,45.79999923706055
2020-12-22,45.31999969482422
2020-12-23,46.75
2020-12-24,46.279998779296875
2020-12-28,46.119998931884766
2020-12-29,46.150001525878906
2020-12-30,46.40999984741211
2020-12-31,46.61000061035156
2021-01-04,45.040000915527344
2021-01-05,45.63999938964844
2021-01-06,46.75
2021-01-07,47.33000183105469
2021-01-08,46.97999954223633
2021-01-11,47.439998626708984
2021-01-12,48.130001068115234
2021-01-13,47.9900016784668
2021-01-14,48.81999969482422
2021-01-15,46.65999984741211
2021-01-19,46.90999984741211
2021-01-20,48.209999084472656
2021-01-21,47.77000045776367
2021-01-22,47.38999938964844
2021-01-25,45.619998931884766
2021-01-26,45.810001373291016
2021-01-27,44.150001525878906
2021-01-28,44.599998474121094
2021-01-29,43.939998626708984
2021-02-01,44.790000915527344
2021-02-02,45.619998931884766
2021-02-03,46.54999923706055
2021-02-04,49.130001068115234
2021-02-05,50.04999923706055
2021-02-08,52.2400016784668
2021-02-09,51.18000030517578
2021-02-10,51.279998779296875
2021-02-11,51.41999816894531
2021-02-12,51.34000015258789
2021-02-16,51.959999084472656
2021-02-17,52.439998626708984
2021-02-18,51.95000076293945
2021-02-19,52.810001373291016
2021-02-22,54.790000915527344
2021-02-23,56.720001220703125
2021-02-24,59.290000915527344
2021-02-25,58.310001373291016
2021-02-26,58.130001068115234
2021-03-01,58.060001373291016
2021-03-02,57.810001373291016
2021-03-03,57.81999969482422
2021-03-04,56.08000183105469
2021-03-05,56.91999816894531
2021-03-08,60.54999923706055
2021-03-09,58.93000030517578
2021-03-10,58.5099983215332
2021-03-11,58.470001220703125
2021-03-12,61.029998779296875
2021-03-15,62.099998474121094
2021-03-16,60.540000915527344
2021-03-17,61.77000045776367
2021-03-18,60.939998626708984
2021-03-19,61.04999923706055
2021-03-22,59.459999084472656
2021-03-23,57.619998931884766
2021-03-24,57.70000076293945
2021-03-25,59.90999984741211
2021-03-26,61.290000915527344
2021-03-29,60.959999084472656
2021-03-30,61.90999984741211
2021-03-31,61.060001373291016
2021-04-01,61.29999923706055
2021-04-05,62.970001220703125
2021-04-06,64.0999984741211
2021-04-07,63.52000045776367
2021-04-08,63.459999084472656
2021-04-09,63.41999816894531
2021-04-12,62.65999984741211
2021-04-13,63.22999954223633
2021-04-14,63.029998779296875
2021-04-15,62.939998626708984
2021-04-16,62.38999938964844
2021-04-19,62.029998779296875
2021-04-20,59.849998474121094
2021-04-21,62.040000915527344
2021-04-22,61.06999969482422
2021-04-23,61.529998779296875
2021-04-26,61.970001220703125
2021-04-27,62.400001525878906
2021-04-28,61.77000045776367
2021-04-29,62.27000045776367
2021-04-30,62.779998779296875
2021-05-03,62.150001525878906
2021-05-04,60.81999969482422
2021-05-05,60.83000183105469
2021-05-06,60.689998626708984
2021-05-07,61.65999984741211
2021-05-10,61.349998474121094
2021-05-11,59.779998779296875
2021-05-12,58.209999084472656
2021-05-13,59.93000030517578
2021-05-14,62.29999923706055
2021-05-17,62.099998474121094
2021-05-18,62.06999969482422
2021-05-19,60.38999938964844
2021-05-20,59.91999816894531
2021-05-21,60.09000015258789
2021-05-24,60.68000030517578
2021-05-25,60.54999923706055
2021-05-26,61.209999084472656
2021-05-27,61.72999954223633
2021-05-28,61.459999084472656
2021-06-01,61.349998474121094
2021-06-02,60.869998931884766
2021-06-03,58.2599983215332
2021-06-04,58.54999923706055
2021-06-07,58.279998779296875
2021-06-08,58.900001525878906
2021-06-09,58.41999816894531
2021-06-10,57.5
2021-06-11,57.56999969482422
2021-06-14,57.279998779296875
2021-06-15,57.119998931884766
2021-06-16,56.66999816894531
2021-06-17,55.56999969482422
2021-06-18,55.189998626708984
2021-06-21,56.29999923706055
2021-06-22,55.75
2021-06-23,55.189998626708984
2021-06-24,54.65999984741211
2021-06-25,54.54999923706055
2021-06-28,53.22999954223633
2021-06-29,52.91999816894531
2021-06-30,53.09000015258789
2021-07-01,53.86000061035156
2021-07-02,53.65999984741211
2021-07-06,52.36000061035156
2021-07-07,51.380001068115234
2021-07-08,51.189998626708984
2021-07-09,52.84000015258789
2021-07-12,52.97999954223633
2021-07-13,51.56999969482422
2021-07-14,51.97999954223633
2021-07-15,51.779998779296875
2021-07-16,49.90999984741211
2021-07-19,48.5
2021-07-20,51.43000030517578
2021-07-21,53.130001068115234
2021-07-22,51.290000915527344
2021-07-23,50.70000076293945
2021-07-26,51.779998779296875
2021-07-27,51.150001525878906
2021-07-28,51.7599983215332
2021-07-29,51.54999923706055
2021-07-30,50.52000045776367
2021-08-02,49.7400016784668
2021-08-03,50.650001525878906
2021-08-04,48.900001525878906
2021-08-05,50.45000076293945
2021-08-06,50.720001220703125
2021-08-09,49.709999084472656
2021-08-10,51.11000061035156
2021-08-11,51.84000015258789
2021-08-12,50.9900016784668
2021-08-13,50.40999984741211
2021-08-16,50.11000061035156
2021-08-17,48.72999954223633
2021-08-18,48.439998626708984
2021-08-19,47.459999084472656
2021-08-20,47.36000061035156
2021-08-23,48.709999084472656
2021-08-24,50.810001373291016
2021-08-25,51.25
2021-08-26,50.27000045776367
2021-08-27,50.880001068115234
2021-08-30,49.16999816894531
2021-08-31,49.779998779296875
2021-09-01,49.54999923706055
2021-09-02,49.599998474121094
2021-09-03,48.86000061035156
2021-09-07,48.529998779296875
2021-09-08,48.119998931884766
2021-09-09,49.22999954223633
2021-09-10,47.900001525878906
2021-09-13,48.72999954223633
2021-09-14,48.029998779296875
2021-09-15,48.459999084472656
2021-09-16,49.119998931884766
2021-09-17,49.08000183105469
2021-09-20,49.58000183105469
2021-09-21,49.150001525878906
2021-09-22,50.650001525878906
2021-09-23,52.31999969482422
2021-09-24,52.849998474121094
2021-09-27,52.959999084472656
2021-09-28,53.04999923706055
2021-09-29,52.540000915527344
2021-09-30,51.43000030517578
2021-10-01,54.349998474121094
2021-10-04,55.060001373291016
2021-10-05,54.470001220703125
2021-10-06,54.45000076293945
2021-10-07,54.040000915527344
2021-10-08,53.91999816894531
2021-10-11,51.66999816894531
2021-10-12,52.18000030517578
2021-10-13,51.25
2021-10-14,51.5099983215332
2021-10-15,50.36000061035156
2021-10-18,49.77000045776367
2021-10-19,49.380001068115234
2021-10-20,49.470001220703125
2021-10-21,48.65999984741211
2021-10-22,47.630001068115234
2021-10-25,47.47999954223633
2021-10-26,47.59000015258789
2021-10-27,46.56999969482422
2021-10-28,47.2400016784668
2021-10-29,47.279998779296875
2021-11-01,49.130001068115234
2021-11-02,48.90999984741211
2021-11-03,49.459999084472656
2021-11-04,49.06999969482422
2021-11-05,52.22999954223633
2021-11-08,51.369998931884766
2021-11-09,50.90999984741211
2021-11-10,49.689998626708984
2021-11-11,49.08000183105469
2021-11-12,48.41999816894531
2021-11-15,49.130001068115234
2021-11-16,47.599998474121094
2021-11-17,47.400001525878906
2021-11-18,46.369998931884766
2021-11-19,46.83000183105469
2021-11-22,47.720001220703125
2021-11-23,46.97999954223633
2021-11-24,46.9900016784668
2021-11-26,44.959999084472656
2021-11-29,44.540000915527344
2021-11-30,44.400001525878906
2021-12-01,42.54999923706055
2021-12-02,45.34000015258789
2021-12-03,44.279998779296875
2021-12-06,45.560001373291016
2021-12-07,45.209999084472656
2021-12-08,45.27000045776367
2021-12-09,43.61000061035156
2021-12-10,41.970001220703125
2021-12-13,40.47999954223633
2021-12-14,40.2400016784668
2021-12-15,40.11000061035156
2021-12-16,39.529998779296875
2021-12-17,39.65999984741211
2021-12-20,39.36000061035156
2021-12-21,40.869998931884766
2021-12-22,41.119998931884766
2021-12-23,41.869998931884766
2021-12-27,41.7599983215332
2021-12-28,42.290000915527344
2021-12-29,42.15999984741211
2021-12-30,42.720001220703125
2021-12-31,42.84000015258789
2022-01-03,44
2022-01-04,44.65999984741211
2022-01-05,43.9900016784668
2022-01-06,43.88999938964844
2022-01-07,45.349998474121094
2022-01-10,45.2400016784668
2022-01-11,45.83000183105469
2022-01-12,45.209999084472656
2022-01-13,45.790000915527344
2022-01-14,45.81999969482422
2022-01-18,45.43000030517578
2022-01-19,44.43000030517578
2022-01-20,44.34000015258789
2022-01-21,43.369998931884766
2022-01-24,43.869998931884766
2022-01-25,43.849998474121094
2022-01-26,43.709999084472656
2022-01-27,42.81999969482422
2022-01-28,42.93000030517578
2022-01-31,44.7599983215332
2022-02-01,45.18000030517578
2022-02-02,44.290000915527344
2022-02-03,43.439998626708984
2022-02-04,43.65999984741211
2022-02-07,44.599998474121094
2022-02-08,46.06999969482422
2022-02-09,47.02000045776367
2022-02-10,46.529998779296875
2022-02-11,45.529998779296875
2022-02-14,45.380001068115234
2022-02-15,47.29999923706055
2022-02-16,47.41999816894531
2022-02-17,46.380001068115234
2022-02-18,45.97999954223633
2022-02-22,45.619998931884766
2022-02-23,44.0099983215332
2022-02-24,44.34000015258789
2022-02-25,45.13999938964844
2022-02-28,43.79999923706055
2022-03-01,41.95000076293945
2022-03-02,42.31999969482422
2022-03-03,41.66999816894531
2022-03-04,40.68000030517578
2022-03-07,37.189998626708984
2022-03-08,39.15999984741211
2022-03-09,40.65999984741211
2022-03-10,41.029998779296875
2022-03-11,40.2400016784668
2022-03-14,40.099998474121094
2022-03-15,42.060001373291016
2022-03-16,43.119998931884766
2022-03-17,42.779998779296875
2022-03-18,43.2400016784668
2022-03-21,42.779998779296875
2022-03-22,43.060001373291016
2022-03-23,42.869998931884766
2022-03-24,43.91999816894531
2022-03-25,44.380001068115234
2022-03-28,44.41999816894531
2022-03-29,45.33000183105469
2022-03-30,45.56999969482422
2022-03-31,45.79999923706055
2022-04-01,45.90999984741211
2022-04-04,45.93000030517578
2022-04-05,45.209999084472656
2022-04-06,43.72999954223633
2022-04-07,42.38999938964844
2022-04-08,41.2400016784668
2022-04-11,42.619998931884766
2022-04-12,42.81999969482422
2022-04-13,46.04999923706055
2022-04-14,46.7599983215332
2022-04-18,46.2599983215332
2022-04-19,47.349998474121094
2022-04-20,47.33000183105469
2022-04-21,48.380001068115234
2022-04-22,46.849998474121094
2022-04-25,46.43000030517578
2022-04-26,45.02000045776367
2022-04-27,45.939998626708984
2022-04-28,46.900001525878906
2022-04-29,46.720001220703125
2022-05-02,46.529998779296875
2022-05-03,47.25
2022-05-04,48.06999969482422
2022-05-05,47
2022-05-06,46.119998931884766
2022-05-09,43.83000183105469
2022-05-10,44.59000015258789
2022-05-11,43.0099983215332
2022-05-12,42.33000183105469
2022-05-13,42.9900016784668
2022-05-16,43.18000030517578
2022-05-17,45.11000061035156
2022-05-18,44.22999954223633
2022-05-19,43.56999969482422
2022-05-20,42.650001525878906
2022-05-23,43.380001068115234
2022-05-24,41.72999954223633
2022-05-25,42.45000076293945
2022-05-26,45
2022-05-27,45.79999923706055
2022-05-31,45.86000061035156
2022-06-01,44.150001525878906
2022-06-02,44.56999969482422
2022-06-03,43.84000015258789
2022-06-06,44.41999816894531
2022-06-07,44.880001068115234
2022-06-08,43.369998931884766
2022-06-09,42.040000915527344
2022-06-10,40.13999938964844
2022-06-13,37.619998931884766
2022-06-14,37.220001220703125
2022-06-15,37.22999954223633
2022-06-16,34.97999954223633
2022-06-17,35.630001068115234
2022-06-21,35.31999969482422
2022-06-22,35.689998626708984
2022-06-23,35.939998626708984
2022-06-24,37.72999954223633
2022-06-27,36.9900016784668
2022-06-28,36.650001525878906
2022-06-29,36.18000030517578
2022-06-30,36.119998931884766
2022-07-01,36.72999954223633
2022-07-05,36.5099983215332
2022-07-06,36.310001373291016
2022-07-07,36.720001220703125
2022-07-08,36.70000076293945
2022-07-11,36.83000183105469
2022-07-12,38.540000915527344
2022-07-13,38.79999923706055
2022-07-14,38.459999084472656
2022-07-15,39.58000183105469
2022-07-18,39.95000076293945
2022-07-19,41.4900016784668
2022-07-20,41.5
2022-07-21,40.88999938964844
2022-07-22,40.2400016784668
2022-07-25,40.619998931884766
2022-07-26,39.599998474121094
2022-07-27,40.77000045776367
2022-07-28,38.150001525878906
2022-07-29,38.119998931884766
2022-08-01,38.310001373291016
2022-08-02,37.619998931884766
2022-08-03,39
2022-08-04,38.790000915527344
2022-08-05,38.810001373291016
2022-08-08,39.08000183105469
2022-08-09,38.34000015258789
2022-08-10,39.279998779296875
2022-08-11,38.970001220703125
2022-08-12,39.459999084472656
2022-08-15,39.63999938964844
2022-08-16,39.869998931884766
2022-08-17,38.939998626708984
2022-08-18,38.97999954223633
2022-08-19,37.880001068115234
2022-08-22,37.470001220703125
2022-08-23,37.470001220703125
2022-08-24,37.79999923706055
2022-08-25,38.54999923706055
2022-08-26,37.529998779296875
2022-08-29,37.43000030517578
2022-08-30,37.20000076293945
2022-08-31,36.70000076293945
2022-09-01,36.630001068115234
2022-09-02,36.7400016784668
2022-09-06,36.7400016784668
2022-09-07,37.790000915527344
2022-09-08,37.65999984741211
2022-09-09,38.369998931884766
2022-09-12,38.77000045776367
2022-09-13,37.4900016784668
2022-09-14,38.029998779296875
2022-09-15,36.900001525878906
2022-09-16,34.72999954223633
2022-09-19,35.880001068115234
2022-09-20,35.09000015258789
2022-09-21,34.119998931884766
2022-09-22,33
2022-09-23,32.04999923706055
2022-09-26,31.3700008392334
2022-09-27,31.5
2022-09-28,32.43000030517578
2022-09-29,31.639999389648438
2022-09-30,30.84000015258789
2022-10-03,31.219999313354492
2022-10-04,33.189998626708984
2022-10-05,32.9900016784668
2022-10-06,32.540000915527344
2022-10-07,31.8700008392334
2022-10-10,31.65999984741211
2022-10-11,31.40999984741211
2022-10-12,31.59000015258789
2022-10-13,32.43000030517578
2022-10-14,32.7599983215332
2022-10-17,32.720001220703125
2022-10-18,33.310001373291016
2022-10-19,33.119998931884766
2022-10-20,32.810001373291016
2022-10-21,33.099998474121094
2022-10-24,33.720001220703125
2022-10-25,34.619998931884766
2022-10-26,34.369998931884766
2022-10-27,35.290000915527344
2022-10-28,36.22999954223633
2022-10-31,36.349998474121094
2022-11-01,36.939998626708984
2022-11-02,36.5
2022-11-03,36.959999084472656
2022-11-04,37.08000183105469
2022-11-07,37.400001525878906
2022-11-08,37.439998626708984
2022-11-09,37.20000076293945
2022-11-10,38.81999969482422
2022-11-11,38.36000061035156
2022-11-14,37.75
2022-11-15,38.63999938964844
2022-11-16,37.9900016784668
2022-11-17,37.630001068115234
2022-11-18,38.11000061035156
2022-11-21,37.75
2022-11-22,38.16999816894531
2022-11-23,38.630001068115234
2022-11-25,39.220001220703125
2022-11-28,38.56999969482422
2022-11-29,39.25
2022-11-30,39.90999984741211
2022-12-01,40.08000183105469
2022-12-02,39.75
2022-12-05,39.5
2022-12-06,39.68000030517578
2022-12-07,37.810001373291016
2022-12-08,37.4900016784668
2022-12-09,38.0099983215332
2022-12-12,38.939998626708984
2022-12-13,37.77000045776367
2022-12-14,38.13999938964844
2022-12-15,37.290000915527344
2022-12-16,37.279998779296875
2022-12-19,36.349998474121094
2022-12-20,36.38999938964844
2022-12-21,36.599998474121094
2022-12-22,35.459999084472656
2022-12-23,36.09000015258789
2022-12-27,33.939998626708984
2022-12-28,32.189998626708984
2022-12-29,33.380001068115234
2022-12-30,33.66999816894531
2023-01-03,32.599998474121094
2023-01-04,33.619998931884766
2023-01-05,33.529998779296875
2023-01-06,35.08000183105469
2023-01-09,35.61000061035156
2023-01-10,36.209999084472656
2023-01-11,35.970001220703125
2023-01-12,36.970001220703125
2023-01-13,36.9900016784668
2023-01-17,37.040000915527344
2023-01-18,36.29999923706055
2023-01-19,36.45000076293945
2023-01-20,37.060001373291016
2023-01-23,36.689998626708984
2023-01-24,36.68000030517578
2023-01-25,36.869998931884766
2023-01-26,35.70000076293945
2023-01-27,36.2400016784668
2023-01-30,35.470001220703125
2023-01-31,35.77000045776367
2023-02-01,35.630001068115234
2023-02-02,36.81999969482422
2023-02-03,36.349998474121094
2023-02-06,36.02000045776367
2023-02-07,36.189998626708984
2023-02-08,35.29999923706055
2023-02-09,34.849998474121094
2023-02-10,34.56999969482422
2023-02-13,35.06999969482422
2023-02-14,35.5099983215332
2023-02-15,35.720001220703125
2023-02-16,35.40999984741211
2023-02-17,35.36000061035156
2023-02-21,33.7599983215332
2023-02-22,33.599998474121094
2023-02-23,33.63999938964844
2023-02-24,33.56999969482422
2023-02-27,33.540000915527344
2023-02-28,33.58000183105469
2023-03-01,33.650001525878906
2023-03-02,33.91999816894531
2023-03-03,34.18000030517578
2023-03-06,33.7599983215332
2023-03-07,33.369998931884766
2023-03-08,33.900001525878906
2023-03-09,33.08000183105469
2023-03-10,32.77000045776367
2023-03-13,31.059999465942383
2023-03-14,30.530000686645508
2023-03-15,29.729999542236328
2023-03-16,30.479999542236328
2023-03-17,30.030000686645508
2023-03-20,30.079999923706055
2023-03-21,31.040000915527344
2023-03-22,30.079999923706055
2023-03-23,29.6200008392334
2023-03-24,29.6299991607666
2023-03-27,30.149999618530273
2023-03-28,30.6299991607666
2023-03-29,31.440000534057617
2023-03-30,31.81999969482422
2023-03-31,32.540000915527344
2023-04-03,31.690000534057617
2023-04-04,31.719999313354492
2023-04-05,31.579999923706055
2023-04-06,31.59000015258789
2023-04-10,32.16999816894531
2023-04-11,32.709999084472656
2023-04-12,32.2400016784668
2023-04-13,32.209999084472656
2023-04-14,31.670000076293945
2023-04-17,32.310001373291016
2023-04-18,32.060001373291016
2023-04-19,32.45000076293945
2023-04-20,32.209999084472656
2023-04-21,32.150001525878906
2023-04-24,32.15999984741211
2023-04-25,31.290000915527344
2023-04-26,30.899999618530273
2023-04-27,29.8799991607666
2023-04-28,30.290000915527344
2023-05-01,30.59000015258789
2023-05-02,29.959999084472656
2023-05-03,30.790000915527344
2023-05-04,29.290000915527344
2023-05-05,29.65999984741211
2023-05-08,29.59000015258789
2023-05-09,29.6299991607666
2023-05-10,29.239999771118164
2023-05-11,28.969999313354492
2023-05-12,28.6299991607666
2023-05-15,29.049999237060547
2023-05-16,28.540000915527344
2023-05-17,29.8799991607666
2023-05-18,29.959999084472656
2023-05-19,29.479999542236328
2023-05-22,29.31999969482422
2023-05-23,29.479999542236328
2023-05-24,28.940000534057617
2023-05-25,29.239999771118164
2023-05-26,29.649999618530273
2023-05-30,29.799999237060547
2023-05-31,29.8700008392334
2023-06-01,29.110000610351563
2023-06-02,30.06999969482422
2023-06-05,30
2023-06-06,30.389999389648438
2023-06-07,30.790000915527344
2023-06-08,30.59000015258789
2023-06-09,30.6200008392334
2023-06-12,31.459999084472656
2023-06-13,32.45000076293945
2023-06-14,33.56999969482422
2023-06-15,33.970001220703125
2023-06-16,34.25
2023-06-20,34.470001220703125
2023-06-21,34.349998474121094
2023-06-22,34.279998779296875
2023-06-23,33.93000030517578
2023-06-26,34
2023-06-27,35.25
2023-06-28,35.470001220703125
2023-06-29,35.95000076293945
2023-06-30,36.209999084472656
2023-07-03,37.040000915527344
2023-07-05,37.220001220703125
2023-07-06,37.099998474121094
2023-07-07,37.59000015258789
2023-07-10,38.40999984741211
2023-07-11,39.18000030517578
2023-07-12,38.54999923706055
2023-07-13,37.040000915527344
2023-07-14,36.36000061035156
2023-07-17,36.27000045776367
2023-07-18,36.7400016784668
2023-07-19,37.349998474121094
2023-07-20,37.08000183105469
2023-07-21,37.25
2023-07-24,37.20000076293945
2023-07-25,35.529998779296875
2023-07-26,36.2599983215332
2023-07-27,33.02000045776367
2023-07-28,33.70000076293945
2023-07-31,34.15999984741211
2023-08-01,33.43000030517578
2023-08-02,33.369998931884766
2023-08-03,32.2599983215332
2023-08-04,32.72999954223633
2023-08-07,32.970001220703125
2023-08-08,33.7400016784668
2023-08-09,33.630001068115234
2023-08-10,33.84000015258789
2023-08-11,33.70000076293945
2023-08-14,33.529998779296875
2023-08-15,33.119998931884766
2023-08-16,32.91999816894531
2023-08-17,32.22999954223633
2023-08-18,32.150001525878906
2023-08-21,31.920000076293945
2023-08-22,31.5
2023-08-23,31.56999969482422
2023-08-24,31.219999313354492
2023-08-25,31.219999313354492
2023-08-28,31.09000015258789
2023-08-29,31.809999465942383
2023-08-30,31.6299991607666
2023-08-31,31.600000381469727
2023-09-01,31.420000076293945
2023-09-05,30.770000457763672
2023-09-06,29.969999313354492
2023-09-07,29.43000030517578
2023-09-08,29.530000686645508
2023-09-11,29.40999984741211
2023-09-12,29.280000686645508
2023-09-13,28.790000915527344
2023-09-14,28.940000534057617
2023-09-15,29.690000534057617
2023-09-18,29.079999923706055
2023-09-19,28.90999984741211
2023-09-20,28.520000457763672
2023-09-21,28.280000686645508
2023-09-22,28.049999237060547
2023-09-25,27.5
2023-09-26,26.559999465942383
2023-09-27,26.809999465942383
2023-09-28,27.219999313354492
2023-09-29,27.06999969482422
2023-10-02,27.190000534057617
2023-10-03,26.809999465942383
2023-10-04,27.200000762939453
2023-10-05,27.31999969482422
2023-10-06,27.079999923706055
2023-10-09,26.5
2023-10-10,26.649999618530273
2023-10-11,26.200000762939453
2023-10-12,25.450000762939453
2023-10-13,25.3700008392334
2023-10-16,25.610000610351563
2023-10-17,25.790000915527344
2023-10-18,24.700000762939453
2023-10-19,24.3700008392334
2023-10-20,24.200000762939453
2023-10-23,24.290000915527344
2023-10-24,23.899999618530273
2023-10-25,23.600000381469727
2023-10-26,23.389999389648438
2023-10-27,22.34000015258789
2023-10-30,22.510000228881836
2023-10-31,22.229999542236328
2023-11-01,22.229999542236328
2023-11-02,23.15999984741211
2023-11-03,23.700000762939453
2023-11-06,23.530000686645508
2023-11-07,23.559999465942383
2023-11-08,23.989999771118164
2023-11-09,23.350000381469727
2023-11-10,23.15999984741211
2023-11-13,23.09000015258789
2023-11-14,24.299999237060547
2023-11-15,24.940000534057617
2023-11-16,24.290000915527344
2023-11-17,24.809999465942383
2023-11-20,25.1299991607666
2023-11-21,24.6299991607666
2023-11-22,24.709999084472656
2023-11-24,24.8700008392334
2023-11-27,24.440000534057617
2023-11-28,24.81999969482422
2023-11-29,25.329999923706055
2023-11-30,25.56999969482422
2023-12-01,26.690000534057617
2023-12-04,27.299999237060547
2023-12-05,27.170000076293945
2023-12-06,27.989999771118164
2023-12-07,29.15999984741211
2023-12-08,29.06999969482422
2023-12-11,29.34000015258789
2023-12-12,30.309999465942383
2023-12-13,29.149999618530273
2023-12-14,29.760000228881836
2023-12-15,29.010000228881836
2023-12-18,28.969999313354492
2023-12-19,29.520000457763672
2023-12-20,29.06999969482422
2023-12-21,29.600000381469727
2023-12-22,29.5
2023-12-26,29.149999618530273
2023-12-27,29.209999084472656
2023-12-28,29.3799991607666
2023-12-29,28.8799991607666
2024-01-02,28.479999542236328
2024-01-03,27.309999465942383
2024-01-04,27.93000030517578
2024-01-05,29.149999618530273
2024-01-08,29.1200008392334
2024-01-09,29.31999969482422
2024-01-10,29.709999084472656
2024-01-11,29.84000015258789
2024-01-12,28.56999969482422
2024-01-16,28.719999313354492
2024-01-17,28.110000610351563
2024-01-18,30.030000686645508
2024-01-19,29.989999771118164
2024-01-22,30.15999984741211
2024-01-23,31.110000610351563
2024-01-24,31.110000610351563
2024-01-25,30.389999389648438
2024-01-26,30.09000015258789
2024-01-29,30.209999084472656
2024-01-30,30.190000534057617
2024-01-31,29.889999389648438
2024-02-01,30.18000030517578
2024-02-02,30.3700008392334
2024-02-05,29.75
2024-02-06,31.030000686645508
2024-02-07,30.739999771118164
2024-02-08,32.33000183105469
2024-02-09,32.4900016784668
2024-02-12,32.790000915527344
2024-02-13,32.529998779296875
2024-02-14,33.75
2024-02-15,34.209999084472656
2024-02-16,33.93000030517578
2024-02-20,33.86000061035156
2024-02-21,34.540000915527344
2024-02-22,34.2400016784668
2024-02-23,33.779998779296875
2024-02-26,34.150001525878906
2024-02-27,34.52000045776367
2024-02-28,34.470001220703125
2024-02-29,34.27000045776367
2024-03-01,33.959999084472656
2024-03-04,34.11000061035156
2024-03-05,34.40999984741211
2024-03-06,34.560001373291016
2024-03-07,34.83000183105469
2024-03-08,34.2599983215332
2024-03-11,33.779998779296875
2024-03-12,28.760000228881836
2024-03-13,28.280000686645508
2024-03-14,28.110000610351563
2024-03-15,28.350000381469727
2024-03-18,28.010000228881836
2024-03-19,28.170000076293945
2024-03-20,28.84000015258789
2024-03-21,28.68000030517578
2024-03-22,28.450000762939453
2024-03-25,28.510000228881836
2024-03-26,28.40999984741211
2024-03-27,29.270000457763672
2024-03-28,29.190000534057617
2024-04-01,29.18000030517578
2024-04-02,28.329999923706055
2024-04-03,28.030000686645508
2024-04-04,27.969999313354492
2024-04-05,28.34000015258789
2024-04-08,28.649999618530273
2024-04-09,29.049999237060547
2024-04-10,27.959999084472656
2024-04-11,28.520000457763672
2024-04-12,27.540000915527344
2024-04-15,27.84000015258789
2024-04-16,28.049999237060547
2024-04-17,28.780000686645508
2024-04-18,29.059999465942383
2024-04-19,29.3799991607666
2024-04-22,29.729999542236328
2024-04-23,29.459999084472656
2024-04-24,29.299999237060547
2024-04-25,27.260000228881836
2024-04-26,27.030000686645508
2024-04-29,26.84000015258789
2024-04-30,25.940000534057617
2024-05-01,25.670000076293945
2024-05-02,26.40999984741211
2024-05-03,26.149999618530273
2024-05-06,27.420000076293945
2024-05-07,27
2024-05-08,27.18000030517578
2024-05-09,27.280000686645508
2024-05-10,27.360000610351563
2024-05-13,27.979999542236328
2024-05-14,28.1299991607666
2024-05-15,27.770000457763672
2024-05-16,27.979999542236328
2024-05-17,27.860000610351563
2024-05-20,28.200000762939453
2024-05-21,27.969999313354492
2024-05-22,27.8799991607666
2024-05-23,26.649999618530273
2024-05-24,26.84000015258789
2024-05-28,26.520000457763672
2024-05-29,25.510000228881836
2024-05-30,26.110000610351563
2024-05-31,26.84000015258789
2024-06-03,27.690000534057617
2024-06-04,27.799999237060547
2024-06-05,28.459999084472656
2024-06-06,27.850000381469727
2024-06-07,27.75
2024-06-10,29.700000762939453
2024-06-11,28.049999237060547
2024-06-12,28.440000534057617
2024-06-13,28.40999984741211
2024-06-14,28.3799991607666
2024-06-17,28.770000457763672
2024-06-18,28.43000030517578
2024-06-20,28.059999465942383
2024-06-21,28.360000610351563
2024-06-24,28.489999771118164
2024-06-25,28.510000228881836
2024-06-26,28.450000762939453
2024-06-27,28.469999313354492
2024-06-28,28.610000610351563
2024-07-01,28.110000610351563
2024-07-02,28.290000915527344
2024-07-03,28.579999923706055
2024-07-05,26.940000534057617
2024-07-08,27.350000381469727
2024-07-09,27.469999313354492
2024-07-10,27.6299991607666
2024-07-11,26.969999313354492
2024-07-12,27.530000686645508
2024-07-15,27.709999084472656
2024-07-16,28.709999084472656
2024-07-17,28.31999969482422
2024-07-18,27.40999984741211
2024-07-19,27.18000030517578
2024-07-22,27.65999984741211
2024-07-23,27.18000030517578
2024-07-24,26.610000610351563
2024-07-25,28.079999923706055
2024-07-26,27.229999542236328
2024-07-29,26.309999465942383
2024-07-30,27.040000915527344
2024-07-31,26.940000534057617
2024-08-01,26.360000610351563
2024-08-02,25.049999237060547
2024-08-05,23.700000762939453
2024-08-06,24.34000015258789
2024-08-07,24.31999969482422
2024-08-08,25.219999313354492
2024-08-09,25.329999923706055
2024-08-12,25.3799991607666
2024-08-13,25.420000076293945
2024-08-14,25.3799991607666
2024-08-15,26.540000915527344
2024-08-16,26.329999923706055
2024-08-19,26.729999542236328
2024-08-20,26.520000457763672
2024-08-21,26.579999923706055
2024-08-22,26.93000030517578
2024-08-23,28.18000030517578
2024-08-26,28.200000762939453
2024-08-27,29.110000610351563
2024-08-28,28.68000030517578
2024-08-29,28.739999771118164
2024-08-30,28.920000076293945
2024-09-03,29.579999923706055
2024-09-04,29.510000228881836
2024-09-05,29.809999465942383
2024-09-06,29.700000762939453
2024-09-09,29.729999542236328
2024-09-10,29.25
2024-09-11,28.809999465942383
2024-09-12,28.8700008392334
2024-09-13,28.68000030517578
2024-09-16,28.540000915527344
2024-09-17,28.440000534057617
2024-09-18,28.899999618530273
2024-09-19,28.940000534057617
2024-09-20,29.040000915527344
2024-09-23,29.6299991607666
2024-09-24,29.75
2024-09-25,28.389999389648438
2024-09-26,29.93000030517578
2024-09-27,29.530000686645508
2024-09-30,29.6299991607666
2024-10-01,29.8799991607666
2024-10-02,29.56999969482422
2024-10-03,30.510000228881836
2024-10-04,31.25
2024-10-07,31.040000915527344
2024-10-08,30.670000076293945
2024-10-09,30.639999389648438
2024-10-10,30.360000610351563
2024-10-11,30.6200008392334
2024-10-14,30.3700008392334
2024-10-15,30.489999771118164
2024-10-16,30.90999984741211
2024-10-17,30.09000015258789
2024-10-18,30.979999542236328
2024-10-21,30.440000534057617
2024-10-22,30.489999771118164
2024-10-23,30.729999542236328
2024-10-24,29.020000457763672
2024-10-25,29.43000030517578
2024-10-28,30.299999237060547
2024-10-29,31.030000686645508
2024-10-30,31.469999313354492
2024-10-31,30.579999923706055
2024-11-01,30.610000610351563
2024-11-04,29.90999984741211
2024-11-05,30.6299991607666
2024-11-06,31.389999389648438
2024-11-07,31.260000228881836
2024-11-08,31.780000686645508
2024-11-11,32.650001525878906
2024-11-12,32.029998779296875
2024-11-13,32.380001068115234
2024-11-14,32.41999816894531
2024-11-15,32.599998474121094
2024-11-18,32.33000183105469
2024-11-19,32.36000061035156
2024-11-20,31.770000457763672
2024-11-21,31.790000915527344
2024-11-22,31.969999313354492
2024-11-25,32.43000030517578
2024-11-26,31.959999084472656
2024-11-27,32.36000061035156
2024-11-29,32.36000061035156
2024-12-02,33
2024-12-03,32.97999954223633
2024-12-04,34.150001525878906
2024-12-05,34.84000015258789
2024-12-06,34.18000030517578
2024-12-09,33.900001525878906
2024-12-10,33.439998626708984
2024-12-11,33.58000183105469
2024-12-12,33.22999954223633
2024-12-13,33.02000045776367
2024-12-16,32.689998626708984
2024-12-17,32.810001373291016
2024-12-18,32.470001220703125
2024-12-19,32.779998779296875
2024-12-20,33.279998779296875
2024-12-23,33.86000061035156
2024-12-24,34.349998474121094
2024-12-26,34.189998626708984
2024-12-27,34.040000915527344
2024-12-30,33.560001373291016
2024-12-31,33.619998931884766
2025-01-02,33.369998931884766
2025-01-03,33.61000061035156
2025-01-06,33.83000183105469
2025-01-07,32.880001068115234
2025-01-08,32.880001068115234
2025-01-10,33.119998931884766
2025-01-13,32.65999984741211
2025-01-14,33.130001068115234
2025-01-15,32.79999923706055
2025-01-16,32.15999984741211
2025-01-17,32.099998474121094
2025-01-21,33.27000045776367
2025-01-22,31.860000610351563
2025-01-23,31.93000030517578
2025-01-24,32.16999816894531
2025-01-27,32.58000183105469
2025-01-28,31.850000381469727
2025-01-29,31.649999618530273
2025-01-30,31.260000228881836
2025-01-31,30.709999084472656
2025-02-03,30.479999542236328
2025-02-04,30.790000915527344
2025-02-05,30.889999389648438
2025-02-06,31.09000015258789
2025-02-07,31
2025-02-10,30.1299991607666
2025-02-11,29.770000457763672
2025-02-12,29.8799991607666
2025-02-13,29.93000030517578
2025-02-14,30.280000686645508
2025-02-18,30
2025-02-19,30.200000762939453
2025-02-20,30.610000610351563
2025-02-21,29.809999465942383
2025-02-24,30.270000457763672
2025-02-25,30.25
2025-02-26,30.690000534057617
2025-02-27,30.639999389648438
2025-02-28,31.059999465942383
2025-03-03,30.610000610351563
2025-03-04,29.450000762939453
2025-03-05,29.950000762939453
2025-03-06,29.530000686645508
2025-03-07,29.200000762939453
2025-03-10,28.18000030517578
2025-03-11,30.530000686645508
2025-03-12,30.100000381469727
2025-03-13,31
2025-03-14,31.729999542236328
2025-03-17,32.130001068115234
2025-03-18,32.38999938964844
2025-03-19,33.599998474121094
2025-03-20,34.150001525878906
2025-03-21,34.83000183105469
2025-03-24,34.84000015258789
2025-03-25,34.66999816894531
2025-03-26,34.38999938964844
2025-03-27,33.93000030517578
2025-03-28,33.59000015258789
2025-03-31,33.58000183105469
2025-04-01,31.59000015258789
2025-04-02,31.860000610351563
2025-04-03,28.860000610351563
2025-04-04,25.8700008392334
2025-04-07,25.959999084472656
2025-04-08,24.75
2025-04-09,28.549999237060547
2025-04-10,25.790000915527344
2025-04-11,26.190000534057617
2025-04-14,25.559999465942383
2025-04-15,25.809999465942383
2025-04-16,24.860000610351563
2025-04-17,24.739999771118164
2025-04-21,24.040000915527344
2025-04-22,24.75
2025-04-23,25.520000457763672
2025-04-24,26.459999084472656
2025-04-25,26.489999771118164
2025-04-28,26.649999618530273
2025-04-29,27.260000228881836
2025-04-30,27.959999084472656
2025-05-01,28.579999923706055
2025-05-02,29.850000381469727
2025-05-05,30.079999923706055
2025-05-06,29.84000015258789
2025-05-07,30.280000686645508
2025-05-08,31.06999969482422
2025-05-09,31.18000030517578
2025-05-12,31.270000457763672
2025-05-13,31.290000915527344
2025-05-14,31.3799991607666
2025-05-15,31.850000381469727
2025-05-16,32.66999816894531
2025-05-19,32.59000015258789
2025-05-20,32.5
2025-05-21,31.760000228881836
2025-05-22,31.209999084472656
2025-05-23,30.950000762939453
2025-05-27,32.65999984741211
2025-05-28,32.88999938964844
2025-05-29,33.709999084472656
2025-05-30,33.380001068115234
2025-06-02,33.11000061035156
2025-06-03,32.599998474121094
2025-06-04,32.27000045776367
2025-06-05,32.459999084472656
2025-06-06,33.47999954223633
2025-06-09,33.56999969482422
2025-06-10,34.36000061035156
2025-06-11,33.4900016784668
2025-06-12,32.58000183105469
2025-06-13,31.729999542236328
2025-06-16,32.20000076293945
2025-06-17,31.440000534057617
2025-06-18,31.15999984741211
2025-06-20,31.389999389648438
2025-06-23,31.8799991607666
2025-06-24,31.860000610351563
2025-06-25,31.34000015258789
2025-06-26,31.520000457763672
2025-06-27,32.15999984741211
2025-06-30,32.439998626708984
2025-07-01,33.40999984741211
2025-07-02,33.9900016784668
2025-07-03,34.08000183105469
2025-07-07,33.810001373291016
2025-07-08,33.97999954223633
2025-07-09,34.540000915527344
2025-07-10,37.349998474121094
2025-07-11,37.130001068115234
2025-07-14,37.70000076293945
2025-07-15,37.130001068115234
2025-07-16,37.40999984741211
2025-07-17,36.470001220703125
2025-07-18,36.5099983215332
2025-07-21,36.86000061035156
2025-07-22,37.16999816894531
2025-07-23,37.439998626708984
2025-07-24,33.2599983215332
2025-07-25,33.209999084472656
2025-07-28,32.52000045776367
2025-07-29,31.100000381469727
2025-07-30,30.709999084472656
2025-07-31,30.93000030517578
2025-08-01,29.799999237060547
2025-08-04,29.75
2025-08-05,29.920000076293945
2025-08-06,29.709999084472656
2025-08-07,29.559999465942383
2025-08-08,29.6200008392334
2025-08-11,29.059999465942383
2025-08-12,30.719999313354492
2025-08-13,30.969999313354492
2025-08-14,30.700000762939453
2025-08-15,31.5
2025-08-18,31.309999465942383
2025-08-19,31.59000015258789
2025-08-20,31.18000030517578
2025-08-21,31.06999969482422
2025-08-22,32.77000045776367
2025-08-25,32.52000045776367
2025-08-26,33.400001525878906
2025-08-27,33.189998626708984
2025-08-28,32.97999954223633
2025-08-29,32.900001525878906
2025-09-02,32.25
2025-09-03,32.33000183105469
2025-09-04,31.1200008392334
2025-09-05,31.389999389648438
2025-09-08,31.709999084472656
2025-09-09,30.989999771118164
2025-09-10,31.110000610351563
2025-09-11,31.719999313354492
2025-09-12,31.65999984741211
2025-09-15,31.43000030517578
2025-09-16,31.56999969482422
2025-09-17,32.119998931884766
2025-09-18,32.27000045776367
2025-09-19,32.52000045776367
2025-09-22,32.29999923706055
2025-09-23,33.34000015258789
2025-09-24,33.060001373291016
2025-09-25,31.93000030517578
2025-09-26,32.529998779296875
2025-09-29,32.7599983215332
2025-09-30,31.90999984741211
2025-10-01,32.279998779296875
2025-10-02,32.310001373291016
2025-10-03,32.52000045776367
2025-10-06,32.58000183105469
2025-10-07,32.38999938964844
2025-10-08,32.45000076293945
2025-10-09,31.68000030517578
2025-10-10,31.290000915527344
2025-10-13,31.899999618530273
2025-10-14,33.41999816894531
2025-10-15,33.560001373291016
2025-10-16,33.290000915527344
2025-10-17,33.52000045776367
2025-10-20,34.43000030517578
2025-10-21,34.68000030517578
2025-10-22,33.7599983215332
2025-10-23,31.649999618530273
2025-10-24,32.20000076293945
2025-10-27,32.25
2025-10-28,31.09000015258789
2025-10-29,30.65999984741211
2025-10-30,30.09000015258789
2025-10-31,30.299999237060547
2025-11-03,30.43000030517578
2025-11-04,29.670000076293945
2025-11-05,31.6200008392334
2025-11-06,31.510000228881836
2025-11-07,32.45000076293945
2025-11-10,32.65999984741211
2025-11-11,31.989999771118164
2025-11-12,33.34000015258789
2025-11-13,33.040000915527344
2025-11-14,32.81999969482422
2025-11-17,31.850000381469727
2025-11-18,31.959999084472656
2025-11-19,31.920000076293945
2025-11-20,31.15999984741211
2025-11-21,32.79999923706055
2025-11-24,33.279998779296875
2025-11-25,34.36000061035156
2025-11-26,35.060001373291016
2025-11-28,34.810001373291016
2025-12-01,34.77000045776367
2025-12-02,35.43000030517578
2025-12-03,35.68000030517578
2025-12-04,35.810001373291016
2025-12-05,37.849998474121094
2025-12-08,37.95000076293945
2025-12-09,38.150001525878906
2025-12-10,39.83000183105469
2025-12-11,40.7400016784668
2025-12-12,41.16999816894531
2025-12-15,41.720001220703125
2025-12-16,42.16999816894531
2025-12-17,40.97999954223633
2025-12-18,40.72999954223633
2025-12-19,41.2599983215332
2025-12-22,42.2400016784668
2025-12-23,41.560001373291016
2025-12-24,41.47999954223633
2025-12-26,41.279998779296875
2025-12-29,41.119998931884766
2025-12-30,41.27000045776367
2025-12-31,41.33000183105469
2026-01-02,41.29999923706055
2026-01-05,42.439998626708984
2026-01-06,42.47999954223633
2026-01-07,42.63999938964844
2026-01-08,42.91999816894531
2026-01-09,44.52000045776367
2026-01-12,43.849998474121094
2026-01-13,43.20000076293945
2026-01-14,42.54999923706055
2026-01-15,43.099998474121094
2026-01-16,43.119998931884766
2026-01-20,42.380001068115234
2026-01-21,42.849998474121094
2026-01-22,42.439998626708984
2026-01-23,41.95000076293945
2026-01-26,42.029998779296875
2026-01-27,41.34000015258789
2026-01-28,40.86000061035156
2026-01-29,48.5
2026-01-30,47.52000045776367
2026-02-02,49.63999938964844
2026-02-03,51.189998626708984
2026-02-04,52.59000015258789
2026-02-05,52.5099983215332
2026-02-06,54.2599983215332
2026-02-09,53.36000061035156
2026-02-10,54.06999969482422
2026-02-11,51.43000030517578
2026-02-12,50.83000183105469
2026-02-13,51.11000061035156
2026-02-17,54.2599983215332
2026-02-18,54.79999923706055
2026-02-19,52.08000183105469
2026-02-20,52.09000015258789
2026-02-23,50.900001525878906
2026-02-24,50.63999938964844
2026-02-25,49.88999938964844
2026-02-26,50.93000030517578
2026-02-27,49.2599983215332
2026-03-02,48.27000045776367
2026-03-03,47.75
2026-03-04,47.150001525878906
2026-03-05,43.900001525878906
2026-03-06,41.560001373291016
2026-03-09,43.029998779296875
2026-03-10,42.81999969482422
2026-03-11,41.849998474121094
2026-03-12,38.61000061035156
2026-03-13,38.75
2026-03-16,40.22999954223633
2026-03-17,41.119998931884766
2026-03-18,40.189998626708984
2026-03-19,40.869998931884766
2026-03-20,39.40999984741211
2026-03-23,40.349998474121094
2026-03-24,39.83000183105469
2026-03-25,40.189998626708984
2026-03-26,39.529998779296875
2026-03-27,37.36000061035156
2026-03-30,36.290000915527344
