Date,MCK.Close
2020-01-02,138.69000244140625
2020-01-03,136.72000122070313
2020-01-06,138.16000366210938
2020-01-07,137.85000610351563
2020-01-08,140.55999755859375
2020-01-09,141.3000030517578
2020-01-10,143.80999755859375
2020-01-13,143.64999389648438
2020-01-14,150.6699981689453
2020-01-15,154.02999877929688
2020-01-16,156.25999450683594
2020-01-17,156.3300018310547
2020-01-21,155.27000427246094
2020-01-22,155.74000549316406
2020-01-23,155.11000061035156
2020-01-24,152.6199951171875
2020-01-27,150.6300048828125
2020-01-28,152.1199951171875
2020-01-29,149.33999633789063
2020-01-30,147.1999969482422
2020-01-31,142.61000061035156
2020-02-03,143.89999389648438
2020-02-04,149.25
2020-02-05,152.14999389648438
2020-02-06,158.32000732421875
2020-02-07,156.32000732421875
2020-02-10,162.13999938964844
2020-02-11,164.64999389648438
2020-02-12,168.02000427246094
2020-02-13,167.91000366210938
2020-02-14,168.02999877929688
2020-02-18,167.6300048828125
2020-02-19,168.00999450683594
2020-02-20,170.77999877929688
2020-02-21,170.9600067138672
2020-02-24,165.55999755859375
2020-02-25,160.85000610351563
2020-02-26,158.97999572753906
2020-02-27,147.7100067138672
2020-02-28,139.86000061035156
2020-03-02,150.41000366210938
2020-03-03,147.8000030517578
2020-03-04,152.25999450683594
2020-03-05,145.1199951171875
2020-03-06,141.49000549316406
2020-03-09,131.97000122070313
2020-03-10,138
2020-03-11,135.1699981689453
2020-03-12,124.02999877929688
2020-03-13,132.57000732421875
2020-03-16,121.27999877929688
2020-03-17,139.47000122070313
2020-03-18,135.89999389648438
2020-03-19,127.4000015258789
2020-03-20,124.97000122070313
2020-03-23,115.75
2020-03-24,126.30999755859375
2020-03-25,121.23999786376953
2020-03-26,131.66000366210938
2020-03-27,125.69999694824219
2020-03-30,138.02000427246094
2020-03-31,135.25999450683594
2020-04-01,133.05999755859375
2020-04-02,129.1999969482422
2020-04-03,125.48999786376953
2020-04-06,135.1999969482422
2020-04-07,132.0800018310547
2020-04-08,131.55999755859375
2020-04-09,133.32000732421875
2020-04-13,131.02000427246094
2020-04-14,137.66000366210938
2020-04-15,137.97999572753906
2020-04-16,138.11000061035156
2020-04-17,141.61000061035156
2020-04-20,140.49000549316406
2020-04-21,132.44000244140625
2020-04-22,135.22000122070313
2020-04-23,136.57000732421875
2020-04-24,139.94000244140625
2020-04-27,143.27999877929688
2020-04-28,140.36000061035156
2020-04-29,140.25999450683594
2020-04-30,141.25
2020-05-01,134.6999969482422
2020-05-04,135.67999267578125
2020-05-05,133.5500030517578
2020-05-06,131.86000061035156
2020-05-07,134.5800018310547
2020-05-08,135.97000122070313
2020-05-11,140.25999450683594
2020-05-12,134.77000427246094
2020-05-13,129.6300048828125
2020-05-14,129.4199981689453
2020-05-15,136.4499969482422
2020-05-18,142.67999267578125
2020-05-19,144.6300048828125
2020-05-20,146.36000061035156
2020-05-21,145.82000732421875
2020-05-22,149.4199981689453
2020-05-26,149.19000244140625
2020-05-27,155.33999633789063
2020-05-28,156.86000061035156
2020-05-29,158.6699981689453
2020-06-01,158.94000244140625
2020-06-02,163.19000244140625
2020-06-03,161.72000122070313
2020-06-04,159.52000427246094
2020-06-05,161.6199951171875
2020-06-08,164.67999267578125
2020-06-09,161.19000244140625
2020-06-10,154.38999938964844
2020-06-11,146.55999755859375
2020-06-12,148.25
2020-06-15,151.72000122070313
2020-06-16,156.32000732421875
2020-06-17,154.4499969482422
2020-06-18,153.4199981689453
2020-06-19,156.6999969482422
2020-06-22,154.88999938964844
2020-06-23,153.6699981689453
2020-06-24,150.55999755859375
2020-06-25,151.2899932861328
2020-06-26,148.2100067138672
2020-06-29,151.77000427246094
2020-06-30,153.4199981689453
2020-07-01,150.91000366210938
2020-07-02,152.72999572753906
2020-07-06,151.50999450683594
2020-07-07,145.8000030517578
2020-07-08,144.57000732421875
2020-07-09,140.88999938964844
2020-07-10,143.02000427246094
2020-07-13,144.97999572753906
2020-07-14,147.83999633789063
2020-07-15,153.5
2020-07-16,153.3699951171875
2020-07-17,154.80999755859375
2020-07-20,153.5
2020-07-21,155.97999572753906
2020-07-22,156.25
2020-07-23,156.66000366210938
2020-07-24,155.33999633789063
2020-07-27,157.14999389648438
2020-07-28,153.88999938964844
2020-07-29,155.6999969482422
2020-07-30,153.61000061035156
2020-07-31,150.16000366210938
2020-08-03,159.89999389648438
2020-08-04,157.02000427246094
2020-08-05,153.6699981689453
2020-08-06,151.75
2020-08-07,152
2020-08-10,152.38999938964844
2020-08-11,151.30999755859375
2020-08-12,153
2020-08-13,152.19000244140625
2020-08-14,158.6699981689453
2020-08-17,155.7899932861328
2020-08-18,155.5399932861328
2020-08-19,153.33999633789063
2020-08-20,151.88999938964844
2020-08-21,150.97000122070313
2020-08-24,149.66000366210938
2020-08-25,152
2020-08-26,152.0800018310547
2020-08-27,154.25999450683594
2020-08-28,153.8699951171875
2020-08-31,153.44000244140625
2020-09-01,150.22000122070313
2020-09-02,156.25
2020-09-03,154.32000732421875
2020-09-04,152.42999267578125
2020-09-08,149.92999267578125
2020-09-09,152.30999755859375
2020-09-10,150.72999572753906
2020-09-11,150.3699951171875
2020-09-14,150.89999389648438
2020-09-15,150.8699951171875
2020-09-16,152.75
2020-09-17,151.5
2020-09-18,152.1300048828125
2020-09-21,148.22999572753906
2020-09-22,149.61000061035156
2020-09-23,147.08999633789063
2020-09-24,146.55999755859375
2020-09-25,148.50999450683594
2020-09-28,150.08999633789063
2020-09-29,146.55999755859375
2020-09-30,148.92999267578125
2020-10-01,146.9600067138672
2020-10-02,146.97999572753906
2020-10-05,149.17999267578125
2020-10-06,146.22999572753906
2020-10-07,148.1300048828125
2020-10-08,153.99000549316406
2020-10-09,151.2899932861328
2020-10-12,150.67999267578125
2020-10-13,151.63999938964844
2020-10-14,154.00999450683594
2020-10-15,156.5500030517578
2020-10-16,156.6699981689453
2020-10-19,152.4199981689453
2020-10-20,153.0399932861328
2020-10-21,152.6199951171875
2020-10-22,154.22999572753906
2020-10-23,156.41000366210938
2020-10-26,152.27000427246094
2020-10-27,149.2100067138672
2020-10-28,144.10000610351563
2020-10-29,143.7899932861328
2020-10-30,147.49000549316406
2020-11-02,152.02999877929688
2020-11-03,160.00999450683594
2020-11-04,166.0399932861328
2020-11-05,170.9499969482422
2020-11-06,170.9199981689453
2020-11-09,178.50999450683594
2020-11-10,183.44000244140625
2020-11-11,177.80999755859375
2020-11-12,177.94000244140625
2020-11-13,182.99000549316406
2020-11-16,183.66000366210938
2020-11-17,173.63999938964844
2020-11-18,176.52999877929688
2020-11-19,171.94000244140625
2020-11-20,169.8699951171875
2020-11-23,173.47999572753906
2020-11-24,179.75
2020-11-25,179.5
2020-11-27,180
2020-11-30,179.91000366210938
2020-12-01,179
2020-12-02,180.85000610351563
2020-12-03,179.16000366210938
2020-12-04,180.75999450683594
2020-12-07,178.25999450683594
2020-12-08,180.4199981689453
2020-12-09,178.67999267578125
2020-12-10,177.67999267578125
2020-12-11,174.66000366210938
2020-12-14,172.3300018310547
2020-12-15,173.0800018310547
2020-12-16,172.35000610351563
2020-12-17,172.91000366210938
2020-12-18,173.5500030517578
2020-12-21,171.4199981689453
2020-12-22,170.00999450683594
2020-12-23,170.07000732421875
2020-12-24,170.77999877929688
2020-12-28,174.32000732421875
2020-12-29,174.17999267578125
2020-12-30,173.4199981689453
2020-12-31,173.9199981689453
2021-01-04,174.42999267578125
2021-01-05,175.60000610351563
2021-01-06,178.92999267578125
2021-01-07,183.02000427246094
2021-01-08,183.5500030517578
2021-01-11,183.39999389648438
2021-01-12,183.27000427246094
2021-01-13,183.39999389648438
2021-01-14,182.82000732421875
2021-01-15,184.4199981689453
2021-01-19,182.47000122070313
2021-01-20,184.16000366210938
2021-01-21,182.7899932861328
2021-01-22,185.00999450683594
2021-01-25,183.14999389648438
2021-01-26,184.4199981689453
2021-01-27,178.19000244140625
2021-01-28,180.1300048828125
2021-01-29,174.47000122070313
2021-02-01,179.72999572753906
2021-02-02,180.5500030517578
2021-02-03,181.50999450683594
2021-02-04,186.07000732421875
2021-02-05,183.05999755859375
2021-02-08,183.8000030517578
2021-02-09,184.97999572753906
2021-02-10,184.0399932861328
2021-02-11,181.77000427246094
2021-02-12,182.24000549316406
2021-02-16,180.8000030517578
2021-02-17,181.2899932861328
2021-02-18,177.72000122070313
2021-02-19,177.6199951171875
2021-02-22,177.99000549316406
2021-02-23,180.5800018310547
2021-02-24,181.2899932861328
2021-02-25,174.11000061035156
2021-02-26,169.52000427246094
2021-03-01,173.75
2021-03-02,173.72000122070313
2021-03-03,172.2100067138672
2021-03-04,172.30999755859375
2021-03-05,175.11000061035156
2021-03-08,176.08999633789063
2021-03-09,178.72000122070313
2021-03-10,183.50999450683594
2021-03-11,183.1300048828125
2021-03-12,187.5500030517578
2021-03-15,188.8699951171875
2021-03-16,186.5399932861328
2021-03-17,187.00999450683594
2021-03-18,187.99000549316406
2021-03-19,189.77000427246094
2021-03-22,192.3800048828125
2021-03-23,188.42999267578125
2021-03-24,187.8000030517578
2021-03-25,191.4499969482422
2021-03-26,194.08999633789063
2021-03-29,196
2021-03-30,196.52999877929688
2021-03-31,195.0399932861328
2021-04-01,193.57000732421875
2021-04-05,194.61000061035156
2021-04-06,191.4499969482422
2021-04-07,193.25999450683594
2021-04-08,189.47000122070313
2021-04-09,190.8699951171875
2021-04-12,191.7100067138672
2021-04-13,189.16000366210938
2021-04-14,190.61000061035156
2021-04-15,191.3699951171875
2021-04-16,193.17999267578125
2021-04-19,193.69000244140625
2021-04-20,194.52999877929688
2021-04-21,196.0399932861328
2021-04-22,195.3300018310547
2021-04-23,196.10000610351563
2021-04-26,191.6199951171875
2021-04-27,189.3300018310547
2021-04-28,187.94000244140625
2021-04-29,190.27000427246094
2021-04-30,187.55999755859375
2021-05-03,192.1199951171875
2021-05-04,193.6699981689453
2021-05-05,189.0800018310547
2021-05-06,185.08999633789063
2021-05-07,197.61000061035156
2021-05-10,202.1300048828125
2021-05-11,197.94000244140625
2021-05-12,197.07000732421875
2021-05-13,195.75999450683594
2021-05-14,195
2021-05-17,199.36000061035156
2021-05-18,197.2899932861328
2021-05-19,198.74000549316406
2021-05-20,200.41000366210938
2021-05-21,202.67999267578125
2021-05-24,199.63999938964844
2021-05-25,196.02000427246094
2021-05-26,194.3000030517578
2021-05-27,194.30999755859375
2021-05-28,192.38999938964844
2021-06-01,191.8300018310547
2021-06-02,191.3800048828125
2021-06-03,193.86000061035156
2021-06-04,194.94000244140625
2021-06-07,195.02999877929688
2021-06-08,191.92999267578125
2021-06-09,190.5500030517578
2021-06-10,195.50999450683594
2021-06-11,195.5
2021-06-14,192.91000366210938
2021-06-15,194.25999450683594
2021-06-16,191.4199981689453
2021-06-17,189.39999389648438
2021-06-18,184.88999938964844
2021-06-21,188.72000122070313
2021-06-22,190.10000610351563
2021-06-23,188.8300018310547
2021-06-24,188.97999572753906
2021-06-25,191.33999633789063
2021-06-28,192.05999755859375
2021-06-29,191.8000030517578
2021-06-30,191.24000549316406
2021-07-01,192.6699981689453
2021-07-02,192.5800018310547
2021-07-06,189.33999633789063
2021-07-07,189.83999633789063
2021-07-08,188.57000732421875
2021-07-09,189.10000610351563
2021-07-12,189.9600067138672
2021-07-13,189.32000732421875
2021-07-14,189.10000610351563
2021-07-15,189.5
2021-07-16,189.22000122070313
2021-07-19,188.4199981689453
2021-07-20,194.36000061035156
2021-07-21,197.5399932861328
2021-07-22,199.02999877929688
2021-07-23,202.6300048828125
2021-07-26,202.5
2021-07-27,204.1199951171875
2021-07-28,204.16000366210938
2021-07-29,205.22000122070313
2021-07-30,203.8300018310547
2021-08-02,203.57000732421875
2021-08-03,206.4199981689453
2021-08-04,205.3699951171875
2021-08-05,199.6699981689453
2021-08-06,199.92999267578125
2021-08-09,196.8300018310547
2021-08-10,195.07000732421875
2021-08-11,197.30999755859375
2021-08-12,197.99000549316406
2021-08-13,198.42999267578125
2021-08-16,199.9499969482422
2021-08-17,203.1199951171875
2021-08-18,199.72000122070313
2021-08-19,199.25999450683594
2021-08-20,200.41000366210938
2021-08-23,202.3300018310547
2021-08-24,200.41000366210938
2021-08-25,200.3000030517578
2021-08-26,197.63999938964844
2021-08-27,201.1199951171875
2021-08-30,201.1699981689453
2021-08-31,204.13999938964844
2021-09-01,202.99000549316406
2021-09-02,206.8000030517578
2021-09-03,206.27999877929688
2021-09-07,205.49000549316406
2021-09-08,206.1699981689453
2021-09-09,204.63999938964844
2021-09-10,202.72999572753906
2021-09-13,206.0399932861328
2021-09-14,203.99000549316406
2021-09-15,208.66000366210938
2021-09-16,207.77000427246094
2021-09-17,207.75
2021-09-20,201.88999938964844
2021-09-21,201.10000610351563
2021-09-22,202.6300048828125
2021-09-23,202.67999267578125
2021-09-24,203.14999389648438
2021-09-27,204.47000122070313
2021-09-28,202.58999633789063
2021-09-29,205.4499969482422
2021-09-30,199.3800048828125
2021-10-01,200.02000427246094
2021-10-04,199.9600067138672
2021-10-05,198.22000122070313
2021-10-06,198.2100067138672
2021-10-07,199.60000610351563
2021-10-08,200.1999969482422
2021-10-11,201.77999877929688
2021-10-12,200.1300048828125
2021-10-13,199.25999450683594
2021-10-14,203.05999755859375
2021-10-15,204.1699981689453
2021-10-18,200.8000030517578
2021-10-19,202.58999633789063
2021-10-20,206.08999633789063
2021-10-21,207.19000244140625
2021-10-22,209.08999633789063
2021-10-25,207.4499969482422
2021-10-26,207.97000122070313
2021-10-27,203.02999877929688
2021-10-28,205.02000427246094
2021-10-29,207.8800048828125
2021-11-01,208.0800018310547
2021-11-02,218.92999267578125
2021-11-03,224.22999572753906
2021-11-04,223.08999633789063
2021-11-05,221.69000244140625
2021-11-08,220.22999572753906
2021-11-09,219.4600067138672
2021-11-10,219.63999938964844
2021-11-11,222.86000061035156
2021-11-12,224.8300018310547
2021-11-15,221.92999267578125
2021-11-16,220.61000061035156
2021-11-17,223.82000732421875
2021-11-18,225.44000244140625
2021-11-19,220.89999389648438
2021-11-22,222.07000732421875
2021-11-23,226.4499969482422
2021-11-24,226.02000427246094
2021-11-26,221.61000061035156
2021-11-29,223.27000427246094
2021-11-30,216.75999450683594
2021-12-01,215.41000366210938
2021-12-02,220.41000366210938
2021-12-03,218.66000366210938
2021-12-06,224
2021-12-07,224.57000732421875
2021-12-08,226.67999267578125
2021-12-09,230.74000549316406
2021-12-10,233.08999633789063
2021-12-13,230.8000030517578
2021-12-14,229.6300048828125
2021-12-15,232.2899932861328
2021-12-16,232.4499969482422
2021-12-17,233.08999633789063
2021-12-20,234.27000427246094
2021-12-21,236.08999633789063
2021-12-22,236.47999572753906
2021-12-23,240.77999877929688
2021-12-27,245.33999633789063
2021-12-28,246.49000549316406
2021-12-29,248.4600067138672
2021-12-30,248.89999389648438
2021-12-31,248.57000732421875
2022-01-03,248.10000610351563
2022-01-04,248
2022-01-05,247.30999755859375
2022-01-06,244.61000061035156
2022-01-07,249.75999450683594
2022-01-10,250.72000122070313
2022-01-11,254.8300018310547
2022-01-12,254.6300048828125
2022-01-13,254.75
2022-01-14,256.5199890136719
2022-01-18,252.5399932861328
2022-01-19,251.14999389648438
2022-01-20,251.83999633789063
2022-01-21,246.6199951171875
2022-01-24,248.35000610351563
2022-01-25,245.6300048828125
2022-01-26,246.97000122070313
2022-01-27,255.10000610351563
2022-01-28,258.2099914550781
2022-01-31,256.7200012207031
2022-02-01,256.9200134277344
2022-02-02,258.4599914550781
2022-02-03,267.4200134277344
2022-02-04,265.55999755859375
2022-02-07,270.20001220703125
2022-02-08,277.0299987792969
2022-02-09,278.7900085449219
2022-02-10,273.5299987792969
2022-02-11,271.19000244140625
2022-02-14,270.6700134277344
2022-02-15,273.8999938964844
2022-02-16,275.82000732421875
2022-02-17,273.3500061035156
2022-02-18,270.80999755859375
2022-02-22,269
2022-02-23,268.29998779296875
2022-02-24,266.6000061035156
2022-02-25,275.3800048828125
2022-02-28,274.9599914550781
2022-03-01,271.75
2022-03-02,273.79998779296875
2022-03-03,280.1600036621094
2022-03-04,281.82000732421875
2022-03-07,278.4200134277344
2022-03-08,272.75
2022-03-09,276.5299987792969
2022-03-10,280.1199951171875
2022-03-11,281.2300109863281
2022-03-14,284.8500061035156
2022-03-15,290.6300048828125
2022-03-16,291.3599853515625
2022-03-17,294.9200134277344
2022-03-18,299.04998779296875
2022-03-21,299.94000244140625
2022-03-22,299.9200134277344
2022-03-23,300.0199890136719
2022-03-24,303.95001220703125
2022-03-25,310.4800109863281
2022-03-28,308.489990234375
2022-03-29,307
2022-03-30,307.0199890136719
2022-03-31,306.1300048828125
2022-04-01,307
2022-04-04,305.760009765625
2022-04-05,307
2022-04-06,311.57000732421875
2022-04-07,320.1400146484375
2022-04-08,325.8399963378906
2022-04-11,320.6700134277344
2022-04-12,322.5799865722656
2022-04-13,325.6199951171875
2022-04-14,323.25
2022-04-18,326.6499938964844
2022-04-19,324.70001220703125
2022-04-20,331.5400085449219
2022-04-21,331.45001220703125
2022-04-22,318.17999267578125
2022-04-25,317.30999755859375
2022-04-26,316.260009765625
2022-04-27,317.8500061035156
2022-04-28,320.6000061035156
2022-04-29,309.6099853515625
2022-05-02,306.79998779296875
2022-05-03,307.80999755859375
2022-05-04,319.760009765625
2022-05-05,315.2300109863281
2022-05-06,333.989990234375
2022-05-09,326.4700012207031
2022-05-10,329.8299865722656
2022-05-11,332.0899963378906
2022-05-12,322.010009765625
2022-05-13,324.239990234375
2022-05-16,327.8299865722656
2022-05-17,333.1600036621094
2022-05-18,320.6499938964844
2022-05-19,319.1300048828125
2022-05-20,322.8599853515625
2022-05-23,327.6300048828125
2022-05-24,328.79998779296875
2022-05-25,333.4800109863281
2022-05-26,336.4200134277344
2022-05-27,334.9599914550781
2022-05-31,328.69000244140625
2022-06-01,322.2099914550781
2022-06-02,318.5799865722656
2022-06-03,316.3800048828125
2022-06-06,317.6600036621094
2022-06-07,321.6499938964844
2022-06-08,315.0199890136719
2022-06-09,312.0299987792969
2022-06-10,313.3399963378906
2022-06-13,306.989990234375
2022-06-14,306.5199890136719
2022-06-15,307.67999267578125
2022-06-16,304.0199890136719
2022-06-17,300.57000732421875
2022-06-21,309.3800048828125
2022-06-22,311.04998779296875
2022-06-23,314.6600036621094
2022-06-24,321.54998779296875
2022-06-27,326.239990234375
2022-06-28,321.54998779296875
2022-06-29,328.05999755859375
2022-06-30,326.2099914550781
2022-07-01,329.5299987792969
2022-07-05,322.3800048828125
2022-07-06,321.5400085449219
2022-07-07,321.25
2022-07-08,331.20001220703125
2022-07-11,328.80999755859375
2022-07-12,327.3800048828125
2022-07-13,325.17999267578125
2022-07-14,326.489990234375
2022-07-15,330
2022-07-18,326.0299987792969
2022-07-19,329.9700012207031
2022-07-20,326.6000061035156
2022-07-21,327.80999755859375
2022-07-22,330.44000244140625
2022-07-25,336.20001220703125
2022-07-26,337.6700134277344
2022-07-27,339.6199951171875
2022-07-28,340.1199951171875
2022-07-29,341.5799865722656
2022-08-01,342.4200134277344
2022-08-02,335.0899963378906
2022-08-03,327.1000061035156
2022-08-04,337.80999755859375
2022-08-05,346.69000244140625
2022-08-08,347.3800048828125
2022-08-09,354.7699890136719
2022-08-10,359.6099853515625
2022-08-11,358.760009765625
2022-08-12,365.20001220703125
2022-08-15,371.45001220703125
2022-08-16,373.8399963378906
2022-08-17,367.3699951171875
2022-08-18,368.55999755859375
2022-08-19,371.010009765625
2022-08-22,368.1199951171875
2022-08-23,364.0199890136719
2022-08-24,363.2200012207031
2022-08-25,366.8900146484375
2022-08-26,356.7900085449219
2022-08-29,363.0199890136719
2022-08-30,364.010009765625
2022-08-31,367
2022-09-01,363.8299865722656
2022-09-02,363.82000732421875
2022-09-06,360.79998779296875
2022-09-07,366.9599914550781
2022-09-08,370.1600036621094
2022-09-09,366.2099914550781
2022-09-12,363.7300109863281
2022-09-13,347.8900146484375
2022-09-14,341.3999938964844
2022-09-15,341.0199890136719
2022-09-16,346.25
2022-09-19,348.95001220703125
2022-09-20,345.55999755859375
2022-09-21,345.4700012207031
2022-09-22,346.9599914550781
2022-09-23,343.2699890136719
2022-09-26,342.8800048828125
2022-09-27,341.4700012207031
2022-09-28,348.94000244140625
2022-09-29,342
2022-09-30,339.8699951171875
2022-10-03,346.739990234375
2022-10-04,355.3599853515625
2022-10-05,354.3699951171875
2022-10-06,350.8900146484375
2022-10-07,346.67999267578125
2022-10-10,347.32000732421875
2022-10-11,351.54998779296875
2022-10-12,345.3900146484375
2022-10-13,354.4700012207031
2022-10-14,352.6499938964844
2022-10-17,354.489990234375
2022-10-18,360.8800048828125
2022-10-19,360.6600036621094
2022-10-20,359.19000244140625
2022-10-21,370.6400146484375
2022-10-24,379.1099853515625
2022-10-25,382.42999267578125
2022-10-26,385.4100036621094
2022-10-27,388.07000732421875
2022-10-28,394.7200012207031
2022-10-31,389.3699951171875
2022-11-01,382.0400085449219
2022-11-02,389.7900085449219
2022-11-03,397.5799865722656
2022-11-04,396.6499938964844
2022-11-07,395.79998779296875
2022-11-08,390.7699890136719
2022-11-09,386.2200012207031
2022-11-10,370.32000732421875
2022-11-11,356.2099914550781
2022-11-14,361.0799865722656
2022-11-15,353.67999267578125
2022-11-16,363.20001220703125
2022-11-17,366.54998779296875
2022-11-18,369.7300109863281
2022-11-21,368.7900085449219
2022-11-22,377.7300109863281
2022-11-23,380.75
2022-11-25,383.3399963378906
2022-11-28,380.3399963378906
2022-11-29,381.7799987792969
2022-11-30,381.67999267578125
2022-12-01,379.7200012207031
2022-12-02,386.8500061035156
2022-12-05,382.44000244140625
2022-12-06,378.0400085449219
2022-12-07,385.510009765625
2022-12-08,381.6400146484375
2022-12-09,371.4100036621094
2022-12-12,377.75
2022-12-13,371.0899963378906
2022-12-14,372.30999755859375
2022-12-15,368.2799987792969
2022-12-16,372.6400146484375
2022-12-19,375.5400085449219
2022-12-20,375.54998779296875
2022-12-21,380.4599914550781
2022-12-22,381.7900085449219
2022-12-23,383.6700134277344
2022-12-27,380.19000244140625
2022-12-28,377.510009765625
2022-12-29,375.1199951171875
2022-12-30,375.1199951171875
2023-01-03,374.3299865722656
2023-01-04,374.010009765625
2023-01-05,374.04998779296875
2023-01-06,386.04998779296875
2023-01-09,381.9599914550781
2023-01-10,382.6700134277344
2023-01-11,380.79998779296875
2023-01-12,380.8399963378906
2023-01-13,381.80999755859375
2023-01-17,383.4700012207031
2023-01-18,378.3999938964844
2023-01-19,378.7200012207031
2023-01-20,378.0400085449219
2023-01-23,375.0299987792969
2023-01-24,376.5
2023-01-25,376.04998779296875
2023-01-26,384.1199951171875
2023-01-27,379.20001220703125
2023-01-30,378.69000244140625
2023-01-31,378.67999267578125
2023-02-01,370.9800109863281
2023-02-02,366.4800109863281
2023-02-03,362.5799865722656
2023-02-06,358.1300048828125
2023-02-07,363.6099853515625
2023-02-08,366.67999267578125
2023-02-09,362.3599853515625
2023-02-10,368.07000732421875
2023-02-13,366.9599914550781
2023-02-14,365.8500061035156
2023-02-15,363.6400146484375
2023-02-16,363.75
2023-02-17,366.8599853515625
2023-02-21,361.510009765625
2023-02-22,360.70001220703125
2023-02-23,360.3299865722656
2023-02-24,359.1400146484375
2023-02-27,355.3500061035156
2023-02-28,349.80999755859375
2023-03-01,351.75
2023-03-02,347.3399963378906
2023-03-03,345.6700134277344
2023-03-06,347.8900146484375
2023-03-07,337.3299865722656
2023-03-08,338.2799987792969
2023-03-09,335.9700012207031
2023-03-10,336.20001220703125
2023-03-13,335.3999938964844
2023-03-14,336.5
2023-03-15,335.3500061035156
2023-03-16,339.9200134277344
2023-03-17,339.3500061035156
2023-03-20,345.25
2023-03-21,347.4700012207031
2023-03-22,341.82000732421875
2023-03-23,335.8299865722656
2023-03-24,346.55999755859375
2023-03-27,349.3999938964844
2023-03-28,354.4800109863281
2023-03-29,357.1600036621094
2023-03-30,357.7799987792969
2023-03-31,356.04998779296875
2023-04-03,363.7699890136719
2023-04-04,362.989990234375
2023-04-05,373.1700134277344
2023-04-06,370.0899963378906
2023-04-10,370.7699890136719
2023-04-11,366.1700134277344
2023-04-12,362.55999755859375
2023-04-13,364.32000732421875
2023-04-14,362
2023-04-17,363.2799987792969
2023-04-18,360.260009765625
2023-04-19,355.54998779296875
2023-04-20,359.2699890136719
2023-04-21,359.8599853515625
2023-04-24,361.9200134277344
2023-04-25,363.2900085449219
2023-04-26,359.239990234375
2023-04-27,363.80999755859375
2023-04-28,364.239990234375
2023-05-01,354.010009765625
2023-05-02,361
2023-05-03,354.4200134277344
2023-05-04,355.0400085449219
2023-05-05,365.8699951171875
2023-05-08,368.55999755859375
2023-05-09,388.7200012207031
2023-05-10,394.4599914550781
2023-05-11,392.04998779296875
2023-05-12,389.9700012207031
2023-05-15,391.1499938964844
2023-05-16,396.0400085449219
2023-05-17,400.9599914550781
2023-05-18,397.8599853515625
2023-05-19,397.6700134277344
2023-05-22,396.42999267578125
2023-05-23,393.1400146484375
2023-05-24,396.42999267578125
2023-05-25,395.3900146484375
2023-05-26,387.95001220703125
2023-05-30,384.2699890136719
2023-05-31,390.8399963378906
2023-06-01,389.2300109863281
2023-06-02,390.1600036621094
2023-06-05,395.30999755859375
2023-06-06,388.9599914550781
2023-06-07,384.6199951171875
2023-06-08,389.2200012207031
2023-06-09,393.9100036621094
2023-06-12,395.2699890136719
2023-06-13,397
2023-06-14,391.25
2023-06-15,400.07000732421875
2023-06-16,406.20001220703125
2023-06-20,410.3299865722656
2023-06-21,414.4599914550781
2023-06-22,417.2099914550781
2023-06-23,415.760009765625
2023-06-26,414.0899963378906
2023-06-27,414.7300109863281
2023-06-28,415.2099914550781
2023-06-29,420.8800048828125
2023-06-30,427.30999755859375
2023-07-03,420.79998779296875
2023-07-05,418.7900085449219
2023-07-06,415.9100036621094
2023-07-07,414.79998779296875
2023-07-10,414.760009765625
2023-07-11,413.7200012207031
2023-07-12,408.7699890136719
2023-07-13,409.69000244140625
2023-07-14,409.5
2023-07-17,411.6700134277344
2023-07-18,410.6400146484375
2023-07-19,410.989990234375
2023-07-20,418.7699890136719
2023-07-21,414.25
2023-07-24,413.17999267578125
2023-07-25,411.2699890136719
2023-07-26,403.7900085449219
2023-07-27,405.510009765625
2023-07-28,402.8900146484375
2023-07-31,402.3999938964844
2023-08-01,405.0199890136719
2023-08-02,413.07000732421875
2023-08-03,435.1199951171875
2023-08-04,421.7699890136719
2023-08-07,422.2300109863281
2023-08-08,427.7300109863281
2023-08-09,428.3399963378906
2023-08-10,433.989990234375
2023-08-11,440.05999755859375
2023-08-14,438
2023-08-15,430.9100036621094
2023-08-16,429.6199951171875
2023-08-17,416.95001220703125
2023-08-18,420.42999267578125
2023-08-21,425.8500061035156
2023-08-22,418.3900146484375
2023-08-23,421.2900085449219
2023-08-24,423.3500061035156
2023-08-25,423.29998779296875
2023-08-28,423.3999938964844
2023-08-29,421.67999267578125
2023-08-30,421.6000061035156
2023-08-31,412.32000732421875
2023-09-01,412.3399963378906
2023-09-05,407.1300048828125
2023-09-06,411.25
2023-09-07,418.6199951171875
2023-09-08,420.7799987792969
2023-09-11,423.8999938964844
2023-09-12,422.1000061035156
2023-09-13,420.4800109863281
2023-09-14,419.6000061035156
2023-09-15,420.1300048828125
2023-09-18,427.2900085449219
2023-09-19,432.07000732421875
2023-09-20,439.8599853515625
2023-09-21,438.239990234375
2023-09-22,438.6600036621094
2023-09-25,446.4200134277344
2023-09-26,443.0299987792969
2023-09-27,444.3800048828125
2023-09-28,442.0400085449219
2023-09-29,434.8500061035156
2023-10-02,437.4200134277344
2023-10-03,438.489990234375
2023-10-04,442.0299987792969
2023-10-05,445.79998779296875
2023-10-06,445.2900085449219
2023-10-09,451.7799987792969
2023-10-10,454.510009765625
2023-10-11,456.6600036621094
2023-10-12,459.2200012207031
2023-10-13,462.55999755859375
2023-10-16,455.2900085449219
2023-10-17,455.25
2023-10-18,455.7200012207031
2023-10-19,453.2699890136719
2023-10-20,452.80999755859375
2023-10-23,450
2023-10-24,452.04998779296875
2023-10-25,453
2023-10-26,451.6400146484375
2023-10-27,448.0299987792969
2023-10-30,449.42999267578125
2023-10-31,455.3599853515625
2023-11-01,459.5899963378906
2023-11-02,447.6000061035156
2023-11-03,452.760009765625
2023-11-06,460.010009765625
2023-11-07,458.0400085449219
2023-11-08,460.6700134277344
2023-11-09,461.8599853515625
2023-11-10,469.2900085449219
2023-11-13,470.6400146484375
2023-11-14,453.82000732421875
2023-11-15,446.3800048828125
2023-11-16,450.7799987792969
2023-11-17,450.20001220703125
2023-11-20,452.9700012207031
2023-11-21,454.30999755859375
2023-11-22,457.45001220703125
2023-11-24,461.3699951171875
2023-11-27,461.8900146484375
2023-11-28,461.6000061035156
2023-11-29,456.70001220703125
2023-11-30,470.55999755859375
2023-12-01,464.6499938964844
2023-12-04,459.29998779296875
2023-12-05,460.7900085449219
2023-12-06,457.5899963378906
2023-12-07,455.6600036621094
2023-12-08,457.8900146484375
2023-12-11,461.9800109863281
2023-12-12,462.1400146484375
2023-12-13,460.79998779296875
2023-12-14,441.67999267578125
2023-12-15,439.4700012207031
2023-12-18,447.5400085449219
2023-12-19,448.0299987792969
2023-12-20,445.9599914550781
2023-12-21,452.7099914550781
2023-12-22,454.20001220703125
2023-12-26,455.760009765625
2023-12-27,457.489990234375
2023-12-28,457.5
2023-12-29,462.9800109863281
2024-01-02,473.4200134277344
2024-01-03,480.3399963378906
2024-01-04,474.54998779296875
2024-01-05,478.19000244140625
2024-01-08,476.6300048828125
2024-01-09,481.05999755859375
2024-01-10,483.69000244140625
2024-01-11,488.8399963378906
2024-01-12,485.32000732421875
2024-01-16,488.5
2024-01-17,485.82000732421875
2024-01-18,493
2024-01-19,484.6000061035156
2024-01-22,487.32000732421875
2024-01-23,485.3699951171875
2024-01-24,485
2024-01-25,486.3299865722656
2024-01-26,485.2699890136719
2024-01-29,486.4599914550781
2024-01-30,490.0199890136719
2024-01-31,499.8900146484375
2024-02-01,501.8500061035156
2024-02-02,504.45001220703125
2024-02-05,507.94000244140625
2024-02-06,506.8699951171875
2024-02-07,516.97998046875
2024-02-08,494.2300109863281
2024-02-09,501.3500061035156
2024-02-12,494.4800109863281
2024-02-13,504.7699890136719
2024-02-14,501.20001220703125
2024-02-15,505.67999267578125
2024-02-16,511.05999755859375
2024-02-20,506.739990234375
2024-02-21,507.4200134277344
2024-02-22,510.29998779296875
2024-02-23,516.239990234375
2024-02-26,519.20001220703125
2024-02-27,518.97998046875
2024-02-28,523.67999267578125
2024-02-29,521.40997314453125
2024-03-01,525.8800048828125
2024-03-04,534.17999267578125
2024-03-05,528.83001708984375
2024-03-06,525.04998779296875
2024-03-07,528.47998046875
2024-03-08,527.40997314453125
2024-03-11,526.65997314453125
2024-03-12,531.239990234375
2024-03-13,520.21002197265625
2024-03-14,529.3599853515625
2024-03-15,533.6400146484375
2024-03-18,529.71002197265625
2024-03-19,534.34002685546875
2024-03-20,530.75
2024-03-21,534.17999267578125
2024-03-22,532.57000732421875
2024-03-25,532.54998779296875
2024-03-26,536.09002685546875
2024-03-27,539.260009765625
2024-03-28,536.8499755859375
2024-04-01,536.489990234375
2024-04-02,533.27001953125
2024-04-03,540.09002685546875
2024-04-04,534.78997802734375
2024-04-05,538.75
2024-04-08,532.22998046875
2024-04-09,527.280029296875
2024-04-10,529.989990234375
2024-04-11,523.3699951171875
2024-04-12,523.010009765625
2024-04-15,522.67999267578125
2024-04-16,528.3499755859375
2024-04-17,525.91998291015625
2024-04-18,518.80999755859375
2024-04-19,524.83001708984375
2024-04-22,527.32000732421875
2024-04-23,532
2024-04-24,535.41998291015625
2024-04-25,539.94000244140625
2024-04-26,543.29998779296875
2024-04-29,536.09002685546875
2024-04-30,537.21002197265625
2024-05-01,531.0999755859375
2024-05-02,530.27001953125
2024-05-03,528.8599853515625
2024-05-06,533.40997314453125
2024-05-07,545.75
2024-05-08,543.6099853515625
2024-05-09,555.1199951171875
2024-05-10,559.90997314453125
2024-05-13,554.6099853515625
2024-05-14,551.58001708984375
2024-05-15,551.55999755859375
2024-05-16,555.760009765625
2024-05-17,564.52001953125
2024-05-20,564
2024-05-21,552.3900146484375
2024-05-22,557.3800048828125
2024-05-23,558.030029296875
2024-05-24,560.72998046875
2024-05-28,549.260009765625
2024-05-29,558.8900146484375
2024-05-30,560.96002197265625
2024-05-31,569.59002685546875
2024-06-03,573.15997314453125
2024-06-04,573.72998046875
2024-06-05,579.5999755859375
2024-06-06,586.1099853515625
2024-06-07,586.9000244140625
2024-06-10,591.280029296875
2024-06-11,591.28997802734375
2024-06-12,584.78997802734375
2024-06-13,591.07000732421875
2024-06-14,589.95001220703125
2024-06-17,597.45001220703125
2024-06-18,602.92999267578125
2024-06-20,603.239990234375
2024-06-21,603.08001708984375
2024-06-24,607.80999755859375
2024-06-25,604.41998291015625
2024-06-26,599.55999755859375
2024-06-27,593.20001220703125
2024-06-28,584.03997802734375
2024-07-01,586.34002685546875
2024-07-02,584.83001708984375
2024-07-03,583.3499755859375
2024-07-05,587.760009765625
2024-07-08,589.530029296875
2024-07-09,586.80999755859375
2024-07-10,586.82000732421875
2024-07-11,575.22998046875
2024-07-12,576.65997314453125
2024-07-15,578.260009765625
2024-07-16,583.95001220703125
2024-07-17,582.05999755859375
2024-07-18,578.42999267578125
2024-07-19,580.1300048828125
2024-07-22,583
2024-07-23,585.739990234375
2024-07-24,589.989990234375
2024-07-25,595.72998046875
2024-07-26,600.15997314453125
2024-07-29,606.71002197265625
2024-07-30,609.719970703125
2024-07-31,617.02001953125
2024-08-01,629.09002685546875
2024-08-02,630.3800048828125
2024-08-05,612.95001220703125
2024-08-06,614.32000732421875
2024-08-07,617.510009765625
2024-08-08,547.510009765625
2024-08-09,541.1500244140625
2024-08-12,551
2024-08-13,551.75
2024-08-14,552.83001708984375
2024-08-15,545.40997314453125
2024-08-16,547.71002197265625
2024-08-19,548.4000244140625
2024-08-20,548.52001953125
2024-08-21,558.239990234375
2024-08-22,560.9000244140625
2024-08-23,552.1500244140625
2024-08-26,547.469970703125
2024-08-27,550.719970703125
2024-08-28,556.70001220703125
2024-08-29,556.1500244140625
2024-08-30,561.08001708984375
2024-09-03,573.95001220703125
2024-09-04,571.280029296875
2024-09-05,514.75
2024-09-06,504.1700134277344
2024-09-09,509.4200134277344
2024-09-10,505.7300109863281
2024-09-11,510.45001220703125
2024-09-12,511.1700134277344
2024-09-13,518.80999755859375
2024-09-16,519.82000732421875
2024-09-17,513.90997314453125
2024-09-18,511.6199951171875
2024-09-19,508.1600036621094
2024-09-20,508
2024-09-23,505
2024-09-24,480.489990234375
2024-09-25,479.1400146484375
2024-09-26,479.05999755859375
2024-09-27,488.25
2024-09-30,494.4200134277344
2024-10-01,498.4800109863281
2024-10-02,488.7799987792969
2024-10-03,482.2699890136719
2024-10-04,485.4200134277344
2024-10-07,483.6700134277344
2024-10-08,495.0899963378906
2024-10-09,502.1199951171875
2024-10-10,506.25
2024-10-11,505.5899963378906
2024-10-14,509.2799987792969
2024-10-15,513.66998291015625
2024-10-16,510.92999267578125
2024-10-17,508.7200012207031
2024-10-18,509.20001220703125
2024-10-21,508.32000732421875
2024-10-22,505.3800048828125
2024-10-23,501.760009765625
2024-10-24,504.9599914550781
2024-10-25,507.4100036621094
2024-10-28,508.95001220703125
2024-10-29,499.17999267578125
2024-10-30,499.3399963378906
2024-10-31,500.5899963378906
2024-11-01,526.34002685546875
2024-11-04,525.94000244140625
2024-11-05,525.280029296875
2024-11-06,549.30999755859375
2024-11-07,607.510009765625
2024-11-08,613
2024-11-11,615.59002685546875
2024-11-12,617.65997314453125
2024-11-13,624.5999755859375
2024-11-14,610.15997314453125
2024-11-15,606.28997802734375
2024-11-18,615.5999755859375
2024-11-19,615.6500244140625
2024-11-20,621.1400146484375
2024-11-21,628.27001953125
2024-11-22,623.19000244140625
2024-11-25,616.72998046875
2024-11-26,625
2024-11-27,626.3800048828125
2024-11-29,628.5
2024-12-02,621.28997802734375
2024-12-03,617.95001220703125
2024-12-04,611.989990234375
2024-12-05,607.52001953125
2024-12-06,603.530029296875
2024-12-09,591.9000244140625
2024-12-10,583.96002197265625
2024-12-11,576.69000244140625
2024-12-12,579.28997802734375
2024-12-13,576.239990234375
2024-12-16,570.07000732421875
2024-12-17,562.780029296875
2024-12-18,570.97998046875
2024-12-19,579.219970703125
2024-12-20,579.739990234375
2024-12-23,576.760009765625
2024-12-24,579.1300048828125
2024-12-26,578.42999267578125
2024-12-27,576.6400146484375
2024-12-30,570.75
2024-12-31,569.90997314453125
2025-01-02,566.21002197265625
2025-01-03,577.44000244140625
2025-01-06,580.42999267578125
2025-01-07,585.239990234375
2025-01-08,590.260009765625
2025-01-10,581.739990234375
2025-01-13,585.08001708984375
2025-01-14,593.72998046875
2025-01-15,583.45001220703125
2025-01-16,595.19000244140625
2025-01-17,592.57000732421875
2025-01-21,586.08001708984375
2025-01-22,584.3800048828125
2025-01-23,597.16998291015625
2025-01-24,591.58001708984375
2025-01-27,604.42999267578125
2025-01-28,602.95001220703125
2025-01-29,603.17999267578125
2025-01-30,604.5999755859375
2025-01-31,594.75
2025-02-03,599.82000732421875
2025-02-04,603.32000732421875
2025-02-05,606.9000244140625
2025-02-06,599.75
2025-02-07,595.69000244140625
2025-02-10,603.4000244140625
2025-02-11,610.40997314453125
2025-02-12,595
2025-02-13,602.469970703125
2025-02-14,593.69000244140625
2025-02-18,599.41998291015625
2025-02-19,602.739990234375
2025-02-20,603.510009765625
2025-02-21,597.71002197265625
2025-02-24,605.760009765625
2025-02-25,627.08001708984375
2025-02-26,623.6199951171875
2025-02-27,620.8499755859375
2025-02-28,640.260009765625
2025-03-03,644.530029296875
2025-03-04,643.69000244140625
2025-03-05,639.6199951171875
2025-03-06,641.69000244140625
2025-03-07,644.219970703125
2025-03-10,658.84002685546875
2025-03-11,653.19000244140625
2025-03-12,640.65997314453125
2025-03-13,643.69000244140625
2025-03-14,650.42999267578125
2025-03-17,655.25
2025-03-18,661.6099853515625
2025-03-19,663.78997802734375
2025-03-20,666.3599853515625
2025-03-21,661.16998291015625
2025-03-24,660.8599853515625
2025-03-25,663.5999755859375
2025-03-26,663.02001953125
2025-03-27,665.66998291015625
2025-03-28,668.05999755859375
2025-03-31,672.989990234375
2025-04-01,673.69000244140625
2025-04-02,693.530029296875
2025-04-03,716.92999267578125
2025-04-04,683.1099853515625
2025-04-07,661.969970703125
2025-04-08,652.83001708984375
2025-04-09,671.760009765625
2025-04-10,679.33001708984375
2025-04-11,689.3599853515625
2025-04-14,693.97998046875
2025-04-15,692.8599853515625
2025-04-16,694.70001220703125
2025-04-17,697.08001708984375
2025-04-21,682.489990234375
2025-04-22,695.16998291015625
2025-04-23,692.27001953125
2025-04-24,688.42999267578125
2025-04-25,695
2025-04-28,699.72998046875
2025-04-29,707.280029296875
2025-04-30,712.78997802734375
2025-05-01,706.77001953125
2025-05-02,708.40997314453125
2025-05-05,707
2025-05-06,711.07000732421875
2025-05-07,722.3699951171875
2025-05-08,690.25
2025-05-09,693.46002197265625
2025-05-12,687.52001953125
2025-05-13,687.780029296875
2025-05-14,682.280029296875
2025-05-15,706.760009765625
2025-05-16,724.17999267578125
2025-05-19,726.4000244140625
2025-05-20,719.19000244140625
2025-05-21,718.72998046875
2025-05-22,710.6400146484375
2025-05-23,716.09002685546875
2025-05-27,720.3800048828125
2025-05-28,712.1300048828125
2025-05-29,712.8599853515625
2025-05-30,719.510009765625
2025-06-02,721.75
2025-06-03,714.8800048828125
2025-06-04,709.46002197265625
2025-06-05,711.5999755859375
2025-06-06,712.8900146484375
2025-06-09,708.219970703125
2025-06-10,704.8599853515625
2025-06-11,717.760009765625
2025-06-12,730.79998779296875
2025-06-13,728.20001220703125
2025-06-16,719.57000732421875
2025-06-17,724.3800048828125
2025-06-18,728.90997314453125
2025-06-20,720.91998291015625
2025-06-23,721.83001708984375
2025-06-24,720.82000732421875
2025-06-25,718.40997314453125
2025-06-26,722
2025-06-27,725.780029296875
2025-06-30,732.780029296875
2025-07-01,727.739990234375
2025-07-02,705.45001220703125
2025-07-03,719.29998779296875
2025-07-07,735.33001708984375
2025-07-08,724.1099853515625
2025-07-09,727.22998046875
2025-07-10,714.53997802734375
2025-07-11,709.59002685546875
2025-07-14,715.57000732421875
2025-07-15,710.82000732421875
2025-07-16,715.739990234375
2025-07-17,710.280029296875
2025-07-18,709.79998779296875
2025-07-21,711.21002197265625
2025-07-22,709.469970703125
2025-07-23,714
2025-07-24,710.19000244140625
2025-07-25,711.82000732421875
2025-07-28,706.280029296875
2025-07-29,712.1500244140625
2025-07-30,714.91998291015625
2025-07-31,693.53997802734375
2025-08-01,698.79998779296875
2025-08-04,710.94000244140625
2025-08-05,709.489990234375
2025-08-06,703.760009765625
2025-08-07,663.25
2025-08-08,668.58001708984375
2025-08-11,672.77001953125
2025-08-12,659.010009765625
2025-08-13,663.16998291015625
2025-08-14,673.82000732421875
2025-08-15,673.04998779296875
2025-08-18,671.19000244140625
2025-08-19,676.90997314453125
2025-08-20,702.94000244140625
2025-08-21,706
2025-08-22,689.45001220703125
2025-08-25,678.90997314453125
2025-08-26,680.52001953125
2025-08-27,683.510009765625
2025-08-28,681.02001953125
2025-08-29,686.6400146484375
2025-09-02,691.6199951171875
2025-09-03,690.84002685546875
2025-09-04,691.45001220703125
2025-09-05,687.4000244140625
2025-09-08,696.97998046875
2025-09-09,705.54998779296875
2025-09-10,706.25
2025-09-11,719.79998779296875
2025-09-12,711.41998291015625
2025-09-15,702.8800048828125
2025-09-16,693.45001220703125
2025-09-17,692.239990234375
2025-09-18,690.1300048828125
2025-09-19,698.30999755859375
2025-09-22,697
2025-09-23,741.30999755859375
2025-09-24,760.58001708984375
2025-09-25,736.52001953125
2025-09-26,760.54998779296875
2025-09-29,761.82000732421875
2025-09-30,772.53997802734375
2025-10-01,765.08001708984375
2025-10-02,758.70001220703125
2025-10-03,738.05999755859375
2025-10-06,741.28997802734375
2025-10-07,750.1300048828125
2025-10-08,755.75
2025-10-09,757.96002197265625
2025-10-10,763.54998779296875
2025-10-13,769.489990234375
2025-10-14,781.9000244140625
2025-10-15,791.92999267578125
2025-10-16,775.44000244140625
2025-10-17,786
2025-10-20,787.82000732421875
2025-10-21,787.28997802734375
2025-10-22,795.6199951171875
2025-10-23,792.969970703125
2025-10-24,801.66998291015625
2025-10-27,811.44000244140625
2025-10-28,804.59002685546875
2025-10-29,807.6300048828125
2025-10-30,825.530029296875
2025-10-31,811.34002685546875
2025-11-03,820.28997802734375
2025-11-04,841.66998291015625
2025-11-05,844.260009765625
2025-11-06,858.6099853515625
2025-11-07,851.989990234375
2025-11-10,859.3699951171875
2025-11-11,856.44000244140625
2025-11-12,840.75
2025-11-13,846.239990234375
2025-11-14,842.09002685546875
2025-11-17,855.22998046875
2025-11-18,860.75
2025-11-19,852.469970703125
2025-11-20,849.46002197265625
2025-11-21,866.030029296875
2025-11-24,870.21002197265625
2025-11-25,889.280029296875
2025-11-26,883.71002197265625
2025-11-28,881.1199951171875
2025-12-01,856.8900146484375
2025-12-02,829.70001220703125
2025-12-03,805.3699951171875
2025-12-04,814.17999267578125
2025-12-05,808.6199951171875
2025-12-08,797.92999267578125
2025-12-09,795.010009765625
2025-12-10,813.0999755859375
2025-12-11,815.53997802734375
2025-12-12,813.79998779296875
2025-12-15,823.010009765625
2025-12-16,809.96002197265625
2025-12-17,806.52001953125
2025-12-18,810.55999755859375
2025-12-19,820.25
2025-12-22,818.4000244140625
2025-12-23,825.72998046875
2025-12-24,826.42999267578125
2025-12-26,828.260009765625
2025-12-29,830.41998291015625
2025-12-30,827.33001708984375
2025-12-31,820.28997802734375
2026-01-02,823.44000244140625
2026-01-05,824.91998291015625
2026-01-06,826.510009765625
2026-01-07,823.95001220703125
2026-01-08,814.6300048828125
2026-01-09,816.05999755859375
2026-01-12,825.6199951171875
2026-01-13,823.97998046875
2026-01-14,834.15997314453125
2026-01-15,844.1300048828125
2026-01-16,840.46002197265625
2026-01-20,821.84002685546875
2026-01-21,823.25
2026-01-22,817.04998779296875
2026-01-23,820.22998046875
2026-01-26,826.6199951171875
2026-01-27,834.17999267578125
2026-01-28,826.6199951171875
2026-01-29,822.29998779296875
2026-01-30,831.21002197265625
2026-02-02,846.510009765625
2026-02-03,851.1199951171875
2026-02-04,822
2026-02-05,957.79998779296875
2026-02-06,948.67999267578125
2026-02-09,962.32000732421875
2026-02-10,935.21002197265625
2026-02-11,953.19000244140625
2026-02-12,916
2026-02-13,934.75
2026-02-17,946.469970703125
2026-02-18,946.969970703125
2026-02-19,937.1400146484375
2026-02-20,947.47998046875
2026-02-23,949.25
2026-02-24,957.3599853515625
2026-02-25,963.239990234375
2026-02-26,974.45001220703125
2026-02-27,987.3699951171875
2026-03-02,990.95001220703125
2026-03-03,995.69000244140625
2026-03-04,978.71002197265625
2026-03-05,931.3499755859375
2026-03-06,919.260009765625
2026-03-09,942.15997314453125
2026-03-10,928.69000244140625
2026-03-11,934.28997802734375
2026-03-12,944.3599853515625
2026-03-13,940.90997314453125
2026-03-16,943.25
2026-03-17,941.8900146484375
2026-03-18,920.3499755859375
2026-03-19,898.95001220703125
2026-03-20,885.84002685546875
2026-03-23,877.010009765625
2026-03-24,881.94000244140625
2026-03-25,879.75
2026-03-26,863.55999755859375
2026-03-27,860.15997314453125
2026-03-30,860.19000244140625
