Date,MET.Close
2020-01-02,51.619998931884766
2020-01-03,51.09000015258789
2020-01-06,50.95000076293945
2020-01-07,51.290000915527344
2020-01-08,51.83000183105469
2020-01-09,52.369998931884766
2020-01-10,52.470001220703125
2020-01-13,52.58000183105469
2020-01-14,52.189998626708984
2020-01-15,51.849998474121094
2020-01-16,52.20000076293945
2020-01-17,52.61000061035156
2020-01-21,51.7599983215332
2020-01-22,51.900001525878906
2020-01-23,51.79999923706055
2020-01-24,51.27000045776367
2020-01-27,50.09000015258789
2020-01-28,50.54999923706055
2020-01-29,50.4900016784668
2020-01-30,51.279998779296875
2020-01-31,49.709999084472656
2020-02-03,49.689998626708984
2020-02-04,50.20000076293945
2020-02-05,51.529998779296875
2020-02-06,51.869998931884766
2020-02-07,51.58000183105469
2020-02-10,51.880001068115234
2020-02-11,52.38999938964844
2020-02-12,52.470001220703125
2020-02-13,52.380001068115234
2020-02-14,52.279998779296875
2020-02-18,51.83000183105469
2020-02-19,51.790000915527344
2020-02-20,52.279998779296875
2020-02-21,51.22999954223633
2020-02-24,49.380001068115234
2020-02-25,47.58000183105469
2020-02-26,46.91999816894531
2020-02-27,43.88999938964844
2020-02-28,42.720001220703125
2020-03-02,44.560001373291016
2020-03-03,42.56999969482422
2020-03-04,43.83000183105469
2020-03-05,40.619998931884766
2020-03-06,39.18000030517578
2020-03-09,32.65999984741211
2020-03-10,35.02000045776367
2020-03-11,33.29999923706055
2020-03-12,28.299999237060547
2020-03-13,31.93000030517578
2020-03-16,26.799999237060547
2020-03-17,28.43000030517578
2020-03-18,28.18000030517578
2020-03-19,26.799999237060547
2020-03-20,24.3799991607666
2020-03-23,23.530000686645508
2020-03-24,27.610000610351563
2020-03-25,29.739999771118164
2020-03-26,32.529998779296875
2020-03-27,30.8700008392334
2020-03-30,32.029998779296875
2020-03-31,30.56999969482422
2020-04-01,27.899999618530273
2020-04-02,28.049999237060547
2020-04-03,27.719999313354492
2020-04-06,30.6299991607666
2020-04-07,31.579999923706055
2020-04-08,33.470001220703125
2020-04-09,35.459999084472656
2020-04-13,34.31999969482422
2020-04-14,34.43000030517578
2020-04-15,32.470001220703125
2020-04-16,30.950000762939453
2020-04-17,33.060001373291016
2020-04-20,32.54999923706055
2020-04-21,31.459999084472656
2020-04-22,31.760000228881836
2020-04-23,31.899999618530273
2020-04-24,33.29999923706055
2020-04-27,34.41999816894531
2020-04-28,35.18000030517578
2020-04-29,37.47999954223633
2020-04-30,36.08000183105469
2020-05-01,34.68000030517578
2020-05-04,34.18000030517578
2020-05-05,34.27000045776367
2020-05-06,32.970001220703125
2020-05-07,34.439998626708984
2020-05-08,35.220001220703125
2020-05-11,33.970001220703125
2020-05-12,32.369998931884766
2020-05-13,30.770000457763672
2020-05-14,31.829999923706055
2020-05-15,31.719999313354492
2020-05-18,33.41999816894531
2020-05-19,32.38999938964844
2020-05-20,33.15999984741211
2020-05-21,33.4900016784668
2020-05-22,33.34000015258789
2020-05-26,36.099998474121094
2020-05-27,36.93000030517578
2020-05-28,36.459999084472656
2020-05-29,36.0099983215332
2020-06-01,36.369998931884766
2020-06-02,36.38999938964844
2020-06-03,37.880001068115234
2020-06-04,39.34000015258789
2020-06-05,40.7400016784668
2020-06-08,43
2020-06-09,41.54999923706055
2020-06-10,39.5
2020-06-11,35.93000030517578
2020-06-12,37.45000076293945
2020-06-15,38.06999969482422
2020-06-16,38.689998626708984
2020-06-17,37.81999969482422
2020-06-18,38.11000061035156
2020-06-19,37.31999969482422
2020-06-22,36.93000030517578
2020-06-23,37.040000915527344
2020-06-24,35.529998779296875
2020-06-25,36.34000015258789
2020-06-26,35.06999969482422
2020-06-29,35.56999969482422
2020-06-30,36.52000045776367
2020-07-01,35.5099983215332
2020-07-02,35.650001525878906
2020-07-06,37.09000015258789
2020-07-07,36.02000045776367
2020-07-08,36.77000045776367
2020-07-09,35.38999938964844
2020-07-10,36.939998626708984
2020-07-13,37.40999984741211
2020-07-14,37.88999938964844
2020-07-15,38.63999938964844
2020-07-16,38.72999954223633
2020-07-17,38.470001220703125
2020-07-20,37.779998779296875
2020-07-21,38.31999969482422
2020-07-22,38.41999816894531
2020-07-23,38.560001373291016
2020-07-24,38.220001220703125
2020-07-27,37.79999923706055
2020-07-28,37.59000015258789
2020-07-29,38.68000030517578
2020-07-30,37.54999923706055
2020-07-31,37.849998474121094
2020-08-03,37.29999923706055
2020-08-04,36.900001525878906
2020-08-05,38.279998779296875
2020-08-06,36.97999954223633
2020-08-07,38.720001220703125
2020-08-10,39.779998779296875
2020-08-11,40.56999969482422
2020-08-12,40.040000915527344
2020-08-13,39.439998626708984
2020-08-14,39.61000061035156
2020-08-17,38.880001068115234
2020-08-18,38.310001373291016
2020-08-19,38.20000076293945
2020-08-20,37.619998931884766
2020-08-21,37.279998779296875
2020-08-24,38.619998931884766
2020-08-25,38.65999984741211
2020-08-26,38.31999969482422
2020-08-27,39.06999969482422
2020-08-28,39.41999816894531
2020-08-31,38.459999084472656
2020-09-01,38.5
2020-09-02,38.81999969482422
2020-09-03,38.20000076293945
2020-09-04,39.150001525878906
2020-09-08,37.880001068115234
2020-09-09,38.279998779296875
2020-09-10,37.689998626708984
2020-09-11,38.22999954223633
2020-09-14,38.84000015258789
2020-09-15,37.5099983215332
2020-09-16,37.630001068115234
2020-09-17,39.31999969482422
2020-09-18,39.66999816894531
2020-09-21,37.43000030517578
2020-09-22,36.95000076293945
2020-09-23,36.09000015258789
2020-09-24,35.75
2020-09-25,36.2599983215332
2020-09-28,37.25
2020-09-29,36.77000045776367
2020-09-30,37.16999816894531
2020-10-01,37.2599983215332
2020-10-02,37.630001068115234
2020-10-05,38.52000045776367
2020-10-06,38.369998931884766
2020-10-07,39.34000015258789
2020-10-08,39.849998474121094
2020-10-09,39.47999954223633
2020-10-12,40.34000015258789
2020-10-13,39
2020-10-14,38.970001220703125
2020-10-15,39.130001068115234
2020-10-16,39.279998779296875
2020-10-19,39.06999969482422
2020-10-20,39.34000015258789
2020-10-21,39.130001068115234
2020-10-22,40.61000061035156
2020-10-23,40.939998626708984
2020-10-26,39.380001068115234
2020-10-27,37.77000045776367
2020-10-28,36.599998474121094
2020-10-29,37.310001373291016
2020-10-30,37.849998474121094
2020-11-02,38.70000076293945
2020-11-03,39.970001220703125
2020-11-04,39
2020-11-05,41.130001068115234
2020-11-06,40.47999954223633
2020-11-09,44.939998626708984
2020-11-10,46.029998779296875
2020-11-11,45.5099983215332
2020-11-12,43.779998779296875
2020-11-13,44.7400016784668
2020-11-16,46.029998779296875
2020-11-17,46.0099983215332
2020-11-18,45.709999084472656
2020-11-19,45.5099983215332
2020-11-20,45.869998931884766
2020-11-23,47.16999816894531
2020-11-24,48.66999816894531
2020-11-25,47.7599983215332
2020-11-27,47.45000076293945
2020-11-30,46.16999816894531
2020-12-01,46.90999984741211
2020-12-02,47.709999084472656
2020-12-03,47.709999084472656
2020-12-04,48.470001220703125
2020-12-07,47.58000183105469
2020-12-08,47.52000045776367
2020-12-09,47.63999938964844
2020-12-10,47.54999923706055
2020-12-11,47.189998626708984
2020-12-14,45.84000015258789
2020-12-15,46.2400016784668
2020-12-16,46.31999969482422
2020-12-17,46.4900016784668
2020-12-18,45.650001525878906
2020-12-21,45.459999084472656
2020-12-22,45.209999084472656
2020-12-23,46.130001068115234
2020-12-24,46.310001373291016
2020-12-28,46.25
2020-12-29,46.0099983215332
2020-12-30,46.400001525878906
2020-12-31,46.95000076293945
2021-01-04,46.08000183105469
2021-01-05,46.650001525878906
2021-01-06,49.43000030517578
2021-01-07,49.58000183105469
2021-01-08,49.40999984741211
2021-01-11,49.400001525878906
2021-01-12,50.20000076293945
2021-01-13,50.33000183105469
2021-01-14,51.56999969482422
2021-01-15,51.13999938964844
2021-01-19,52.119998931884766
2021-01-20,51.650001525878906
2021-01-21,51.06999969482422
2021-01-22,50.86000061035156
2021-01-25,50.61000061035156
2021-01-26,50.11000061035156
2021-01-27,48.40999984741211
2021-01-28,49.56999969482422
2021-01-29,48.150001525878906
2021-02-01,48.470001220703125
2021-02-02,48.93000030517578
2021-02-03,49.369998931884766
2021-02-04,51.900001525878906
2021-02-05,52.58000183105469
2021-02-08,54.18000030517578
2021-02-09,54.41999816894531
2021-02-10,54.959999084472656
2021-02-11,55.310001373291016
2021-02-12,55.66999816894531
2021-02-16,56.0099983215332
2021-02-17,55.40999984741211
2021-02-18,54.9900016784668
2021-02-19,56.06999969482422
2021-02-22,57.439998626708984
2021-02-23,57.43000030517578
2021-02-24,59.560001373291016
2021-02-25,58.2599983215332
2021-02-26,57.599998474121094
2021-03-01,59.439998626708984
2021-03-02,58.959999084472656
2021-03-03,59.439998626708984
2021-03-04,58.630001068115234
2021-03-05,59.709999084472656
2021-03-08,60.369998931884766
2021-03-09,59.650001525878906
2021-03-10,60.47999954223633
2021-03-11,60.0099983215332
2021-03-12,61.09000015258789
2021-03-15,60.540000915527344
2021-03-16,59.310001373291016
2021-03-17,60.150001525878906
2021-03-18,61.7599983215332
2021-03-19,61.290000915527344
2021-03-22,60.11000061035156
2021-03-23,58.65999984741211
2021-03-24,58.540000915527344
2021-03-25,60.040000915527344
2021-03-26,60.81999969482422
2021-03-29,60.15999984741211
2021-03-30,61.439998626708984
2021-03-31,60.790000915527344
2021-04-01,61.599998474121094
2021-04-05,61.58000183105469
2021-04-06,61.2599983215332
2021-04-07,61.779998779296875
2021-04-08,61.310001373291016
2021-04-09,61.91999816894531
2021-04-12,62.65999984741211
2021-04-13,62.04999923706055
2021-04-14,62.72999954223633
2021-04-15,62.29999923706055
2021-04-16,63.06999969482422
2021-04-19,63.099998474121094
2021-04-20,61.15999984741211
2021-04-21,62.650001525878906
2021-04-22,61.900001525878906
2021-04-23,62.790000915527344
2021-04-26,62.790000915527344
2021-04-27,63.36000061035156
2021-04-28,63.72999954223633
2021-04-29,64.43000030517578
2021-04-30,63.630001068115234
2021-05-03,64.220001220703125
2021-05-04,64.30999755859375
2021-05-05,65.410003662109375
2021-05-06,66.94999694824219
2021-05-07,67.160003662109375
2021-05-10,66.470001220703125
2021-05-11,64.7300033569336
2021-05-12,63.41999816894531
2021-05-13,64.55000305175781
2021-05-14,65.9000015258789
2021-05-17,65.69999694824219
2021-05-18,65.38999938964844
2021-05-19,64.83000183105469
2021-05-20,64.45999908447266
2021-05-21,64.70999908447266
2021-05-24,65.37000274658203
2021-05-25,64.0199966430664
2021-05-26,64.2699966430664
2021-05-27,65.660003662109375
2021-05-28,65.36000061035156
2021-06-01,66.51000213623047
2021-06-02,66.089996337890625
2021-06-03,66.37000274658203
2021-06-04,66.55999755859375
2021-06-07,66.20999908447266
2021-06-08,66.04000091552734
2021-06-09,64.68000030517578
2021-06-10,63.88999938964844
2021-06-11,64.11000061035156
2021-06-14,63.310001373291016
2021-06-15,63.77000045776367
2021-06-16,63.709999084472656
2021-06-17,60.25
2021-06-18,58.29999923706055
2021-06-21,59.68000030517578
2021-06-22,59.27000045776367
2021-06-23,59.25
2021-06-24,60.0099983215332
2021-06-25,61.02000045776367
2021-06-28,59.75
2021-06-29,59.47999954223633
2021-06-30,59.849998474121094
2021-07-01,60.5099983215332
2021-07-02,60.41999816894531
2021-07-06,58.900001525878906
2021-07-07,58.84000015258789
2021-07-08,56.689998626708984
2021-07-09,58.86000061035156
2021-07-12,59.560001373291016
2021-07-13,58.68000030517578
2021-07-14,58.2400016784668
2021-07-15,58.63999938964844
2021-07-16,57.58000183105469
2021-07-19,55.86000061035156
2021-07-20,57.70000076293945
2021-07-21,58.9900016784668
2021-07-22,57.810001373291016
2021-07-23,57.630001068115234
2021-07-26,58.04999923706055
2021-07-27,57.7400016784668
2021-07-28,57.63999938964844
2021-07-29,58.22999954223633
2021-07-30,57.70000076293945
2021-08-02,57.83000183105469
2021-08-03,58.290000915527344
2021-08-04,57.130001068115234
2021-08-05,58.84000015258789
2021-08-06,60.709999084472656
2021-08-09,60.459999084472656
2021-08-10,61.72999954223633
2021-08-11,62.599998474121094
2021-08-12,62.66999816894531
2021-08-13,62.4900016784668
2021-08-16,61.97999954223633
2021-08-17,61.470001220703125
2021-08-18,60.970001220703125
2021-08-19,60.279998779296875
2021-08-20,60.5099983215332
2021-08-23,61.16999816894531
2021-08-24,61.689998626708984
2021-08-25,62.470001220703125
2021-08-26,61.790000915527344
2021-08-27,62.77000045776367
2021-08-30,61.869998931884766
2021-08-31,62
2021-09-01,61.310001373291016
2021-09-02,61.65999984741211
2021-09-03,61.220001220703125
2021-09-07,60.880001068115234
2021-09-08,60.97999954223633
2021-09-09,61.029998779296875
2021-09-10,60.77000045776367
2021-09-13,61.790000915527344
2021-09-14,60.779998779296875
2021-09-15,62.06999969482422
2021-09-16,62.220001220703125
2021-09-17,61.720001220703125
2021-09-20,59.310001373291016
2021-09-21,58.470001220703125
2021-09-22,59.45000076293945
2021-09-23,61.2599983215332
2021-09-24,61.36000061035156
2021-09-27,63.61000061035156
2021-09-28,62.790000915527344
2021-09-29,62.58000183105469
2021-09-30,61.72999954223633
2021-10-01,62.52000045776367
2021-10-04,62.369998931884766
2021-10-05,64.2699966430664
2021-10-06,63.97999954223633
2021-10-07,64.55000305175781
2021-10-08,64.98999786376953
2021-10-11,65.12000274658203
2021-10-12,64.779998779296875
2021-10-13,64.1500015258789
2021-10-14,65.5199966430664
2021-10-15,65.56999969482422
2021-10-18,65.19999694824219
2021-10-19,65.69000244140625
2021-10-20,66.5999984741211
2021-10-21,65.80999755859375
2021-10-22,65.87000274658203
2021-10-25,65.63999938964844
2021-10-26,65.45999908447266
2021-10-27,64.29000091552734
2021-10-28,65.2699966430664
2021-10-29,62.79999923706055
2021-11-01,64.1500015258789
2021-11-02,63.689998626708984
2021-11-03,65.279998779296875
2021-11-04,63.90999984741211
2021-11-05,63.9900016784668
2021-11-08,63.7400016784668
2021-11-09,62.970001220703125
2021-11-10,63.349998474121094
2021-11-11,63.630001068115234
2021-11-12,64.19000244140625
2021-11-15,64.1500015258789
2021-11-16,63.40999984741211
2021-11-17,63.130001068115234
2021-11-18,62.65999984741211
2021-11-19,61.150001525878906
2021-11-22,62.5099983215332
2021-11-23,63.36000061035156
2021-11-24,62.630001068115234
2021-11-26,60.099998474121094
2021-11-29,59.88999938964844
2021-11-30,58.65999984741211
2021-12-01,57.11000061035156
2021-12-02,59.33000183105469
2021-12-03,59.41999816894531
2021-12-06,59.66999816894531
2021-12-07,60.529998779296875
2021-12-08,60.619998931884766
2021-12-09,60.880001068115234
2021-12-10,60.630001068115234
2021-12-13,59.869998931884766
2021-12-14,60.79999923706055
2021-12-15,60.81999969482422
2021-12-16,61.38999938964844
2021-12-17,60.25
2021-12-20,58.59000015258789
2021-12-21,60.31999969482422
2021-12-22,60.880001068115234
2021-12-23,61.779998779296875
2021-12-27,62.4900016784668
2021-12-28,62.61000061035156
2021-12-29,62.68000030517578
2021-12-30,62.58000183105469
2021-12-31,62.4900016784668
2022-01-03,63.22999954223633
2022-01-04,64.94000244140625
2022-01-05,64.62999725341797
2022-01-06,66.44999694824219
2022-01-07,67.26000213623047
2022-01-10,67.5
2022-01-11,68
2022-01-12,67.62000274658203
2022-01-13,67.88999938964844
2022-01-14,68.37000274658203
2022-01-18,68.19000244140625
2022-01-19,66.76000213623047
2022-01-20,66.45999908447266
2022-01-21,65.61000061035156
2022-01-24,65.410003662109375
2022-01-25,65.43000030517578
2022-01-26,66.05999755859375
2022-01-27,65.30999755859375
2022-01-28,66.05999755859375
2022-01-31,67.05999755859375
2022-02-01,68.089996337890625
2022-02-02,68.529998779296875
2022-02-03,67.7300033569336
2022-02-04,68.98999786376953
2022-02-07,68.87000274658203
2022-02-08,70.33000183105469
2022-02-09,70.41999816894531
2022-02-10,70.5
2022-02-11,71.029998779296875
2022-02-14,70.12999725341797
2022-02-15,71.56999969482422
2022-02-16,71.529998779296875
2022-02-17,69.80999755859375
2022-02-18,69.55000305175781
2022-02-22,68.95999908447266
2022-02-23,68.05000305175781
2022-02-24,66.220001220703125
2022-02-25,68.55999755859375
2022-02-28,67.55000305175781
2022-03-01,64.44000244140625
2022-03-02,66.410003662109375
2022-03-03,66.55999755859375
2022-03-04,63.97999954223633
2022-03-07,61.970001220703125
2022-03-08,61.959999084472656
2022-03-09,64.44000244140625
2022-03-10,64.279998779296875
2022-03-11,64.19999694824219
2022-03-14,64.69000244140625
2022-03-15,65.31999969482422
2022-03-16,67.5199966430664
2022-03-17,68.16999816894531
2022-03-18,68.44999694824219
2022-03-21,68.7699966430664
2022-03-22,70.31999969482422
2022-03-23,69.41999816894531
2022-03-24,70.19000244140625
2022-03-25,71.29000091552734
2022-03-28,71.279998779296875
2022-03-29,71.51000213623047
2022-03-30,71.62999725341797
2022-03-31,70.279998779296875
2022-04-01,70.5
2022-04-04,69.63999938964844
2022-04-05,70.01000213623047
2022-04-06,70.06999969482422
2022-04-07,69.55000305175781
2022-04-08,70.61000061035156
2022-04-11,70.58000183105469
2022-04-12,70.160003662109375
2022-04-13,70.44999694824219
2022-04-14,70.63999938964844
2022-04-18,71.2300033569336
2022-04-19,71.839996337890625
2022-04-20,72.44000244140625
2022-04-21,71.58000183105469
2022-04-22,69.55999755859375
2022-04-25,69.08000183105469
2022-04-26,66.720001220703125
2022-04-27,66.9000015258789
2022-04-28,67.7699966430664
2022-04-29,65.68000030517578
2022-05-02,66.13999938964844
2022-05-03,66.63999938964844
2022-05-04,68.30999755859375
2022-05-05,67.5
2022-05-06,67.54000091552734
2022-05-09,65.63999938964844
2022-05-10,64.80999755859375
2022-05-11,64.12000274658203
2022-05-12,62.90999984741211
2022-05-13,63.41999816894531
2022-05-16,63.619998931884766
2022-05-17,64.98999786376953
2022-05-18,63.31999969482422
2022-05-19,62.38999938964844
2022-05-20,62.04999923706055
2022-05-23,63.95000076293945
2022-05-24,63.880001068115234
2022-05-25,64.5999984741211
2022-05-26,66.910003662109375
2022-05-27,67.720001220703125
2022-05-31,67.38999938964844
2022-06-01,66.660003662109375
2022-06-02,67.029998779296875
2022-06-03,66.19000244140625
2022-06-06,66.87999725341797
2022-06-07,67.69000244140625
2022-06-08,67.23999786376953
2022-06-09,66.01000213623047
2022-06-10,63.470001220703125
2022-06-13,61.040000915527344
2022-06-14,61.86000061035156
2022-06-15,62.310001373291016
2022-06-16,61.290000915527344
2022-06-17,60.869998931884766
2022-06-21,62.529998779296875
2022-06-22,61.75
2022-06-23,61.33000183105469
2022-06-24,64.220001220703125
2022-06-27,63.58000183105469
2022-06-28,63.7400016784668
2022-06-29,62.93000030517578
2022-06-30,62.790000915527344
2022-07-01,63.68000030517578
2022-07-05,62.34000015258789
2022-07-06,61.93000030517578
2022-07-07,63.029998779296875
2022-07-08,62.630001068115234
2022-07-11,62.11000061035156
2022-07-12,61.790000915527344
2022-07-13,59.95000076293945
2022-07-14,57.90999984741211
2022-07-15,59.029998779296875
2022-07-18,59.099998474121094
2022-07-19,60.79999923706055
2022-07-20,61.279998779296875
2022-07-21,61.11000061035156
2022-07-22,60.849998474121094
2022-07-25,61.630001068115234
2022-07-26,61.25
2022-07-27,62.25
2022-07-28,61.849998474121094
2022-07-29,63.25
2022-08-01,62.88999938964844
2022-08-02,62.0099983215332
2022-08-03,63.599998474121094
2022-08-04,63.79999923706055
2022-08-05,63.29999923706055
2022-08-08,62.939998626708984
2022-08-09,63.900001525878906
2022-08-10,65.93000030517578
2022-08-11,66.69000244140625
2022-08-12,67.80999755859375
2022-08-15,67.339996337890625
2022-08-16,67.660003662109375
2022-08-17,67.470001220703125
2022-08-18,68.01000213623047
2022-08-19,67.38999938964844
2022-08-22,65.910003662109375
2022-08-23,65.66999816894531
2022-08-24,66.04000091552734
2022-08-25,67.2699966430664
2022-08-26,65.68000030517578
2022-08-29,65.43000030517578
2022-08-30,64.9800033569336
2022-08-31,64.33000183105469
2022-09-01,64.839996337890625
2022-09-02,65.05999755859375
2022-09-06,65.05000305175781
2022-09-07,66.16999816894531
2022-09-08,66.81999969482422
2022-09-09,67.63999938964844
2022-09-12,68.5199966430664
2022-09-13,66.470001220703125
2022-09-14,66.410003662109375
2022-09-15,65.69000244140625
2022-09-16,65.08000183105469
2022-09-19,66.279998779296875
2022-09-20,65.48999786376953
2022-09-21,64.5199966430664
2022-09-22,63.470001220703125
2022-09-23,61.86000061035156
2022-09-26,60.86000061035156
2022-09-27,60.7599983215332
2022-09-28,61.86000061035156
2022-09-29,61.06999969482422
2022-09-30,60.779998779296875
2022-10-03,62.619998931884766
2022-10-04,65.45999908447266
2022-10-05,65.26000213623047
2022-10-06,64.55000305175781
2022-10-07,63.25
2022-10-10,63.38999938964844
2022-10-11,63.31999969482422
2022-10-12,62.58000183105469
2022-10-13,65.23999786376953
2022-10-14,65.12000274658203
2022-10-17,66.2699966430664
2022-10-18,67.37999725341797
2022-10-19,67.339996337890625
2022-10-20,66.0199966430664
2022-10-21,68.05999755859375
2022-10-24,69.37999725341797
2022-10-25,70.93000030517578
2022-10-26,70.8499984741211
2022-10-27,71.1500015258789
2022-10-28,73.13999938964844
2022-10-31,73.20999908447266
2022-11-01,73.94000244140625
2022-11-02,73.56999969482422
2022-11-03,73.11000061035156
2022-11-04,74.11000061035156
2022-11-07,73.93000030517578
2022-11-08,73.410003662109375
2022-11-09,72.7699966430664
2022-11-10,74.720001220703125
2022-11-11,74.48999786376953
2022-11-14,73.79000091552734
2022-11-15,74.279998779296875
2022-11-16,74.36000061035156
2022-11-17,74.88999938964844
2022-11-18,75.5
2022-11-21,75.88999938964844
2022-11-22,76.91999816894531
2022-11-23,76.720001220703125
2022-11-25,76.94999694824219
2022-11-28,75.7300033569336
2022-11-29,76.06999969482422
2022-11-30,76.69999694824219
2022-12-01,76.6500015258789
2022-12-02,76.910003662109375
2022-12-05,75.4000015258789
2022-12-06,75.279998779296875
2022-12-07,74.589996337890625
2022-12-08,73.61000061035156
2022-12-09,72.19000244140625
2022-12-12,73.18000030517578
2022-12-13,73.2300033569336
2022-12-14,72.839996337890625
2022-12-15,71.69999694824219
2022-12-16,71.470001220703125
2022-12-19,71.160003662109375
2022-12-20,71.79000091552734
2022-12-21,72.839996337890625
2022-12-22,71.80000305175781
2022-12-23,72.2699966430664
2022-12-27,72.31999969482422
2022-12-28,71.80999755859375
2022-12-29,72.660003662109375
2022-12-30,72.37000274658203
2023-01-03,72.1500015258789
2023-01-04,73.19000244140625
2023-01-05,72.5999984741211
2023-01-06,73.58000183105469
2023-01-09,71.339996337890625
2023-01-10,71.56999969482422
2023-01-11,71.56999969482422
2023-01-12,71.38999938964844
2023-01-13,71.91999816894531
2023-01-17,71.56999969482422
2023-01-18,70.160003662109375
2023-01-19,69.43000030517578
2023-01-20,70.19000244140625
2023-01-23,70.69000244140625
2023-01-24,70.970001220703125
2023-01-25,71.55999755859375
2023-01-26,72.220001220703125
2023-01-27,72.04000091552734
2023-01-30,72.160003662109375
2023-01-31,73.0199966430664
2023-02-01,72.68000030517578
2023-02-02,69.70999908447266
2023-02-03,69.79000091552734
2023-02-06,70.089996337890625
2023-02-07,71.26000213623047
2023-02-08,71.23999786376953
2023-02-09,70.79000091552734
2023-02-10,71.4000015258789
2023-02-13,72.38999938964844
2023-02-14,72.05000305175781
2023-02-15,72.44000244140625
2023-02-16,72.470001220703125
2023-02-17,72.54000091552734
2023-02-21,71.05000305175781
2023-02-22,70.86000061035156
2023-02-23,70.58000183105469
2023-02-24,71.839996337890625
2023-02-27,71.779998779296875
2023-02-28,71.7300033569336
2023-03-01,71.2699966430664
2023-03-02,69.38999938964844
2023-03-03,70.33000183105469
2023-03-06,69.69000244140625
2023-03-07,69.2300033569336
2023-03-08,67.5
2023-03-09,64.66999816894531
2023-03-10,62.380001068115234
2023-03-13,58.959999084472656
2023-03-14,59.06999969482422
2023-03-15,56.29999923706055
2023-03-16,57.689998626708984
2023-03-17,54.869998931884766
2023-03-20,56.97999954223633
2023-03-21,58.529998779296875
2023-03-22,56.11000061035156
2023-03-23,54.29999923706055
2023-03-24,54.349998474121094
2023-03-27,55.849998474121094
2023-03-28,55.43000030517578
2023-03-29,56.4900016784668
2023-03-30,57.04999923706055
2023-03-31,57.939998626708984
2023-04-03,57.970001220703125
2023-04-04,57.439998626708984
2023-04-05,58.65999984741211
2023-04-06,59.06999969482422
2023-04-10,59.47999954223633
2023-04-11,60.119998931884766
2023-04-12,60.0099983215332
2023-04-13,59.779998779296875
2023-04-14,60.619998931884766
2023-04-17,61.540000915527344
2023-04-18,61.310001373291016
2023-04-19,61.810001373291016
2023-04-20,60.810001373291016
2023-04-21,60.16999816894531
2023-04-24,60.40999984741211
2023-04-25,59.209999084472656
2023-04-26,58.91999816894531
2023-04-27,60.310001373291016
2023-04-28,61.33000183105469
2023-05-01,61.2599983215332
2023-05-02,59.43000030517578
2023-05-03,58.709999084472656
2023-05-04,54.11000061035156
2023-05-05,54.65999984741211
2023-05-08,53.689998626708984
2023-05-09,52.790000915527344
2023-05-10,51.81999969482422
2023-05-11,51.22999954223633
2023-05-12,50.220001220703125
2023-05-15,50.47999954223633
2023-05-16,49.119998931884766
2023-05-17,51.70000076293945
2023-05-18,51.880001068115234
2023-05-19,51.58000183105469
2023-05-22,52.369998931884766
2023-05-23,51.84000015258789
2023-05-24,50.25
2023-05-25,52.77000045776367
2023-05-26,51.810001373291016
2023-05-30,51.650001525878906
2023-05-31,49.54999923706055
2023-06-01,50.380001068115234
2023-06-02,52.970001220703125
2023-06-05,52.650001525878906
2023-06-06,53.400001525878906
2023-06-07,54.849998474121094
2023-06-08,53.7599983215332
2023-06-09,53.869998931884766
2023-06-12,54.0099983215332
2023-06-13,55.16999816894531
2023-06-14,53.939998626708984
2023-06-15,55.15999984741211
2023-06-16,55.5
2023-06-20,54.52000045776367
2023-06-21,54.54999923706055
2023-06-22,53.86000061035156
2023-06-23,53.33000183105469
2023-06-26,54.060001373291016
2023-06-27,54.97999954223633
2023-06-28,54.869998931884766
2023-06-29,56.18000030517578
2023-06-30,56.529998779296875
2023-07-03,57.279998779296875
2023-07-05,56.779998779296875
2023-07-06,56.709999084472656
2023-07-07,57.61000061035156
2023-07-10,57.40999984741211
2023-07-11,59.2400016784668
2023-07-12,58.70000076293945
2023-07-13,59.16999816894531
2023-07-14,58.15999984741211
2023-07-17,59
2023-07-18,59.369998931884766
2023-07-19,60.2599983215332
2023-07-20,60.939998626708984
2023-07-21,61.20000076293945
2023-07-24,61.97999954223633
2023-07-25,61.720001220703125
2023-07-26,62.849998474121094
2023-07-27,62.31999969482422
2023-07-28,62.560001373291016
2023-07-31,62.970001220703125
2023-08-01,62.81999969482422
2023-08-02,62.75
2023-08-03,64.41999816894531
2023-08-04,63.529998779296875
2023-08-07,64.18000030517578
2023-08-08,63.5
2023-08-09,62.630001068115234
2023-08-10,62.65999984741211
2023-08-11,63.650001525878906
2023-08-14,63.56999969482422
2023-08-15,61.86000061035156
2023-08-16,61.65999984741211
2023-08-17,61.84000015258789
2023-08-18,62.2599983215332
2023-08-21,61.95000076293945
2023-08-22,61.31999969482422
2023-08-23,61.72999954223633
2023-08-24,62.27000045776367
2023-08-25,62.40999984741211
2023-08-28,62.529998779296875
2023-08-29,62.849998474121094
2023-08-30,62.939998626708984
2023-08-31,63.34000015258789
2023-09-01,64.30000305175781
2023-09-05,63.77000045776367
2023-09-06,63.20000076293945
2023-09-07,62.77000045776367
2023-09-08,63.310001373291016
2023-09-11,63.400001525878906
2023-09-12,63.9900016784668
2023-09-13,63.790000915527344
2023-09-14,65.93000030517578
2023-09-15,65.6500015258789
2023-09-18,66.30000305175781
2023-09-19,66.36000061035156
2023-09-20,66.089996337890625
2023-09-21,64.69000244140625
2023-09-22,64.41999816894531
2023-09-25,65.05000305175781
2023-09-26,63.060001373291016
2023-09-27,62.79999923706055
2023-09-28,62.900001525878906
2023-09-29,62.90999984741211
2023-10-02,61.689998626708984
2023-10-03,60.2599983215332
2023-10-04,60
2023-10-05,60.290000915527344
2023-10-06,61.31999969482422
2023-10-09,61.900001525878906
2023-10-10,62.18000030517578
2023-10-11,62.849998474121094
2023-10-12,62.47999954223633
2023-10-13,62.060001373291016
2023-10-16,63.349998474121094
2023-10-17,63.939998626708984
2023-10-18,63.08000183105469
2023-10-19,61.91999816894531
2023-10-20,60.119998931884766
2023-10-23,58.4900016784668
2023-10-24,59.209999084472656
2023-10-25,58.959999084472656
2023-10-26,59.599998474121094
2023-10-27,58.290000915527344
2023-10-30,59.41999816894531
2023-10-31,60.0099983215332
2023-11-01,59.97999954223633
2023-11-02,60.0099983215332
2023-11-03,61.7599983215332
2023-11-06,60.43000030517578
2023-11-07,60.04999923706055
2023-11-08,59.349998474121094
2023-11-09,59.310001373291016
2023-11-10,60.4900016784668
2023-11-13,60.459999084472656
2023-11-14,62.40999984741211
2023-11-15,61.81999969482422
2023-11-16,62.029998779296875
2023-11-17,62.54999923706055
2023-11-20,62.5099983215332
2023-11-21,62.25
2023-11-22,62.970001220703125
2023-11-24,63.54999923706055
2023-11-27,63.220001220703125
2023-11-28,63.189998626708984
2023-11-29,63.15999984741211
2023-11-30,63.630001068115234
2023-12-01,63.7599983215332
2023-12-04,64.55000305175781
2023-12-05,63.970001220703125
2023-12-06,63.540000915527344
2023-12-07,63.459999084472656
2023-12-08,64.089996337890625
2023-12-11,64.94000244140625
2023-12-12,65.19999694824219
2023-12-13,66.2300033569336
2023-12-14,66.9000015258789
2023-12-15,66.36000061035156
2023-12-18,65.220001220703125
2023-12-19,66.4000015258789
2023-12-20,65.220001220703125
2023-12-21,65.589996337890625
2023-12-22,65.86000061035156
2023-12-26,66.23999786376953
2023-12-27,66.0199966430664
2023-12-28,66.29000091552734
2023-12-29,66.12999725341797
2024-01-02,67.3499984741211
2024-01-03,67.12000274658203
2024-01-04,67.48999786376953
2024-01-05,68.91999816894531
2024-01-08,69.5199966430664
2024-01-09,69.220001220703125
2024-01-10,69.30000305175781
2024-01-11,69.30000305175781
2024-01-12,68.83000183105469
2024-01-16,68.220001220703125
2024-01-17,67.410003662109375
2024-01-18,67.720001220703125
2024-01-19,68.88999938964844
2024-01-22,69.5
2024-01-23,69.45999908447266
2024-01-24,69.68000030517578
2024-01-25,70.38999938964844
2024-01-26,70.87999725341797
2024-01-29,70.36000061035156
2024-01-30,70.80999755859375
2024-01-31,69.31999969482422
2024-02-01,65.3499984741211
2024-02-02,65.94999694824219
2024-02-05,65.80999755859375
2024-02-06,65.95999908447266
2024-02-07,67
2024-02-08,66.75
2024-02-09,67.5
2024-02-12,68.55000305175781
2024-02-13,67.839996337890625
2024-02-14,68.3499984741211
2024-02-15,69.54000091552734
2024-02-16,68.7699966430664
2024-02-20,68.62000274658203
2024-02-21,68.94000244140625
2024-02-22,68.86000061035156
2024-02-23,69.33000183105469
2024-02-26,68.56999969482422
2024-02-27,69.160003662109375
2024-02-28,69.339996337890625
2024-02-29,69.73999786376953
2024-03-01,69.7300033569336
2024-03-04,69.910003662109375
2024-03-05,70.470001220703125
2024-03-06,71.04000091552734
2024-03-07,71.37000274658203
2024-03-08,70.91999816894531
2024-03-11,71.70999908447266
2024-03-12,71.69000244140625
2024-03-13,72.66999816894531
2024-03-14,71.9000015258789
2024-03-15,72.38999938964844
2024-03-18,72.55000305175781
2024-03-19,72.4000015258789
2024-03-20,73.36000061035156
2024-03-21,73.2699966430664
2024-03-22,72.62999725341797
2024-03-25,73.0999984741211
2024-03-26,73.05999755859375
2024-03-27,73.91999816894531
2024-03-28,74.11000061035156
2024-04-01,73.69000244140625
2024-04-02,73.2300033569336
2024-04-03,73.56999969482422
2024-04-04,73.12999725341797
2024-04-05,73.5999984741211
2024-04-08,73.779998779296875
2024-04-09,72.87999725341797
2024-04-10,71.910003662109375
2024-04-11,70.9800033569336
2024-04-12,70.13999938964844
2024-04-15,69.44000244140625
2024-04-16,68.93000030517578
2024-04-17,68.91999816894531
2024-04-18,69.94999694824219
2024-04-19,71.11000061035156
2024-04-22,71.95999908447266
2024-04-23,72.220001220703125
2024-04-24,72.720001220703125
2024-04-25,71.9000015258789
2024-04-26,70.41999816894531
2024-04-29,71.69999694824219
2024-04-30,71.08000183105469
2024-05-01,71.87999725341797
2024-05-02,70.23999786376953
2024-05-03,70.5199966430664
2024-05-06,71.19000244140625
2024-05-07,71.26000213623047
2024-05-08,71.660003662109375
2024-05-09,72.54000091552734
2024-05-10,72.7300033569336
2024-05-13,72.410003662109375
2024-05-14,73.30999755859375
2024-05-15,73.12999725341797
2024-05-16,73.470001220703125
2024-05-17,74.220001220703125
2024-05-20,72.88999938964844
2024-05-21,72.589996337890625
2024-05-22,72.87000274658203
2024-05-23,71.6500015258789
2024-05-24,72.54000091552734
2024-05-28,70.9800033569336
2024-05-29,70.44000244140625
2024-05-30,71.11000061035156
2024-05-31,72.37000274658203
2024-06-03,71.41999816894531
2024-06-04,70.30999755859375
2024-06-05,70.33000183105469
2024-06-06,70.04000091552734
2024-06-07,70.05000305175781
2024-06-10,70.2699966430664
2024-06-11,69.05999755859375
2024-06-12,69.0199966430664
2024-06-13,68.660003662109375
2024-06-14,68.55000305175781
2024-06-17,69.37999725341797
2024-06-18,69.86000061035156
2024-06-20,70.8499984741211
2024-06-21,71.2699966430664
2024-06-24,72.12000274658203
2024-06-25,71.410003662109375
2024-06-26,71.18000030517578
2024-06-27,70.86000061035156
2024-06-28,70.19000244140625
2024-07-01,69.87999725341797
2024-07-02,70.04000091552734
2024-07-03,70.160003662109375
2024-07-05,69.5
2024-07-08,69.410003662109375
2024-07-09,69.91999816894531
2024-07-10,71.62000274658203
2024-07-11,72.44000244140625
2024-07-12,73.38999938964844
2024-07-15,74.43000030517578
2024-07-16,75.660003662109375
2024-07-17,76.18000030517578
2024-07-18,75.38999938964844
2024-07-19,74.779998779296875
2024-07-22,75.23999786376953
2024-07-23,75.19000244140625
2024-07-24,74.5199966430664
2024-07-25,75.31999969482422
2024-07-26,76
2024-07-29,75.5
2024-07-30,76.75
2024-07-31,76.8499984741211
2024-08-01,75.779998779296875
2024-08-02,70.55999755859375
2024-08-05,67.95999908447266
2024-08-06,68.5999984741211
2024-08-07,68.7300033569336
2024-08-08,69.6500015258789
2024-08-09,70.12999725341797
2024-08-12,69.8499984741211
2024-08-13,70.410003662109375
2024-08-14,71.18000030517578
2024-08-15,71.7300033569336
2024-08-16,73.05000305175781
2024-08-19,73.25
2024-08-20,72.720001220703125
2024-08-21,72.80999755859375
2024-08-22,73.8499984741211
2024-08-23,74.339996337890625
2024-08-26,74.73999786376953
2024-08-27,75.0199966430664
2024-08-28,75.75
2024-08-29,76.7300033569336
2024-08-30,77.4800033569336
2024-09-03,77.76000213623047
2024-09-04,77.5199966430664
2024-09-05,76.58000183105469
2024-09-06,74.08000183105469
2024-09-09,75.4800033569336
2024-09-10,74.62999725341797
2024-09-11,74.73999786376953
2024-09-12,75.470001220703125
2024-09-13,76.19000244140625
2024-09-16,77.37999725341797
2024-09-17,78.279998779296875
2024-09-18,79.25
2024-09-19,81.089996337890625
2024-09-20,80.8499984741211
2024-09-23,81.45999908447266
2024-09-24,80.44999694824219
2024-09-25,80.73999786376953
2024-09-26,81.54000091552734
2024-09-27,82.4800033569336
2024-09-30,82.4800033569336
2024-10-01,81.779998779296875
2024-10-02,81.79000091552734
2024-10-03,81.26000213623047
2024-10-04,84.04000091552734
2024-10-07,83
2024-10-08,83.279998779296875
2024-10-09,84.54000091552734
2024-10-10,84.029998779296875
2024-10-11,85.51000213623047
2024-10-14,85.87999725341797
2024-10-15,85.660003662109375
2024-10-16,85.18000030517578
2024-10-17,85.69000244140625
2024-10-18,85.31999969482422
2024-10-21,84.839996337890625
2024-10-22,84.75
2024-10-23,84.12999725341797
2024-10-24,84.36000061035156
2024-10-25,82.38999938964844
2024-10-28,83.089996337890625
2024-10-29,82.83000183105469
2024-10-30,83.18000030517578
2024-10-31,78.41999816894531
2024-11-01,78.43000030517578
2024-11-04,78.55999755859375
2024-11-05,78.1500015258789
2024-11-06,83.25
2024-11-07,81.0199966430664
2024-11-08,81.0199966430664
2024-11-11,81.7699966430664
2024-11-12,82.19999694824219
2024-11-13,82.0199966430664
2024-11-14,82.5999984741211
2024-11-15,83.33000183105469
2024-11-18,83.37000274658203
2024-11-19,82.62999725341797
2024-11-20,82.5999984741211
2024-11-21,85.19000244140625
2024-11-22,86.589996337890625
2024-11-25,87.339996337890625
2024-11-26,87.76000213623047
2024-11-27,88.25
2024-11-29,88.2300033569336
2024-12-02,86.87999725341797
2024-12-03,85.720001220703125
2024-12-04,85.37999725341797
2024-12-05,85.87999725341797
2024-12-06,85.220001220703125
2024-12-09,82.279998779296875
2024-12-10,81.73999786376953
2024-12-11,80.33000183105469
2024-12-12,83.220001220703125
2024-12-13,82.98999786376953
2024-12-16,82.73999786376953
2024-12-17,81.25
2024-12-18,78.79000091552734
2024-12-19,80.11000061035156
2024-12-20,81.36000061035156
2024-12-23,81.70999908447266
2024-12-24,82.25
2024-12-26,82.75
2024-12-27,82.25
2024-12-30,81.51000213623047
2024-12-31,81.87999725341797
2025-01-02,81.779998779296875
2025-01-03,82.20999908447266
2025-01-06,81.98999786376953
2025-01-07,82.13999938964844
2025-01-08,82.81999969482422
2025-01-10,80.25
2025-01-13,81.910003662109375
2025-01-14,83.83000183105469
2025-01-15,84.93000030517578
2025-01-16,85.88999938964844
2025-01-17,86.779998779296875
2025-01-21,86.87999725341797
2025-01-22,85.76000213623047
2025-01-23,86.76000213623047
2025-01-24,86.029998779296875
2025-01-27,86.95999908447266
2025-01-28,85.68000030517578
2025-01-29,86.63999938964844
2025-01-30,87
2025-01-31,86.51000213623047
2025-02-03,85.48999786376953
2025-02-04,84.62999725341797
2025-02-05,85
2025-02-06,83.66999816894531
2025-02-07,83.91999816894531
2025-02-10,83.08000183105469
2025-02-11,83.16999816894531
2025-02-12,82.7300033569336
2025-02-13,82.339996337890625
2025-02-14,81.69999694824219
2025-02-18,82.43000030517578
2025-02-19,83.06999969482422
2025-02-20,82.73999786376953
2025-02-21,81.01000213623047
2025-02-24,81.20999908447266
2025-02-25,82.19999694824219
2025-02-26,82.54000091552734
2025-02-27,84.05000305175781
2025-02-28,86.18000030517578
2025-03-03,85.69999694824219
2025-03-04,81.55999755859375
2025-03-05,83.05999755859375
2025-03-06,82.220001220703125
2025-03-07,82.25
2025-03-10,79.18000030517578
2025-03-11,78.44999694824219
2025-03-12,79.18000030517578
2025-03-13,77.69999694824219
2025-03-14,80.410003662109375
2025-03-17,82.160003662109375
2025-03-18,81.63999938964844
2025-03-19,83.0199966430664
2025-03-20,82.720001220703125
2025-03-21,82.36000061035156
2025-03-24,84.18000030517578
2025-03-25,83.73999786376953
2025-03-26,83.93000030517578
2025-03-27,83.05000305175781
2025-03-28,79.2300033569336
2025-03-31,80.29000091552734
2025-04-01,81.160003662109375
2025-04-02,82.48999786376953
2025-04-03,75.910003662109375
2025-04-04,69.06999969482422
2025-04-07,69.339996337890625
2025-04-08,68.41999816894531
2025-04-09,75.23999786376953
2025-04-10,71.11000061035156
2025-04-11,71.4000015258789
2025-04-14,72.94999694824219
2025-04-15,72.70999908447266
2025-04-16,71.69999694824219
2025-04-17,72.55000305175781
2025-04-21,70.4000015258789
2025-04-22,73.089996337890625
2025-04-23,74.23999786376953
2025-04-24,75.86000061035156
2025-04-25,75.19000244140625
2025-04-28,75.94000244140625
2025-04-29,76.41999816894531
2025-04-30,75.37000274658203
2025-05-01,75.7699966430664
2025-05-02,77.80999755859375
2025-05-05,77.410003662109375
2025-05-06,76.41999816894531
2025-05-07,76.73999786376953
2025-05-08,77.589996337890625
2025-05-09,77.8499984741211
2025-05-12,80.63999938964844
2025-05-13,81.160003662109375
2025-05-14,79.94999694824219
2025-05-15,80.45999908447266
2025-05-16,80.83000183105469
2025-05-19,80.87000274658203
2025-05-20,80.33000183105469
2025-05-21,77.9000015258789
2025-05-22,77.660003662109375
2025-05-23,77.20999908447266
2025-05-27,79.029998779296875
2025-05-28,77.98999786376953
2025-05-29,78.86000061035156
2025-05-30,78.58000183105469
2025-06-02,78.68000030517578
2025-06-03,79.31999969482422
2025-06-04,78.80999755859375
2025-06-05,78.55999755859375
2025-06-06,79.93000030517578
2025-06-09,79.62000274658203
2025-06-10,79.43000030517578
2025-06-11,78.910003662109375
2025-06-12,78.98999786376953
2025-06-13,77.3499984741211
2025-06-16,78.4000015258789
2025-06-17,77.8499984741211
2025-06-18,78.55000305175781
2025-06-20,79.20999908447266
2025-06-23,79.62999725341797
2025-06-24,79.660003662109375
2025-06-25,79.11000061035156
2025-06-26,79.95999908447266
2025-06-27,80.37000274658203
2025-06-30,80.41999816894531
2025-07-01,81.089996337890625
2025-07-02,80.1500015258789
2025-07-03,80.6500015258789
2025-07-07,79.18000030517578
2025-07-08,79.660003662109375
2025-07-09,78.23999786376953
2025-07-10,78.37000274658203
2025-07-11,77.69999694824219
2025-07-14,77.9000015258789
2025-07-15,76.20999908447266
2025-07-16,76.589996337890625
2025-07-17,77.33000183105469
2025-07-18,77.1500015258789
2025-07-21,76.33000183105469
2025-07-22,77.51000213623047
2025-07-23,78.44000244140625
2025-07-24,77.79000091552734
2025-07-25,78.55999755859375
2025-07-28,77.660003662109375
2025-07-29,77.68000030517578
2025-07-30,74.79000091552734
2025-07-31,75.94999694824219
2025-08-01,74.01000213623047
2025-08-04,74.83000183105469
2025-08-05,74.88999938964844
2025-08-06,75.94999694824219
2025-08-07,73.81999969482422
2025-08-08,76.2699966430664
2025-08-11,75.30000305175781
2025-08-12,76.55999755859375
2025-08-13,77.36000061035156
2025-08-14,77.91999816894531
2025-08-15,77.33000183105469
2025-08-18,77.73999786376953
2025-08-19,78.720001220703125
2025-08-20,79.029998779296875
2025-08-21,79.23999786376953
2025-08-22,81.48999786376953
2025-08-25,80.83000183105469
2025-08-26,81.01000213623047
2025-08-27,81.11000061035156
2025-08-28,80.80000305175781
2025-08-29,81.36000061035156
2025-09-02,80.55999755859375
2025-09-03,80.56999969482422
2025-09-04,81.75
2025-09-05,79.51000213623047
2025-09-08,79.5999984741211
2025-09-09,79.29000091552734
2025-09-10,79.2300033569336
2025-09-11,80.339996337890625
2025-09-12,80.81999969482422
2025-09-15,80.45999908447266
2025-09-16,78.7300033569336
2025-09-17,78.68000030517578
2025-09-18,79.06999969482422
2025-09-19,79.160003662109375
2025-09-22,80.9800033569336
2025-09-23,80.31999969482422
2025-09-24,80.63999938964844
2025-09-25,80.279998779296875
2025-09-26,81.62000274658203
2025-09-29,82.06999969482422
2025-09-30,82.37000274658203
2025-10-01,81.93000030517578
2025-10-02,81.33000183105469
2025-10-03,82.37000274658203
2025-10-06,82.3499984741211
2025-10-07,82.75
2025-10-08,82.029998779296875
2025-10-09,81.9800033569336
2025-10-10,79.7699966430664
2025-10-13,80.81999969482422
2025-10-14,82.88999938964844
2025-10-15,81.62000274658203
2025-10-16,77.839996337890625
2025-10-17,78.45999908447266
2025-10-20,78.73999786376953
2025-10-21,79.0199966430664
2025-10-22,78.55999755859375
2025-10-23,78.16999816894531
2025-10-24,78.68000030517578
2025-10-27,78.87000274658203
2025-10-28,78.75
2025-10-29,78.31999969482422
2025-10-30,79.160003662109375
2025-10-31,79.81999969482422
2025-11-03,79.20999908447266
2025-11-04,79.45999908447266
2025-11-05,78.68000030517578
2025-11-06,75.970001220703125
2025-11-07,76.1500015258789
2025-11-10,77.18000030517578
2025-11-11,77.79000091552734
2025-11-12,80.20999908447266
2025-11-13,79.470001220703125
2025-11-14,78.63999938964844
2025-11-17,75.529998779296875
2025-11-18,75.37000274658203
2025-11-19,74.76000213623047
2025-11-20,73.91999816894531
2025-11-21,75.06999969482422
2025-11-24,75.19000244140625
2025-11-25,75.73999786376953
2025-11-26,76.33000183105469
2025-11-28,76.55999755859375
2025-12-01,76.30999755859375
2025-12-02,76.2699966430664
2025-12-03,77.51000213623047
2025-12-04,78.029998779296875
2025-12-05,78.660003662109375
2025-12-08,78.08000183105469
2025-12-09,77.81999969482422
2025-12-10,79.81999969482422
2025-12-11,82.25
2025-12-12,82.160003662109375
2025-12-15,82.61000061035156
2025-12-16,82.279998779296875
2025-12-17,82.529998779296875
2025-12-18,81.70999908447266
2025-12-19,81.56999969482422
2025-12-22,81.3499984741211
2025-12-23,80.910003662109375
2025-12-24,81.05000305175781
2025-12-26,80.30000305175781
2025-12-29,79.98999786376953
2025-12-30,79.779998779296875
2025-12-31,78.94000244140625
2026-01-02,80.31999969482422
2026-01-05,81.7699966430664
2026-01-06,81.18000030517578
2026-01-07,78.2699966430664
2026-01-08,79.779998779296875
2026-01-09,79.410003662109375
2026-01-12,78.31999969482422
2026-01-13,77.08000183105469
2026-01-14,78.6500015258789
2026-01-15,77.9000015258789
2026-01-16,76.7699966430664
2026-01-20,75.56999969482422
2026-01-21,76.5999984741211
2026-01-22,76.91999816894531
2026-01-23,75.80999755859375
2026-01-26,77.16999816894531
2026-01-27,76.69000244140625
2026-01-28,76.26000213623047
2026-01-29,78.2300033569336
2026-01-30,78.87999725341797
2026-02-02,79.83000183105469
2026-02-03,76.9000015258789
2026-02-04,78.01000213623047
2026-02-05,75.31999969482422
2026-02-06,76.37999725341797
2026-02-09,76.279998779296875
2026-02-10,77.91999816894531
2026-02-11,78.88999938964844
2026-02-12,77.36000061035156
2026-02-13,77.30999755859375
2026-02-17,78.58000183105469
2026-02-18,79.220001220703125
2026-02-19,78.0999984741211
2026-02-20,79.0999984741211
2026-02-23,75.23999786376953
2026-02-24,75.339996337890625
2026-02-25,75.30999755859375
2026-02-26,75.94000244140625
2026-02-27,72.06999969482422
2026-03-02,73.23999786376953
2026-03-03,72.66999816894531
2026-03-04,73.31999969482422
2026-03-05,72.94000244140625
2026-03-06,71.83000183105469
2026-03-09,70.7699966430664
2026-03-10,70.5999984741211
2026-03-11,69.95999908447266
2026-03-12,68.79000091552734
2026-03-13,67.970001220703125
2026-03-16,69.160003662109375
2026-03-17,69.30000305175781
2026-03-18,68.5999984741211
2026-03-19,68.61000061035156
2026-03-20,68.55999755859375
2026-03-23,69.18000030517578
2026-03-24,69.88999938964844
2026-03-25,70.38999938964844
2026-03-26,69.73999786376953
2026-03-27,67.69999694824219
2026-03-30,68.2699966430664
