Date,NTRS.Close
2020-01-02,107.58000183105469
2020-01-03,105.37000274658203
2020-01-06,105.23999786376953
2020-01-07,105.81999969482422
2020-01-08,106.79000091552734
2020-01-09,108.12999725341797
2020-01-10,106.98999786376953
2020-01-13,108.68000030517578
2020-01-14,108
2020-01-15,107.0199966430664
2020-01-16,107.93000030517578
2020-01-17,109.37999725341797
2020-01-21,108.56999969482422
2020-01-22,105.05999755859375
2020-01-23,104.06999969482422
2020-01-24,101.62000274658203
2020-01-27,98.45999908447266
2020-01-28,99.75
2020-01-29,99.63999938964844
2020-01-30,101.05000305175781
2020-01-31,97.80999755859375
2020-02-03,97.660003662109375
2020-02-04,100.41999816894531
2020-02-05,103.41999816894531
2020-02-06,102.6500015258789
2020-02-07,101.26000213623047
2020-02-10,101.05999755859375
2020-02-11,102.88999938964844
2020-02-12,102.43000030517578
2020-02-13,101.20999908447266
2020-02-14,101.19999694824219
2020-02-18,100.83000183105469
2020-02-19,103.06999969482422
2020-02-20,102.69999694824219
2020-02-21,101.94000244140625
2020-02-24,96.529998779296875
2020-02-25,91.12999725341797
2020-02-26,89.37000274658203
2020-02-27,87.68000030517578
2020-02-28,87.76000213623047
2020-03-02,88.48999786376953
2020-03-03,83.44000244140625
2020-03-04,85.05000305175781
2020-03-05,80.88999938964844
2020-03-06,77.63999938964844
2020-03-09,70.83000183105469
2020-03-10,74.36000061035156
2020-03-11,71.470001220703125
2020-03-12,63.040000915527344
2020-03-13,76.05000305175781
2020-03-16,62.220001220703125
2020-03-17,68.55000305175781
2020-03-18,66.18000030517578
2020-03-19,67.410003662109375
2020-03-20,64.55999755859375
2020-03-23,63.11000061035156
2020-03-24,69.86000061035156
2020-03-25,72.86000061035156
2020-03-26,75.3499984741211
2020-03-27,73.9800033569336
2020-03-30,75.79000091552734
2020-03-31,75.45999908447266
2020-04-01,73
2020-04-02,76.91999816894531
2020-04-03,77.029998779296875
2020-04-06,81.37000274658203
2020-04-07,82.5999984741211
2020-04-08,83.37999725341797
2020-04-09,84.88999938964844
2020-04-13,83.55000305175781
2020-04-14,83.38999938964844
2020-04-15,78.88999938964844
2020-04-16,77.95999908447266
2020-04-17,80
2020-04-20,79.33000183105469
2020-04-21,74.43000030517578
2020-04-22,76.16999816894531
2020-04-23,75.61000061035156
2020-04-24,77.38999938964844
2020-04-27,79.910003662109375
2020-04-28,80.12999725341797
2020-04-29,82.04000091552734
2020-04-30,79.160003662109375
2020-05-01,75.470001220703125
2020-05-04,74.95999908447266
2020-05-05,73.06999969482422
2020-05-06,72.06999969482422
2020-05-07,73.94000244140625
2020-05-08,75.98999786376953
2020-05-11,74.7699966430664
2020-05-12,72.8499984741211
2020-05-13,70.25
2020-05-14,72.26000213623047
2020-05-15,71.12999725341797
2020-05-18,75.94000244140625
2020-05-19,73.37000274658203
2020-05-20,74.76000213623047
2020-05-21,73.94000244140625
2020-05-22,73.87999725341797
2020-05-26,79.13999938964844
2020-05-27,82.9000015258789
2020-05-28,79.91999816894531
2020-05-29,79.01000213623047
2020-06-01,80.66999816894531
2020-06-02,80.86000061035156
2020-06-03,85.13999938964844
2020-06-04,87.9800033569336
2020-06-05,90.69999694824219
2020-06-08,91.160003662109375
2020-06-09,91.98999786376953
2020-06-10,87.62999725341797
2020-06-11,82.05000305175781
2020-06-12,83.61000061035156
2020-06-15,83.5199966430664
2020-06-16,84.93000030517578
2020-06-17,83.81999969482422
2020-06-18,82.62000274658203
2020-06-19,82.660003662109375
2020-06-22,81.75
2020-06-23,81.0999984741211
2020-06-24,77.18000030517578
2020-06-25,78.44000244140625
2020-06-26,76.19999694824219
2020-06-29,76.30000305175781
2020-06-30,79.339996337890625
2020-07-01,76.94000244140625
2020-07-02,77.66999816894531
2020-07-06,78.69999694824219
2020-07-07,77.8499984741211
2020-07-08,80.160003662109375
2020-07-09,76.410003662109375
2020-07-10,80.16999816894531
2020-07-13,81.56999969482422
2020-07-14,81.6500015258789
2020-07-15,80.55000305175781
2020-07-16,79.94000244140625
2020-07-17,77.70999908447266
2020-07-20,77.73999786376953
2020-07-21,79.83000183105469
2020-07-22,75.62000274658203
2020-07-23,77.4800033569336
2020-07-24,76.029998779296875
2020-07-27,76.61000061035156
2020-07-28,77.0999984741211
2020-07-29,79.26000213623047
2020-07-30,77.93000030517578
2020-07-31,78.3499984741211
2020-08-03,79.279998779296875
2020-08-04,79.279998779296875
2020-08-05,80.38999938964844
2020-08-06,80.05999755859375
2020-08-07,83.25
2020-08-10,83.660003662109375
2020-08-11,84.2699966430664
2020-08-12,84.06999969482422
2020-08-13,82.6500015258789
2020-08-14,83.41999816894531
2020-08-17,82.58000183105469
2020-08-18,82.220001220703125
2020-08-19,83
2020-08-20,81.43000030517578
2020-08-21,81.7300033569336
2020-08-24,84.26000213623047
2020-08-25,84
2020-08-26,82.73999786376953
2020-08-27,84.279998779296875
2020-08-28,83.910003662109375
2020-08-31,81.88999938964844
2020-09-01,82.08000183105469
2020-09-02,83.91999816894531
2020-09-03,83.660003662109375
2020-09-04,84.44999694824219
2020-09-08,81.61000061035156
2020-09-09,81.089996337890625
2020-09-10,78.6500015258789
2020-09-11,79.8499984741211
2020-09-14,80.5
2020-09-15,78.76000213623047
2020-09-16,83.220001220703125
2020-09-17,82.9000015258789
2020-09-18,81.73999786376953
2020-09-21,79.5
2020-09-22,77.79000091552734
2020-09-23,75.98999786376953
2020-09-24,75.220001220703125
2020-09-25,76.45999908447266
2020-09-28,78.61000061035156
2020-09-29,77.45999908447266
2020-09-30,77.970001220703125
2020-10-01,77.05000305175781
2020-10-02,78.410003662109375
2020-10-05,80.83000183105469
2020-10-06,80.19000244140625
2020-10-07,82.23999786376953
2020-10-08,84.25
2020-10-09,85.220001220703125
2020-10-12,86.30999755859375
2020-10-13,83.93000030517578
2020-10-14,84.38999938964844
2020-10-15,87.0199966430664
2020-10-16,87.37999725341797
2020-10-19,85.410003662109375
2020-10-20,85.76000213623047
2020-10-21,85.7699966430664
2020-10-22,85.76000213623047
2020-10-23,84.410003662109375
2020-10-26,82.2300033569336
2020-10-27,80.69999694824219
2020-10-28,77.80000305175781
2020-10-29,78.29000091552734
2020-10-30,78.2699966430664
2020-11-02,79.05000305175781
2020-11-03,82.54000091552734
2020-11-04,78.88999938964844
2020-11-05,81.58000183105469
2020-11-06,81.660003662109375
2020-11-09,90.80000305175781
2020-11-10,91.8499984741211
2020-11-11,89.20999908447266
2020-11-12,87.56999969482422
2020-11-13,90.80000305175781
2020-11-16,93.13999938964844
2020-11-17,93.79000091552734
2020-11-18,92.69000244140625
2020-11-19,93.36000061035156
2020-11-20,91.38999938964844
2020-11-23,93.55999755859375
2020-11-24,97.61000061035156
2020-11-25,96.87999725341797
2020-11-27,96.13999938964844
2020-11-30,93.12000274658203
2020-12-01,93.2699966430664
2020-12-02,93.9000015258789
2020-12-03,92.98999786376953
2020-12-04,94.80999755859375
2020-12-07,94.41999816894531
2020-12-08,94.62999725341797
2020-12-09,93.220001220703125
2020-12-10,91.720001220703125
2020-12-11,90.0999984741211
2020-12-14,88.58000183105469
2020-12-15,90.7300033569336
2020-12-16,90.79000091552734
2020-12-17,92.0999984741211
2020-12-18,91.9000015258789
2020-12-21,91.05000305175781
2020-12-22,90.5999984741211
2020-12-23,91.98999786376953
2020-12-24,91.589996337890625
2020-12-28,92.4800033569336
2020-12-29,91.910003662109375
2020-12-30,91.91999816894531
2020-12-31,93.13999938964844
2021-01-04,92.5
2021-01-05,91.80999755859375
2021-01-06,97.29000091552734
2021-01-07,97.58000183105469
2021-01-08,96.88999938964844
2021-01-11,97.88999938964844
2021-01-12,99.3499984741211
2021-01-13,98.33000183105469
2021-01-14,99.69000244140625
2021-01-15,96.44000244140625
2021-01-19,97.36000061035156
2021-01-20,94.80000305175781
2021-01-21,94.220001220703125
2021-01-22,94.5999984741211
2021-01-25,94.279998779296875
2021-01-26,93.5999984741211
2021-01-27,90.2699966430664
2021-01-28,91.19000244140625
2021-01-29,89.19000244140625
2021-02-01,90.55999755859375
2021-02-02,92.12000274658203
2021-02-03,93.5199966430664
2021-02-04,96.529998779296875
2021-02-05,97.160003662109375
2021-02-08,97.6500015258789
2021-02-09,97.75
2021-02-10,96.80000305175781
2021-02-11,96.98999786376953
2021-02-12,98.13999938964844
2021-02-16,98.91999816894531
2021-02-17,97.45999908447266
2021-02-18,96.01000213623047
2021-02-19,96.30999755859375
2021-02-22,97.62999725341797
2021-02-23,97.55000305175781
2021-02-24,100.2699966430664
2021-02-25,97.76000213623047
2021-02-26,95.12999725341797
2021-03-01,98.8499984741211
2021-03-02,97.30000305175781
2021-03-03,98.55000305175781
2021-03-04,97.56999969482422
2021-03-05,99.91999816894531
2021-03-08,101.61000061035156
2021-03-09,100.41000366210938
2021-03-10,101.37999725341797
2021-03-11,101.69000244140625
2021-03-12,102.37999725341797
2021-03-15,104.81999969482422
2021-03-16,104.30000305175781
2021-03-17,104.58000183105469
2021-03-18,104.05999755859375
2021-03-19,102.61000061035156
2021-03-22,99.58000183105469
2021-03-23,97.81999969482422
2021-03-24,99.3499984741211
2021-03-25,102.93000030517578
2021-03-26,105.8499984741211
2021-03-29,106.58000183105469
2021-03-30,107.0199966430664
2021-03-31,105.11000061035156
2021-04-01,105.62999725341797
2021-04-05,106.87000274658203
2021-04-06,105.70999908447266
2021-04-07,106.83000183105469
2021-04-08,106.51000213623047
2021-04-09,108.72000122070313
2021-04-12,109.95999908447266
2021-04-13,108.76000213623047
2021-04-14,110.08999633789063
2021-04-15,108.52999877929688
2021-04-16,106.91000366210938
2021-04-19,106.2300033569336
2021-04-20,107.37000274658203
2021-04-21,106.73999786376953
2021-04-22,106.76000213623047
2021-04-23,109.52999877929688
2021-04-26,109.16000366210938
2021-04-27,111.18000030517578
2021-04-28,111.83999633789063
2021-04-29,114.41000366210938
2021-04-30,113.80000305175781
2021-05-03,114.79000091552734
2021-05-04,115.31999969482422
2021-05-05,117.41999816894531
2021-05-06,118.80000305175781
2021-05-07,119.27999877929688
2021-05-10,120.18000030517578
2021-05-11,118.4000015258789
2021-05-12,116.3499984741211
2021-05-13,119.05999755859375
2021-05-14,120.16999816894531
2021-05-17,120.62000274658203
2021-05-18,117.37999725341797
2021-05-19,117.33999633789063
2021-05-20,118.16000366210938
2021-05-21,119.87999725341797
2021-05-24,120.66000366210938
2021-05-25,120.2699966430664
2021-05-26,120.94999694824219
2021-05-27,121.45999908447266
2021-05-28,121.19000244140625
2021-06-01,121.5
2021-06-02,120.47000122070313
2021-06-03,120.81999969482422
2021-06-04,120.38999938964844
2021-06-07,118.93000030517578
2021-06-08,119.97000122070313
2021-06-09,118.62000274658203
2021-06-10,117.12000274658203
2021-06-11,117.58999633789063
2021-06-14,116.47000122070313
2021-06-15,118.18000030517578
2021-06-16,118.98999786376953
2021-06-17,112.52999877929688
2021-06-18,109.27999877929688
2021-06-21,113.16000366210938
2021-06-22,112.05000305175781
2021-06-23,112.25
2021-06-24,114.31999969482422
2021-06-25,116.2699966430664
2021-06-28,114.5999984741211
2021-06-29,114.93000030517578
2021-06-30,115.62000274658203
2021-07-01,116.31999969482422
2021-07-02,116.7300033569336
2021-07-06,114.37000274658203
2021-07-07,114.04000091552734
2021-07-08,111.58000183105469
2021-07-09,115.55000305175781
2021-07-12,116.30000305175781
2021-07-13,114.80000305175781
2021-07-14,113.31999969482422
2021-07-15,113.87000274658203
2021-07-16,113.1500015258789
2021-07-19,107.95999908447266
2021-07-20,111.80000305175781
2021-07-21,113.5999984741211
2021-07-22,110.83000183105469
2021-07-23,111.48999786376953
2021-07-26,112.5
2021-07-27,112.22000122070313
2021-07-28,111.83999633789063
2021-07-29,113.61000061035156
2021-07-30,112.8499984741211
2021-08-02,111.94000244140625
2021-08-03,112.66999816894531
2021-08-04,111.19000244140625
2021-08-05,112.2300033569336
2021-08-06,115.37000274658203
2021-08-09,114.95999908447266
2021-08-10,115.66999816894531
2021-08-11,117.29000091552734
2021-08-12,117.5
2021-08-13,116.37000274658203
2021-08-16,116.30999755859375
2021-08-17,115.05999755859375
2021-08-18,114.41000366210938
2021-08-19,113.62999725341797
2021-08-20,114.5999984741211
2021-08-23,116.27999877929688
2021-08-24,117
2021-08-25,119.41000366210938
2021-08-26,118.77999877929688
2021-08-27,121.02999877929688
2021-08-30,118.05999755859375
2021-08-31,118.5199966430664
2021-09-01,116.91999816894531
2021-09-02,117.9000015258789
2021-09-03,117.3499984741211
2021-09-07,115.43000030517578
2021-09-08,114.61000061035156
2021-09-09,114.58000183105469
2021-09-10,112.55000305175781
2021-09-13,113.7300033569336
2021-09-14,110.12999725341797
2021-09-15,110.72000122070313
2021-09-16,109.55000305175781
2021-09-17,108.19999694824219
2021-09-20,105.87000274658203
2021-09-21,104.51000213623047
2021-09-22,106.43000030517578
2021-09-23,109.37999725341797
2021-09-24,109.33000183105469
2021-09-27,112.55000305175781
2021-09-28,111.0999984741211
2021-09-29,110.29000091552734
2021-09-30,107.80999755859375
2021-10-01,109.2300033569336
2021-10-04,108.05000305175781
2021-10-05,110.93000030517578
2021-10-06,111.2300033569336
2021-10-07,112.94999694824219
2021-10-08,115.44999694824219
2021-10-11,115.77999877929688
2021-10-12,115.5999984741211
2021-10-13,115.86000061035156
2021-10-14,120.04000091552734
2021-10-15,120.86000061035156
2021-10-18,121
2021-10-19,121.41000366210938
2021-10-20,125.51000213623047
2021-10-21,125.2300033569336
2021-10-22,125.31999969482422
2021-10-25,123.38999938964844
2021-10-26,123.20999908447266
2021-10-27,121.06999969482422
2021-10-28,122.73999786376953
2021-10-29,123.04000091552734
2021-11-01,123.7300033569336
2021-11-02,123.86000061035156
2021-11-03,124.75
2021-11-04,122.58000183105469
2021-11-05,123.56999969482422
2021-11-08,123.33999633789063
2021-11-09,121.88999938964844
2021-11-10,123.44999694824219
2021-11-11,124.58000183105469
2021-11-12,125.30000305175781
2021-11-15,125.22000122070313
2021-11-16,124.51000213623047
2021-11-17,122.9000015258789
2021-11-18,121.4000015258789
2021-11-19,120.61000061035156
2021-11-22,123.19000244140625
2021-11-23,124.63999938964844
2021-11-24,124.33999633789063
2021-11-26,118.88999938964844
2021-11-29,119.94000244140625
2021-11-30,115.69999694824219
2021-12-01,114.13999938964844
2021-12-02,118.68000030517578
2021-12-03,116.66000366210938
2021-12-06,118.54000091552734
2021-12-07,120.16999816894531
2021-12-08,119.12000274658203
2021-12-09,118.93000030517578
2021-12-10,118.3499984741211
2021-12-13,117.06999969482422
2021-12-14,117.48999786376953
2021-12-15,117.5
2021-12-16,119
2021-12-17,117.2300033569336
2021-12-20,114.48999786376953
2021-12-21,117.79000091552734
2021-12-22,117.77999877929688
2021-12-23,118.20999908447266
2021-12-27,120.58000183105469
2021-12-28,120.05000305175781
2021-12-29,120.0199966430664
2021-12-30,119.41000366210938
2021-12-31,119.61000061035156
2022-01-03,120.69999694824219
2022-01-04,125.27999877929688
2022-01-05,124.43000030517578
2022-01-06,125.9800033569336
2022-01-07,129.66000366210938
2022-01-10,129.25
2022-01-11,131.61000061035156
2022-01-12,132.75
2022-01-13,133.22999572753906
2022-01-14,133.6199951171875
2022-01-18,132.24000549316406
2022-01-19,125.83999633789063
2022-01-20,120.0199966430664
2022-01-21,113.93000030517578
2022-01-24,116.31999969482422
2022-01-25,115.4000015258789
2022-01-26,115.22000122070313
2022-01-27,114.73999786376953
2022-01-28,115.63999938964844
2022-01-31,116.63999938964844
2022-02-01,119.01000213623047
2022-02-02,120.33000183105469
2022-02-03,119.5999984741211
2022-02-04,121.58000183105469
2022-02-07,122.63999938964844
2022-02-08,125.18000030517578
2022-02-09,126.05000305175781
2022-02-10,125.19999694824219
2022-02-11,123.11000061035156
2022-02-14,121.51000213623047
2022-02-15,125.27999877929688
2022-02-16,126.27999877929688
2022-02-17,118.44999694824219
2022-02-18,118.5199966430664
2022-02-22,117.41000366210938
2022-02-23,113.63999938964844
2022-02-24,112.95999908447266
2022-02-25,117.77999877929688
2022-02-28,113.9000015258789
2022-03-01,106.30000305175781
2022-03-02,110.20999908447266
2022-03-03,110.43000030517578
2022-03-04,107.47000122070313
2022-03-07,104.08999633789063
2022-03-08,104.91999816894531
2022-03-09,108.02999877929688
2022-03-10,105.69999694824219
2022-03-11,105.13999938964844
2022-03-14,109.87999725341797
2022-03-15,111.23999786376953
2022-03-16,116.01000213623047
2022-03-17,115.68000030517578
2022-03-18,115.20999908447266
2022-03-21,114.51000213623047
2022-03-22,117.22000122070313
2022-03-23,115.54000091552734
2022-03-24,116.58999633789063
2022-03-25,119.2300033569336
2022-03-28,118.19000244140625
2022-03-29,119.94999694824219
2022-03-30,120.75
2022-03-31,116.44999694824219
2022-04-01,115.55000305175781
2022-04-04,115.41000366210938
2022-04-05,115.52999877929688
2022-04-06,113.47000122070313
2022-04-07,113.79000091552734
2022-04-08,115.02999877929688
2022-04-11,114.7699966430664
2022-04-12,113.5
2022-04-13,113.80999755859375
2022-04-14,110.88999938964844
2022-04-18,110.4000015258789
2022-04-19,111.69000244140625
2022-04-20,113.16999816894531
2022-04-21,110.33999633789063
2022-04-22,106.19000244140625
2022-04-25,105.76000213623047
2022-04-26,107.93000030517578
2022-04-27,107.76000213623047
2022-04-28,107.33000183105469
2022-04-29,103.05000305175781
2022-05-02,104.44999694824219
2022-05-03,105.41000366210938
2022-05-04,108.87000274658203
2022-05-05,106.6500015258789
2022-05-06,105.3499984741211
2022-05-09,104.75
2022-05-10,103.75
2022-05-11,101.88999938964844
2022-05-12,102.56999969482422
2022-05-13,104.1500015258789
2022-05-16,103.37999725341797
2022-05-17,105.70999908447266
2022-05-18,102.81999969482422
2022-05-19,102
2022-05-20,103.47000122070313
2022-05-23,106.18000030517578
2022-05-24,106.1500015258789
2022-05-25,107.55999755859375
2022-05-26,109.73999786376953
2022-05-27,112.5999984741211
2022-05-31,111.75
2022-06-01,108.76000213623047
2022-06-02,111.88999938964844
2022-06-03,110.02999877929688
2022-06-06,110.25
2022-06-07,111.83000183105469
2022-06-08,109.30999755859375
2022-06-09,106.3499984741211
2022-06-10,101.43000030517578
2022-06-13,98.43000030517578
2022-06-14,93.5999984741211
2022-06-15,93.279998779296875
2022-06-16,91.45999908447266
2022-06-17,91.68000030517578
2022-06-21,93.93000030517578
2022-06-22,93.36000061035156
2022-06-23,93.81999969482422
2022-06-24,97.12000274658203
2022-06-27,98.04000091552734
2022-06-28,98.26000213623047
2022-06-29,98.73999786376953
2022-06-30,96.4800033569336
2022-07-01,97.720001220703125
2022-07-05,96.61000061035156
2022-07-06,95.81999969482422
2022-07-07,97.30999755859375
2022-07-08,96.61000061035156
2022-07-11,95.11000061035156
2022-07-12,96.26000213623047
2022-07-13,95.5999984741211
2022-07-14,94.5199966430664
2022-07-15,99.279998779296875
2022-07-18,97.81999969482422
2022-07-19,101.22000122070313
2022-07-20,97.18000030517578
2022-07-21,97.51000213623047
2022-07-22,97.4000015258789
2022-07-25,97.54000091552734
2022-07-26,95.30999755859375
2022-07-27,96.95999908447266
2022-07-28,97.970001220703125
2022-07-29,99.779998779296875
2022-08-01,98.75
2022-08-02,98.45999908447266
2022-08-03,99.83000183105469
2022-08-04,99.8499984741211
2022-08-05,99.86000061035156
2022-08-08,99.25
2022-08-09,98.9800033569336
2022-08-10,102.0199966430664
2022-08-11,102.76000213623047
2022-08-12,104.05000305175781
2022-08-15,103.72000122070313
2022-08-16,103.77999877929688
2022-08-17,102.48999786376953
2022-08-18,102.69999694824219
2022-08-19,100.55999755859375
2022-08-22,98.44000244140625
2022-08-23,98.13999938964844
2022-08-24,98.1500015258789
2022-08-25,99
2022-08-26,95.4000015258789
2022-08-29,95.30999755859375
2022-08-30,95.45999908447266
2022-08-31,95.089996337890625
2022-09-01,94.70999908447266
2022-09-02,93.37999725341797
2022-09-06,93.91999816894531
2022-09-07,96.51000213623047
2022-09-08,98.88999938964844
2022-09-09,99.0999984741211
2022-09-12,98.48999786376953
2022-09-13,94.94999694824219
2022-09-14,94.66999816894531
2022-09-15,95.45999908447266
2022-09-16,93.12999725341797
2022-09-19,95.410003662109375
2022-09-20,93.589996337890625
2022-09-21,91.18000030517578
2022-09-22,89.48999786376953
2022-09-23,88.470001220703125
2022-09-26,86.80000305175781
2022-09-27,85.58000183105469
2022-09-28,87.43000030517578
2022-09-29,86.2699966430664
2022-09-30,85.55999755859375
2022-10-03,88.220001220703125
2022-10-04,90.98999786376953
2022-10-05,90.410003662109375
2022-10-06,88.660003662109375
2022-10-07,85.94999694824219
2022-10-10,85.33000183105469
2022-10-11,84.08000183105469
2022-10-12,83.73999786376953
2022-10-13,87.2300033569336
2022-10-14,84.05999755859375
2022-10-17,86.91999816894531
2022-10-18,87.61000061035156
2022-10-19,79.589996337890625
2022-10-20,77.20999908447266
2022-10-21,79.66999816894531
2022-10-24,79.9800033569336
2022-10-25,82.0199966430664
2022-10-26,82.160003662109375
2022-10-27,82.75
2022-10-28,84.68000030517578
2022-10-31,84.3499984741211
2022-11-01,84.720001220703125
2022-11-02,84.37999725341797
2022-11-03,82.01000213623047
2022-11-04,84.470001220703125
2022-11-07,85.23999786376953
2022-11-08,85.910003662109375
2022-11-09,84
2022-11-10,90.4000015258789
2022-11-11,94.029998779296875
2022-11-14,90.61000061035156
2022-11-15,91.98999786376953
2022-11-16,91
2022-11-17,90.88999938964844
2022-11-18,92.31999969482422
2022-11-21,92.80999755859375
2022-11-22,93.73999786376953
2022-11-23,93.83000183105469
2022-11-25,94.36000061035156
2022-11-28,91.19999694824219
2022-11-29,91.76000213623047
2022-11-30,93.11000061035156
2022-12-01,93.62999725341797
2022-12-02,91.660003662109375
2022-12-05,89.43000030517578
2022-12-06,88.56999969482422
2022-12-07,87.720001220703125
2022-12-08,87.12000274658203
2022-12-09,87.86000061035156
2022-12-12,89.529998779296875
2022-12-13,90.660003662109375
2022-12-14,88.23999786376953
2022-12-15,86.66999816894531
2022-12-16,86.94999694824219
2022-12-19,87.2300033569336
2022-12-20,87.11000061035156
2022-12-21,88.94999694824219
2022-12-22,87.37999725341797
2022-12-23,88.029998779296875
2022-12-27,87.9000015258789
2022-12-28,87.05999755859375
2022-12-29,89.4800033569336
2022-12-30,88.48999786376953
2023-01-03,89.779998779296875
2023-01-04,91.68000030517578
2023-01-05,91.51000213623047
2023-01-06,94.66999816894531
2023-01-09,94.20999908447266
2023-01-10,94.839996337890625
2023-01-11,96.279998779296875
2023-01-12,97.33000183105469
2023-01-13,98.19999694824219
2023-01-17,99.4000015258789
2023-01-18,98.970001220703125
2023-01-19,90.45999908447266
2023-01-20,93.36000061035156
2023-01-23,94.55000305175781
2023-01-24,94.7699966430664
2023-01-25,94.3499984741211
2023-01-26,96.94000244140625
2023-01-27,97.19999694824219
2023-01-30,95.37999725341797
2023-01-31,96.970001220703125
2023-02-01,96.75
2023-02-02,98.089996337890625
2023-02-03,98.16999816894531
2023-02-06,97.45999908447266
2023-02-07,99.4000015258789
2023-02-08,98.13999938964844
2023-02-09,97.5999984741211
2023-02-10,97.81999969482422
2023-02-13,99.05000305175781
2023-02-14,97.33000183105469
2023-02-15,97.05000305175781
2023-02-16,95.720001220703125
2023-02-17,96.70999908447266
2023-02-21,94.05000305175781
2023-02-22,93.970001220703125
2023-02-23,93.45999908447266
2023-02-24,93.41999816894531
2023-02-27,94.25
2023-02-28,95.2699966430664
2023-03-01,94.41999816894531
2023-03-02,92.94999694824219
2023-03-03,94.9800033569336
2023-03-06,95.30999755859375
2023-03-07,92.62000274658203
2023-03-08,92.839996337890625
2023-03-09,86.910003662109375
2023-03-10,84.91999816894531
2023-03-13,82.20999908447266
2023-03-14,86.2699966430664
2023-03-15,84.61000061035156
2023-03-16,85.62000274658203
2023-03-17,81.7300033569336
2023-03-20,84.29000091552734
2023-03-21,87.25
2023-03-22,83.779998779296875
2023-03-23,83.220001220703125
2023-03-24,83.43000030517578
2023-03-27,84.9000015258789
2023-03-28,84.95999908447266
2023-03-29,87.05999755859375
2023-03-30,86.75
2023-03-31,88.12999725341797
2023-04-03,87.720001220703125
2023-04-04,87
2023-04-05,87.54000091552734
2023-04-06,86.7300033569336
2023-04-10,87.73999786376953
2023-04-11,89.94000244140625
2023-04-12,88.910003662109375
2023-04-13,89.220001220703125
2023-04-14,87.91999816894531
2023-04-17,85.720001220703125
2023-04-18,85.98999786376953
2023-04-19,86.98999786376953
2023-04-20,85.86000061035156
2023-04-21,85.30000305175781
2023-04-24,86.12999725341797
2023-04-25,78.160003662109375
2023-04-26,76.4800033569336
2023-04-27,77.029998779296875
2023-04-28,78.160003662109375
2023-05-01,77.029998779296875
2023-05-02,74.61000061035156
2023-05-03,73.19999694824219
2023-05-04,71.5999984741211
2023-05-05,73.029998779296875
2023-05-08,73.0199966430664
2023-05-09,72.13999938964844
2023-05-10,71.410003662109375
2023-05-11,70.5199966430664
2023-05-12,69.93000030517578
2023-05-15,70.839996337890625
2023-05-16,69.6500015258789
2023-05-17,72.11000061035156
2023-05-18,72.88999938964844
2023-05-19,72.19999694824219
2023-05-22,73.029998779296875
2023-05-23,72.94999694824219
2023-05-24,71.3499984741211
2023-05-25,71.779998779296875
2023-05-26,72.62000274658203
2023-05-30,73.18000030517578
2023-05-31,71.91999816894531
2023-06-01,73.04000091552734
2023-06-02,75.18000030517578
2023-06-05,74.3499984741211
2023-06-06,75.55999755859375
2023-06-07,75.779998779296875
2023-06-08,74.45999908447266
2023-06-09,74.83000183105469
2023-06-12,73.589996337890625
2023-06-13,74.75
2023-06-14,74.25
2023-06-15,75.63999938964844
2023-06-16,74.70999908447266
2023-06-20,73.410003662109375
2023-06-21,72.94999694824219
2023-06-22,71.75
2023-06-23,71.279998779296875
2023-06-26,71.779998779296875
2023-06-27,72.3499984741211
2023-06-28,72.0199966430664
2023-06-29,73.3499984741211
2023-06-30,74.13999938964844
2023-07-03,75.36000061035156
2023-07-05,74.19999694824219
2023-07-06,73.23999786376953
2023-07-07,74.31999969482422
2023-07-10,73.7300033569336
2023-07-11,74.79000091552734
2023-07-12,74.62999725341797
2023-07-13,76.18000030517578
2023-07-14,71.19000244140625
2023-07-17,70.470001220703125
2023-07-18,71.69999694824219
2023-07-19,81.279998779296875
2023-07-20,79.58000183105469
2023-07-21,78.75
2023-07-24,79.58000183105469
2023-07-25,78.3499984741211
2023-07-26,79.8499984741211
2023-07-27,79.16999816894531
2023-07-28,80.05999755859375
2023-07-31,80.12000274658203
2023-08-01,80.220001220703125
2023-08-02,80.12999725341797
2023-08-03,80.80999755859375
2023-08-04,80.25
2023-08-07,80.8499984741211
2023-08-08,79.589996337890625
2023-08-09,79
2023-08-10,79.779998779296875
2023-08-11,79.910003662109375
2023-08-14,78.720001220703125
2023-08-15,76.94999694824219
2023-08-16,76.5199966430664
2023-08-17,76.94999694824219
2023-08-18,76.73999786376953
2023-08-21,76.19000244140625
2023-08-22,74.26000213623047
2023-08-23,75.37999725341797
2023-08-24,75.37999725341797
2023-08-25,74.66999816894531
2023-08-28,75.529998779296875
2023-08-29,76.05000305175781
2023-08-30,76.11000061035156
2023-08-31,76.06999969482422
2023-09-01,77.29000091552734
2023-09-05,76.43000030517578
2023-09-06,76.33000183105469
2023-09-07,75.55000305175781
2023-09-08,76.38999938964844
2023-09-11,77.08000183105469
2023-09-12,71.8499984741211
2023-09-13,71.910003662109375
2023-09-14,73.45999908447266
2023-09-15,72.720001220703125
2023-09-18,71.76000213623047
2023-09-19,70.44999694824219
2023-09-20,69.87000274658203
2023-09-21,69.54000091552734
2023-09-22,69.43000030517578
2023-09-25,69.220001220703125
2023-09-26,68.95999908447266
2023-09-27,68.44999694824219
2023-09-28,69.20999908447266
2023-09-29,69.4800033569336
2023-10-02,67.839996337890625
2023-10-03,66.81999969482422
2023-10-04,66.48999786376953
2023-10-05,66.66999816894531
2023-10-06,67.45999908447266
2023-10-09,67.16999816894531
2023-10-10,67.7300033569336
2023-10-11,68.3499984741211
2023-10-12,67.0999984741211
2023-10-13,67.41999816894531
2023-10-16,68.8499984741211
2023-10-17,70.61000061035156
2023-10-18,65.94000244140625
2023-10-19,65.5
2023-10-20,64.279998779296875
2023-10-23,64.18000030517578
2023-10-24,63.54999923706055
2023-10-25,63.060001373291016
2023-10-26,64.94999694824219
2023-10-27,63.540000915527344
2023-10-30,65.12000274658203
2023-10-31,65.910003662109375
2023-11-01,66.87999725341797
2023-11-02,70.0999984741211
2023-11-03,71.3499984741211
2023-11-06,70.31999969482422
2023-11-07,69.5199966430664
2023-11-08,69.3499984741211
2023-11-09,69.4000015258789
2023-11-10,70.69999694824219
2023-11-13,70.9800033569336
2023-11-14,73.839996337890625
2023-11-15,74.87999725341797
2023-11-16,74.63999938964844
2023-11-17,75.37999725341797
2023-11-20,75.8499984741211
2023-11-21,75.55999755859375
2023-11-22,76.1500015258789
2023-11-24,76.36000061035156
2023-11-27,76.2300033569336
2023-11-28,76.69999694824219
2023-11-29,78.279998779296875
2023-11-30,79.25
2023-12-01,80.279998779296875
2023-12-04,80.7699966430664
2023-12-05,80.76000213623047
2023-12-06,80.66999816894531
2023-12-07,79.86000061035156
2023-12-08,80.38999938964844
2023-12-11,80.83000183105469
2023-12-12,80.45999908447266
2023-12-13,82.8499984741211
2023-12-14,85.93000030517578
2023-12-15,85.44999694824219
2023-12-18,85.589996337890625
2023-12-19,85.86000061035156
2023-12-20,83.089996337890625
2023-12-21,83.80000305175781
2023-12-22,83.839996337890625
2023-12-26,84.25
2023-12-27,84.56999969482422
2023-12-28,84.95999908447266
2023-12-29,84.37999725341797
2024-01-02,84.87000274658203
2024-01-03,82.58000183105469
2024-01-04,82.36000061035156
2024-01-05,83.470001220703125
2024-01-08,84.18000030517578
2024-01-09,84.33000183105469
2024-01-10,84.1500015258789
2024-01-11,83.44000244140625
2024-01-12,83.80999755859375
2024-01-16,83.2699966430664
2024-01-17,82.94000244140625
2024-01-18,80.910003662109375
2024-01-19,81.13999938964844
2024-01-22,81.410003662109375
2024-01-23,81.25
2024-01-24,80.87999725341797
2024-01-25,81.79000091552734
2024-01-26,81.5999984741211
2024-01-29,81.30000305175781
2024-01-30,80.86000061035156
2024-01-31,79.63999938964844
2024-02-01,79.30000305175781
2024-02-02,80.37999725341797
2024-02-05,78.73999786376953
2024-02-06,78.19999694824219
2024-02-07,79.12000274658203
2024-02-08,78.470001220703125
2024-02-09,79.63999938964844
2024-02-12,81.3499984741211
2024-02-13,77.470001220703125
2024-02-14,79.04000091552734
2024-02-15,80.80000305175781
2024-02-16,79.94999694824219
2024-02-20,79.61000061035156
2024-02-21,79.88999938964844
2024-02-22,79.9800033569336
2024-02-23,81.4800033569336
2024-02-26,81.19999694824219
2024-02-27,81.779998779296875
2024-02-28,81.44000244140625
2024-02-29,82.12999725341797
2024-03-01,82.660003662109375
2024-03-04,84.55000305175781
2024-03-05,85.160003662109375
2024-03-06,81.279998779296875
2024-03-07,81.91999816894531
2024-03-08,81.80999755859375
2024-03-11,81.94999694824219
2024-03-12,80.91999816894531
2024-03-13,81.7300033569336
2024-03-14,80.25
2024-03-15,81.45999908447266
2024-03-18,81.94999694824219
2024-03-19,82.23999786376953
2024-03-20,84.0999984741211
2024-03-21,86.5
2024-03-22,85.54000091552734
2024-03-25,85.8499984741211
2024-03-26,86.62000274658203
2024-03-27,87.75
2024-03-28,88.91999816894531
2024-04-01,88.44000244140625
2024-04-02,87.56999969482422
2024-04-03,87.93000030517578
2024-04-04,86.56999969482422
2024-04-05,86.779998779296875
2024-04-08,88.01000213623047
2024-04-09,88.12000274658203
2024-04-10,85.410003662109375
2024-04-11,84.93000030517578
2024-04-12,83.83000183105469
2024-04-15,83.70999908447266
2024-04-16,79.55999755859375
2024-04-17,81.2300033569336
2024-04-18,81.410003662109375
2024-04-19,81.44999694824219
2024-04-22,83.54000091552734
2024-04-23,84.18000030517578
2024-04-24,84.30000305175781
2024-04-25,83.44000244140625
2024-04-26,83.37999725341797
2024-04-29,83.55999755859375
2024-04-30,82.38999938964844
2024-05-01,83.05000305175781
2024-05-02,83.5
2024-05-03,84.62000274658203
2024-05-06,85.0199966430664
2024-05-07,84.660003662109375
2024-05-08,85.62000274658203
2024-05-09,86.779998779296875
2024-05-10,86.69999694824219
2024-05-13,85.88999938964844
2024-05-14,86.279998779296875
2024-05-15,86.44999694824219
2024-05-16,85.62999725341797
2024-05-17,85.51000213623047
2024-05-20,84.45999908447266
2024-05-21,84.5999984741211
2024-05-22,83.9000015258789
2024-05-23,82.86000061035156
2024-05-24,83.30999755859375
2024-05-28,82.08000183105469
2024-05-29,81.7300033569336
2024-05-30,82.9000015258789
2024-05-31,84.23999786376953
2024-06-03,83.61000061035156
2024-06-04,83.43000030517578
2024-06-05,82.8499984741211
2024-06-06,82.76000213623047
2024-06-07,82.29000091552734
2024-06-10,82.779998779296875
2024-06-11,79.839996337890625
2024-06-12,83.56999969482422
2024-06-13,82.68000030517578
2024-06-14,81.6500015258789
2024-06-17,82.08000183105469
2024-06-18,82.9000015258789
2024-06-20,82.160003662109375
2024-06-21,82.76000213623047
2024-06-24,83.51000213623047
2024-06-25,82.05999755859375
2024-06-26,82.58000183105469
2024-06-27,82.54000091552734
2024-06-28,83.9800033569336
2024-07-01,83.83000183105469
2024-07-02,84.2300033569336
2024-07-03,84.4000015258789
2024-07-05,83.12999725341797
2024-07-08,82.9000015258789
2024-07-09,83.93000030517578
2024-07-10,85.4000015258789
2024-07-11,86.86000061035156
2024-07-12,89.279998779296875
2024-07-15,90.339996337890625
2024-07-16,90.76000213623047
2024-07-17,86.160003662109375
2024-07-18,86.2300033569336
2024-07-19,85.48999786376953
2024-07-22,87.13999938964844
2024-07-23,86.44999694824219
2024-07-24,86.44999694824219
2024-07-25,87.9800033569336
2024-07-26,89.43000030517578
2024-07-29,88.5999984741211
2024-07-30,88.94999694824219
2024-07-31,88.6500015258789
2024-08-01,86.88999938964844
2024-08-02,84.88999938964844
2024-08-05,82.4800033569336
2024-08-06,83.0999984741211
2024-08-07,82.94000244140625
2024-08-08,83.5
2024-08-09,84.29000091552734
2024-08-12,82.51000213623047
2024-08-13,83.62000274658203
2024-08-14,84.80999755859375
2024-08-15,86.2300033569336
2024-08-16,87.19999694824219
2024-08-19,87.18000030517578
2024-08-20,86.08000183105469
2024-08-21,86.5999984741211
2024-08-22,87.18000030517578
2024-08-23,88.69999694824219
2024-08-26,88.8499984741211
2024-08-27,88.9000015258789
2024-08-28,88.6500015258789
2024-08-29,89.48999786376953
2024-08-30,91.20999908447266
2024-09-03,90.0199966430664
2024-09-04,89.44999694824219
2024-09-05,89.660003662109375
2024-09-06,86.660003662109375
2024-09-09,87.76000213623047
2024-09-10,88.470001220703125
2024-09-11,87.2300033569336
2024-09-12,87.44999694824219
2024-09-13,88.23999786376953
2024-09-16,89.75
2024-09-17,90.6500015258789
2024-09-18,90.30999755859375
2024-09-19,92.62000274658203
2024-09-20,91.9000015258789
2024-09-23,91.51000213623047
2024-09-24,91.410003662109375
2024-09-25,90.79000091552734
2024-09-26,89.93000030517578
2024-09-27,90.06999969482422
2024-09-30,90.029998779296875
2024-10-01,88.720001220703125
2024-10-02,88.4000015258789
2024-10-03,88.56999969482422
2024-10-04,90.45999908447266
2024-10-07,90.19999694824219
2024-10-08,91.05999755859375
2024-10-09,91.529998779296875
2024-10-10,91.089996337890625
2024-10-11,92.16999816894531
2024-10-14,94.05999755859375
2024-10-15,94.37999725341797
2024-10-16,96.63999938964844
2024-10-17,96.26000213623047
2024-10-18,96.4000015258789
2024-10-21,95.76000213623047
2024-10-22,95.79000091552734
2024-10-23,102.51000213623047
2024-10-24,102.79000091552734
2024-10-25,100.19000244140625
2024-10-28,101.87999725341797
2024-10-29,102.31999969482422
2024-10-30,101.45999908447266
2024-10-31,100.5199966430664
2024-11-01,99.93000030517578
2024-11-04,100.23999786376953
2024-11-05,101.3499984741211
2024-11-06,106.56999969482422
2024-11-07,105.25
2024-11-08,105.18000030517578
2024-11-11,106.75
2024-11-12,106.94999694824219
2024-11-13,106.83999633789063
2024-11-14,105.95999908447266
2024-11-15,107.5999984741211
2024-11-18,108.93000030517578
2024-11-19,107.83999633789063
2024-11-20,107.87999725341797
2024-11-21,108.94000244140625
2024-11-22,109.45999908447266
2024-11-25,110.52999877929688
2024-11-26,110.75
2024-11-27,110.58999633789063
2024-11-29,111.16000366210938
2024-12-02,109.88999938964844
2024-12-03,109.33999633789063
2024-12-04,108.7699966430664
2024-12-05,109.94000244140625
2024-12-06,107.91999816894531
2024-12-09,108.5999984741211
2024-12-10,108.1500015258789
2024-12-11,105.1500015258789
2024-12-12,105.38999938964844
2024-12-13,104.9800033569336
2024-12-16,105.55999755859375
2024-12-17,104.70999908447266
2024-12-18,100.13999938964844
2024-12-19,100.51000213623047
2024-12-20,102.4800033569336
2024-12-23,102.58999633789063
2024-12-24,103.61000061035156
2024-12-26,104.66000366210938
2024-12-27,103.83000183105469
2024-12-30,102.73999786376953
2024-12-31,102.5
2025-01-02,102.98999786376953
2025-01-03,103.27999877929688
2025-01-06,103.20999908447266
2025-01-07,102.75
2025-01-08,102.22000122070313
2025-01-10,99.45999908447266
2025-01-13,100.31999969482422
2025-01-14,101.62999725341797
2025-01-15,106.12000274658203
2025-01-16,106.48999786376953
2025-01-17,106.87000274658203
2025-01-21,107.75
2025-01-22,107.38999938964844
2025-01-23,109.54000091552734
2025-01-24,110.91999816894531
2025-01-27,111.4800033569336
2025-01-28,112.41000366210938
2025-01-29,112.5999984741211
2025-01-30,112.73999786376953
2025-01-31,112.29000091552734
2025-02-03,110.81999969482422
2025-02-04,111.37999725341797
2025-02-05,113.22000122070313
2025-02-06,113.80000305175781
2025-02-07,113.51000213623047
2025-02-10,111
2025-02-11,110.41999816894531
2025-02-12,110.0999984741211
2025-02-13,111.5
2025-02-14,110.7699966430664
2025-02-18,113.80999755859375
2025-02-19,113.75
2025-02-20,113.52999877929688
2025-02-21,112.97000122070313
2025-02-24,112.81999969482422
2025-02-25,110.76000213623047
2025-02-26,109.4000015258789
2025-02-27,109.12000274658203
2025-02-28,110.22000122070313
2025-03-03,109.4000015258789
2025-03-04,104.37000274658203
2025-03-05,105.37000274658203
2025-03-06,103.83000183105469
2025-03-07,104.31999969482422
2025-03-10,101.31999969482422
2025-03-11,97.48999786376953
2025-03-12,98.2300033569336
2025-03-13,96.089996337890625
2025-03-14,97.87999725341797
2025-03-17,98.68000030517578
2025-03-18,98.279998779296875
2025-03-19,99.2699966430664
2025-03-20,98.87000274658203
2025-03-21,98.7699966430664
2025-03-24,101.44000244140625
2025-03-25,101.5999984741211
2025-03-26,101.44000244140625
2025-03-27,100.55000305175781
2025-03-28,97.1500015258789
2025-03-31,98.6500015258789
2025-04-01,97.94999694824219
2025-04-02,98.7300033569336
2025-04-03,90.58000183105469
2025-04-04,86.01000213623047
2025-04-07,85.5
2025-04-08,84.44999694824219
2025-04-09,93.2699966430664
2025-04-10,87.94000244140625
2025-04-11,88.29000091552734
2025-04-14,89.80999755859375
2025-04-15,89.2699966430664
2025-04-16,87.43000030517578
2025-04-17,88.30000305175781
2025-04-21,86.779998779296875
2025-04-22,89.36000061035156
2025-04-23,90.5999984741211
2025-04-24,92.4000015258789
2025-04-25,91.589996337890625
2025-04-28,92.51000213623047
2025-04-29,94.05000305175781
2025-04-30,93.9800033569336
2025-05-01,94.94000244140625
2025-05-02,97.5199966430664
2025-05-05,97.16999816894531
2025-05-06,96.88999938964844
2025-05-07,97.94000244140625
2025-05-08,100.41999816894531
2025-05-09,100.58999633789063
2025-05-12,105.6500015258789
2025-05-13,107.13999938964844
2025-05-14,106.38999938964844
2025-05-15,107.47000122070313
2025-05-16,107.9000015258789
2025-05-19,107.98999786376953
2025-05-20,107.31999969482422
2025-05-21,105.33999633789063
2025-05-22,106.4000015258789
2025-05-23,105.77999877929688
2025-05-27,108.94999694824219
2025-05-28,106.76000213623047
2025-05-29,107.31999969482422
2025-05-30,106.73999786376953
2025-06-02,106.30999755859375
2025-06-03,107.05000305175781
2025-06-04,106.0999984741211
2025-06-05,106.47000122070313
2025-06-06,107.91000366210938
2025-06-09,108.73999786376953
2025-06-10,109.91000366210938
2025-06-11,108.44000244140625
2025-06-12,109.05999755859375
2025-06-13,107.75
2025-06-16,110.91000366210938
2025-06-17,109.62999725341797
2025-06-18,110.9800033569336
2025-06-20,111.8499984741211
2025-06-23,120.80999755859375
2025-06-24,118.18000030517578
2025-06-25,123.80000305175781
2025-06-26,122.97000122070313
2025-06-27,124.41000366210938
2025-06-30,126.79000091552734
2025-07-01,127.98999786376953
2025-07-02,132.05999755859375
2025-07-03,131.6999969482422
2025-07-07,128.5
2025-07-08,125.95999908447266
2025-07-09,127
2025-07-10,126.62000274658203
2025-07-11,125.91000366210938
2025-07-14,126.56999969482422
2025-07-15,123.5999984741211
2025-07-16,124.80999755859375
2025-07-17,127.05999755859375
2025-07-18,127.93000030517578
2025-07-21,125.58999633789063
2025-07-22,126.52999877929688
2025-07-23,124.2300033569336
2025-07-24,128.75999450683594
2025-07-25,130.02999877929688
2025-07-28,129.77999877929688
2025-07-29,131.63999938964844
2025-07-30,131.55999755859375
2025-07-31,130
2025-08-01,127.05999755859375
2025-08-04,127.6500015258789
2025-08-05,125.91999816894531
2025-08-06,125.66999816894531
2025-08-07,124.7300033569336
2025-08-08,125.6500015258789
2025-08-11,125.23999786376953
2025-08-12,127.37999725341797
2025-08-13,125.97000122070313
2025-08-14,128.49000549316406
2025-08-15,126.0199966430664
2025-08-18,127.05000305175781
2025-08-19,127.36000061035156
2025-08-20,127.87999725341797
2025-08-21,127.30999755859375
2025-08-22,130.05999755859375
2025-08-25,130.61000061035156
2025-08-26,131.8699951171875
2025-08-27,131.57000732421875
2025-08-28,130.99000549316406
2025-08-29,131.27999877929688
2025-09-02,129.77000427246094
2025-09-03,129.6999969482422
2025-09-04,129.49000549316406
2025-09-05,127.2699966430664
2025-09-08,127.43000030517578
2025-09-09,128.8800048828125
2025-09-10,127.05999755859375
2025-09-11,129.47999572753906
2025-09-12,129.4199981689453
2025-09-15,130.25999450683594
2025-09-16,129.25
2025-09-17,129.4600067138672
2025-09-18,132.22000122070313
2025-09-19,131.5
2025-09-22,131.77999877929688
2025-09-23,130.52000427246094
2025-09-24,129.50999450683594
2025-09-25,131.3800048828125
2025-09-26,133.30999755859375
2025-09-29,133.89999389648438
2025-09-30,134.60000610351563
2025-10-01,131.1999969482422
2025-10-02,133.24000549316406
2025-10-03,132.39999389648438
2025-10-06,132.2100067138672
2025-10-07,132.4499969482422
2025-10-08,130.75
2025-10-09,129.99000549316406
2025-10-10,124.72000122070313
2025-10-13,127.02999877929688
2025-10-14,129.02000427246094
2025-10-15,129.8800048828125
2025-10-16,124.56999969482422
2025-10-17,124.81999969482422
2025-10-20,128.85000610351563
2025-10-21,128.52000427246094
2025-10-22,125.4800033569336
2025-10-23,124.73999786376953
2025-10-24,126.02999877929688
2025-10-27,126.19999694824219
2025-10-28,127.33999633789063
2025-10-29,127.26000213623047
2025-10-30,126.9000015258789
2025-10-31,128.6699981689453
2025-11-03,127.68000030517578
2025-11-04,127.54000091552734
2025-11-05,128.19000244140625
2025-11-06,128.3000030517578
2025-11-07,129.9600067138672
2025-11-10,130.08999633789063
2025-11-11,130.3699951171875
2025-11-12,132.39999389648438
2025-11-13,128.91000366210938
2025-11-14,127.38999938964844
2025-11-17,122.72000122070313
2025-11-18,124.77999877929688
2025-11-19,126.01000213623047
2025-11-20,125.72000122070313
2025-11-21,127.12999725341797
2025-11-24,128.75
2025-11-25,129.92999267578125
2025-11-26,131.3699951171875
2025-11-28,131.33999633789063
2025-12-01,130.97999572753906
2025-12-02,130.42999267578125
2025-12-03,132.16000366210938
2025-12-04,133.2100067138672
2025-12-05,133.2100067138672
2025-12-08,133.49000549316406
2025-12-09,133.3800048828125
2025-12-10,137.5800018310547
2025-12-11,140.08999633789063
2025-12-12,138.52000427246094
2025-12-15,139.6199951171875
2025-12-16,138.27000427246094
2025-12-17,137.77999877929688
2025-12-18,138.3300018310547
2025-12-19,139.4600067138672
2025-12-22,140.25999450683594
2025-12-23,140.19000244140625
2025-12-24,140.6999969482422
2025-12-26,140.13999938964844
2025-12-29,139.7100067138672
2025-12-30,138.1300048828125
2025-12-31,136.58999633789063
2026-01-02,139.27999877929688
2026-01-05,144
2026-01-06,144.1199951171875
2026-01-07,142.6199951171875
2026-01-08,144.36000061035156
2026-01-09,145.74000549316406
2026-01-12,146.1699981689453
2026-01-13,145.25
2026-01-14,145.35000610351563
2026-01-15,147.10000610351563
2026-01-16,145.57000732421875
2026-01-20,143.3000030517578
2026-01-21,144.4199981689453
2026-01-22,153.1199951171875
2026-01-23,148.6300048828125
2026-01-26,149.64999389648438
2026-01-27,149.9600067138672
2026-01-28,150.25
2026-01-29,150.66000366210938
2026-01-30,149.42999267578125
2026-02-02,151.6199951171875
2026-02-03,149.83999633789063
2026-02-04,150.8000030517578
2026-02-05,147.47999572753906
2026-02-06,152.14999389648438
2026-02-09,154.8000030517578
2026-02-10,148.94000244140625
2026-02-11,146.5
2026-02-12,144.2100067138672
2026-02-13,146.3800048828125
2026-02-17,147.22999572753906
2026-02-18,147.52000427246094
2026-02-19,145.02000427246094
2026-02-20,144.75999450683594
2026-02-23,140.3800048828125
2026-02-24,141.41000366210938
2026-02-25,145.74000549316406
2026-02-26,147.58999633789063
2026-02-27,143.08999633789063
2026-03-02,145.22999572753906
2026-03-03,142.24000549316406
2026-03-04,145.07000732421875
2026-03-05,143.5
2026-03-06,138.58999633789063
2026-03-09,138.41000366210938
2026-03-10,137.97999572753906
2026-03-11,140.89999389648438
2026-03-12,137.3000030517578
2026-03-13,136.9199981689453
2026-03-16,136.49000549316406
2026-03-17,136.7899932861328
2026-03-18,134.8699951171875
2026-03-19,135.77999877929688
2026-03-20,135.74000549316406
2026-03-23,137.13999938964844
2026-03-24,140.3699951171875
2026-03-25,139.72999572753906
2026-03-26,137.97999572753906
2026-03-27,134.99000549316406
2026-03-30,136.22999572753906
