Date,POOL.Close
2020-01-02,213.80999755859375
2020-01-03,215.0399932861328
2020-01-06,215.0800018310547
2020-01-07,213.02000427246094
2020-01-08,214.10000610351563
2020-01-09,214.50999450683594
2020-01-10,217.0399932861328
2020-01-13,216.61000061035156
2020-01-14,215.6199951171875
2020-01-15,217.02999877929688
2020-01-16,218.4499969482422
2020-01-17,219.82000732421875
2020-01-21,219.2899932861328
2020-01-22,220.58999633789063
2020-01-23,220.77999877929688
2020-01-24,219.9499969482422
2020-01-27,221.5800018310547
2020-01-28,221.4600067138672
2020-01-29,225.52000427246094
2020-01-30,223.97000122070313
2020-01-31,219.3000030517578
2020-02-03,220.9199981689453
2020-02-04,222.85000610351563
2020-02-05,223.82000732421875
2020-02-06,225.8000030517578
2020-02-07,226.91000366210938
2020-02-10,227.5500030517578
2020-02-11,229.2899932861328
2020-02-12,227.17999267578125
2020-02-13,228.13999938964844
2020-02-14,233.5500030517578
2020-02-18,236
2020-02-19,233.47000122070313
2020-02-20,232.3699951171875
2020-02-21,229.1999969482422
2020-02-24,224.57000732421875
2020-02-25,217.50999450683594
2020-02-26,220.00999450683594
2020-02-27,216.38999938964844
2020-02-28,210.9600067138672
2020-03-02,210.9199981689453
2020-03-03,215.35000610351563
2020-03-04,227.5399932861328
2020-03-05,226.63999938964844
2020-03-06,224.91000366210938
2020-03-09,213.02000427246094
2020-03-10,216.69000244140625
2020-03-11,207.35000610351563
2020-03-12,186.92999267578125
2020-03-13,206.13999938964844
2020-03-16,171.52999877929688
2020-03-17,181.22000122070313
2020-03-18,187.4199981689453
2020-03-19,193.8699951171875
2020-03-20,167.77999877929688
2020-03-23,169.30999755859375
2020-03-24,181.0500030517578
2020-03-25,175.0399932861328
2020-03-26,185
2020-03-27,186.97999572753906
2020-03-30,198.35000610351563
2020-03-31,196.77000427246094
2020-04-01,195.00999450683594
2020-04-02,193.1199951171875
2020-04-03,178.27000427246094
2020-04-06,195.97999572753906
2020-04-07,191.5800018310547
2020-04-08,199.11000061035156
2020-04-09,199.47000122070313
2020-04-13,190.50999450683594
2020-04-14,195.33999633789063
2020-04-15,191.47999572753906
2020-04-16,196.35000610351563
2020-04-17,198.77999877929688
2020-04-20,191.60000610351563
2020-04-21,184.75999450683594
2020-04-22,190.4199981689453
2020-04-23,204.39999389648438
2020-04-24,213.5
2020-04-27,222.6199951171875
2020-04-28,220.69000244140625
2020-04-29,217.7100067138672
2020-04-30,211.66000366210938
2020-05-01,216.02000427246094
2020-05-04,214.80999755859375
2020-05-05,221.86000061035156
2020-05-06,222.32000732421875
2020-05-07,218.6999969482422
2020-05-08,224.64999389648438
2020-05-11,227.72999572753906
2020-05-12,221.58999633789063
2020-05-13,216.36000061035156
2020-05-14,217.7100067138672
2020-05-15,222.97000122070313
2020-05-18,229.55999755859375
2020-05-19,229.00999450683594
2020-05-20,230.7899932861328
2020-05-21,238.35000610351563
2020-05-22,238.17999267578125
2020-05-26,242.82000732421875
2020-05-27,254.47000122070313
2020-05-28,259.1300048828125
2020-05-29,269.0199890136719
2020-06-01,267.760009765625
2020-06-02,265.8299865722656
2020-06-03,269.489990234375
2020-06-04,262.7900085449219
2020-06-05,258.8399963378906
2020-06-08,255.36000061035156
2020-06-09,262.489990234375
2020-06-10,262.3500061035156
2020-06-11,251.6300048828125
2020-06-12,252.6699981689453
2020-06-15,255.1300048828125
2020-06-16,263.3800048828125
2020-06-17,265.4100036621094
2020-06-18,265.1499938964844
2020-06-19,266.6000061035156
2020-06-22,270.760009765625
2020-06-23,266.0799865722656
2020-06-24,261.2900085449219
2020-06-25,263.9100036621094
2020-06-26,260.94000244140625
2020-06-29,265.7900085449219
2020-06-30,271.8699951171875
2020-07-01,272.9100036621094
2020-07-02,270.2200012207031
2020-07-06,269.260009765625
2020-07-07,271.8900146484375
2020-07-08,270.79998779296875
2020-07-09,279.1300048828125
2020-07-10,278.489990234375
2020-07-13,276.2799987792969
2020-07-14,281.3800048828125
2020-07-15,287.54998779296875
2020-07-16,283.6000061035156
2020-07-17,294.3900146484375
2020-07-20,301.3500061035156
2020-07-21,296.4200134277344
2020-07-22,301.8999938964844
2020-07-23,300.5799865722656
2020-07-24,304.2699890136719
2020-07-27,310.3299865722656
2020-07-28,306.6300048828125
2020-07-29,313.95001220703125
2020-07-30,314.94000244140625
2020-07-31,316.70001220703125
2020-08-03,322.2200012207031
2020-08-04,324.80999755859375
2020-08-05,327.989990234375
2020-08-06,328.54998779296875
2020-08-07,328.6000061035156
2020-08-10,325.489990234375
2020-08-11,316.17999267578125
2020-08-12,324.3599853515625
2020-08-13,320.1099853515625
2020-08-14,319.32000732421875
2020-08-17,326.0299987792969
2020-08-18,328.04998779296875
2020-08-19,325.5299987792969
2020-08-20,325.5
2020-08-21,333.3699951171875
2020-08-24,334.7200012207031
2020-08-25,335.3999938964844
2020-08-26,335.8500061035156
2020-08-27,336.6700134277344
2020-08-28,330.8999938964844
2020-08-31,327.8399963378906
2020-09-01,329.9200134277344
2020-09-02,329.8800048828125
2020-09-03,309.67999267578125
2020-09-04,295
2020-09-08,293.1199951171875
2020-09-09,302.4200134277344
2020-09-10,300.17999267578125
2020-09-11,300.32000732421875
2020-09-14,308.3800048828125
2020-09-15,308.4800109863281
2020-09-16,300.2200012207031
2020-09-17,304.2900085449219
2020-09-18,301.260009765625
2020-09-21,300.489990234375
2020-09-22,307.8999938964844
2020-09-23,307.2799987792969
2020-09-24,310.1000061035156
2020-09-25,315.1000061035156
2020-09-28,325.20001220703125
2020-09-29,328.5400085449219
2020-09-30,334.5400085449219
2020-10-01,328.2799987792969
2020-10-02,322.7900085449219
2020-10-05,327.75
2020-10-06,328.010009765625
2020-10-07,331.6400146484375
2020-10-08,340.8500061035156
2020-10-09,346.54998779296875
2020-10-12,352.69000244140625
2020-10-13,351.989990234375
2020-10-14,360.30999755859375
2020-10-15,360.3800048828125
2020-10-16,359.44000244140625
2020-10-19,353.54998779296875
2020-10-20,355.6300048828125
2020-10-21,355.9700012207031
2020-10-22,350.260009765625
2020-10-23,361.7099914550781
2020-10-26,362.54998779296875
2020-10-27,366.989990234375
2020-10-28,362.8500061035156
2020-10-29,360.6400146484375
2020-10-30,349.8299865722656
2020-11-02,357.2900085449219
2020-11-03,364.17999267578125
2020-11-04,377.1700134277344
2020-11-05,383.9200134277344
2020-11-06,382.8900146484375
2020-11-09,322.29998779296875
2020-11-10,339.7099914550781
2020-11-11,346.07000732421875
2020-11-12,339.5299987792969
2020-11-13,340.6300048828125
2020-11-16,340.79998779296875
2020-11-17,329.45001220703125
2020-11-18,322.44000244140625
2020-11-19,338.6499938964844
2020-11-20,339.8699951171875
2020-11-23,334.1300048828125
2020-11-24,328.2799987792969
2020-11-25,333.5899963378906
2020-11-27,343.1199951171875
2020-11-30,346.1099853515625
2020-12-01,353.1000061035156
2020-12-02,339.1300048828125
2020-12-03,330.239990234375
2020-12-04,324.2699890136719
2020-12-07,332.5899963378906
2020-12-08,339.1199951171875
2020-12-09,334.8999938964844
2020-12-10,331.3999938964844
2020-12-11,337.7900085449219
2020-12-14,346.5799865722656
2020-12-15,348.7900085449219
2020-12-16,352.94000244140625
2020-12-17,356.1499938964844
2020-12-18,364.3699951171875
2020-12-21,362.010009765625
2020-12-22,369.7300109863281
2020-12-23,365.5199890136719
2020-12-24,364.7300109863281
2020-12-28,362.760009765625
2020-12-29,364.0400085449219
2020-12-30,367.2799987792969
2020-12-31,372.5
2021-01-04,356.8900146484375
2021-01-05,356.8699951171875
2021-01-06,370.3800048828125
2021-01-07,385.95001220703125
2021-01-08,390.989990234375
2021-01-11,385.25
2021-01-12,385
2021-01-13,373.7200012207031
2021-01-14,366.70001220703125
2021-01-15,359.3999938964844
2021-01-19,360.6300048828125
2021-01-20,366.239990234375
2021-01-21,366.7099914550781
2021-01-22,369.30999755859375
2021-01-25,368.94000244140625
2021-01-26,363.67999267578125
2021-01-27,354.6600036621094
2021-01-28,362.6600036621094
2021-01-29,354.17999267578125
2021-02-01,359.82000732421875
2021-02-02,357.29998779296875
2021-02-03,354.8500061035156
2021-02-04,358.989990234375
2021-02-05,359.32000732421875
2021-02-08,359.3999938964844
2021-02-09,360.2900085449219
2021-02-10,350.5400085449219
2021-02-11,329.8900146484375
2021-02-12,337.8399963378906
2021-02-16,333.3299865722656
2021-02-17,330.1700134277344
2021-02-18,330.42999267578125
2021-02-19,326.0799865722656
2021-02-22,314.42999267578125
2021-02-23,318.25
2021-02-24,328.3900146484375
2021-02-25,322.989990234375
2021-02-26,334.7699890136719
2021-03-01,334.20001220703125
2021-03-02,330.70001220703125
2021-03-03,331.1000061035156
2021-03-04,323.5899963378906
2021-03-05,330.2200012207031
2021-03-08,328.3399963378906
2021-03-09,336.510009765625
2021-03-10,343.20001220703125
2021-03-11,346.8399963378906
2021-03-12,342.44000244140625
2021-03-15,347.57000732421875
2021-03-16,343.9700012207031
2021-03-17,339.20001220703125
2021-03-18,336.8699951171875
2021-03-19,340.79998779296875
2021-03-22,336.2200012207031
2021-03-23,340.9100036621094
2021-03-24,340.1000061035156
2021-03-25,335.25
2021-03-26,341.8599853515625
2021-03-29,343.4800109863281
2021-03-30,342.3699951171875
2021-03-31,345.239990234375
2021-04-01,351.57000732421875
2021-04-05,357
2021-04-06,357.7200012207031
2021-04-07,356.6499938964844
2021-04-08,360.760009765625
2021-04-09,369.489990234375
2021-04-12,371.17999267578125
2021-04-13,370.45001220703125
2021-04-14,367.70001220703125
2021-04-15,374.42999267578125
2021-04-16,382.2099914550781
2021-04-19,382.95001220703125
2021-04-20,386.05999755859375
2021-04-21,385.6700134277344
2021-04-22,410.4599914550781
2021-04-23,419.5299987792969
2021-04-26,413.25
2021-04-27,421.69000244140625
2021-04-28,415.2900085449219
2021-04-29,421.45001220703125
2021-04-30,422.5199890136719
2021-05-03,428.8599853515625
2021-05-04,431.1499938964844
2021-05-05,441.55999755859375
2021-05-06,434.8500061035156
2021-05-07,444.010009765625
2021-05-10,444.9599914550781
2021-05-11,438.8699951171875
2021-05-12,419.760009765625
2021-05-13,435.010009765625
2021-05-14,437.8699951171875
2021-05-17,435.6700134277344
2021-05-18,427.1000061035156
2021-05-19,427.8299865722656
2021-05-20,429.7300109863281
2021-05-21,429.25
2021-05-24,430.739990234375
2021-05-25,429.6600036621094
2021-05-26,429.6300048828125
2021-05-27,431.4700012207031
2021-05-28,436.54998779296875
2021-06-01,438.7300109863281
2021-06-02,440.5799865722656
2021-06-03,438.3999938964844
2021-06-04,438.0400085449219
2021-06-07,435.54998779296875
2021-06-08,440
2021-06-09,433.6199951171875
2021-06-10,429
2021-06-11,431.6199951171875
2021-06-14,430.9599914550781
2021-06-15,434.4100036621094
2021-06-16,432.5199890136719
2021-06-17,436.5299987792969
2021-06-18,442.0199890136719
2021-06-21,452.8999938964844
2021-06-22,459.760009765625
2021-06-23,454.8999938964844
2021-06-24,459.0299987792969
2021-06-25,455.7699890136719
2021-06-28,456.5400085449219
2021-06-29,465.0400085449219
2021-06-30,458.6600036621094
2021-07-01,462.04998779296875
2021-07-02,466.8299865722656
2021-07-06,464.5299987792969
2021-07-07,470.32000732421875
2021-07-08,468.7699890136719
2021-07-09,476.239990234375
2021-07-12,475.510009765625
2021-07-13,470.8800048828125
2021-07-14,468.7699890136719
2021-07-15,459.82000732421875
2021-07-16,458.8900146484375
2021-07-19,453.5199890136719
2021-07-20,452.510009765625
2021-07-21,457.69000244140625
2021-07-22,450.5199890136719
2021-07-23,462.3699951171875
2021-07-26,466.9599914550781
2021-07-27,471.8699951171875
2021-07-28,467.6300048828125
2021-07-29,477.79998779296875
2021-07-30,477.82000732421875
2021-08-02,476.510009765625
2021-08-03,480.44000244140625
2021-08-04,486.9700012207031
2021-08-05,486.80999755859375
2021-08-06,481.0899963378906
2021-08-09,485.3999938964844
2021-08-10,484.17999267578125
2021-08-11,483.1700134277344
2021-08-12,484.7300109863281
2021-08-13,485.2099914550781
2021-08-16,493.3999938964844
2021-08-17,479.989990234375
2021-08-18,476.6400146484375
2021-08-19,484.3699951171875
2021-08-20,486.42999267578125
2021-08-23,474.8999938964844
2021-08-24,477.5899963378906
2021-08-25,485.0199890136719
2021-08-26,477.4700012207031
2021-08-27,480.9100036621094
2021-08-30,491.42999267578125
2021-08-31,494.29998779296875
2021-09-01,491.2300109863281
2021-09-02,497.260009765625
2021-09-03,496.8900146484375
2021-09-07,491.04998779296875
2021-09-08,497.3900146484375
2021-09-09,491.6400146484375
2021-09-10,493.42999267578125
2021-09-13,478.9200134277344
2021-09-14,474.67999267578125
2021-09-15,477.1499938964844
2021-09-16,470.69000244140625
2021-09-17,464.0400085449219
2021-09-20,462.5199890136719
2021-09-21,459.7300109863281
2021-09-22,456
2021-09-23,466.3699951171875
2021-09-24,465.489990234375
2021-09-27,455.760009765625
2021-09-28,444.0799865722656
2021-09-29,446.8299865722656
2021-09-30,434.4100036621094
2021-10-01,437.3999938964844
2021-10-04,435.9200134277344
2021-10-05,440.4100036621094
2021-10-06,440.95001220703125
2021-10-07,452.5400085449219
2021-10-08,446.5299987792969
2021-10-11,445.5199890136719
2021-10-12,440.8599853515625
2021-10-13,440.3699951171875
2021-10-14,452.8699951171875
2021-10-15,453.2200012207031
2021-10-18,460.4599914550781
2021-10-19,464.510009765625
2021-10-20,463.8399963378906
2021-10-21,499.3299865722656
2021-10-22,503.0799865722656
2021-10-25,508.6199951171875
2021-10-26,503.6199951171875
2021-10-27,499.7799987792969
2021-10-28,506.6400146484375
2021-10-29,515.15997314453125
2021-11-01,514.95001220703125
2021-11-02,515.40997314453125
2021-11-03,516.42999267578125
2021-11-04,522.16998291015625
2021-11-05,517.969970703125
2021-11-08,520.58001708984375
2021-11-09,526.30999755859375
2021-11-10,526.52001953125
2021-11-11,553.91998291015625
2021-11-12,571.280029296875
2021-11-15,569.8800048828125
2021-11-16,573.72998046875
2021-11-17,573
2021-11-18,577.8499755859375
2021-11-19,577
2021-11-22,559.219970703125
2021-11-23,561.57000732421875
2021-11-24,568.46002197265625
2021-11-26,559.19000244140625
2021-11-29,560.0999755859375
2021-11-30,554.1199951171875
2021-12-01,552.219970703125
2021-12-02,556.70001220703125
2021-12-03,544.84002685546875
2021-12-06,547.95001220703125
2021-12-07,563.16998291015625
2021-12-08,564.77001953125
2021-12-09,549.3900146484375
2021-12-10,562.66998291015625
2021-12-13,562.20001220703125
2021-12-14,558.70001220703125
2021-12-15,567.54998779296875
2021-12-16,551.55999755859375
2021-12-17,540.6400146484375
2021-12-20,538.27001953125
2021-12-21,541.46002197265625
2021-12-22,549.1300048828125
2021-12-23,549.6500244140625
2021-12-27,560.90997314453125
2021-12-28,561.21002197265625
2021-12-29,567.6300048828125
2021-12-30,560.80999755859375
2021-12-31,566
2022-01-03,550.25
2022-01-04,549.8900146484375
2022-01-05,529.3800048828125
2022-01-06,520.52001953125
2022-01-07,503.1700134277344
2022-01-10,496.30999755859375
2022-01-11,502.05999755859375
2022-01-12,512.80999755859375
2022-01-13,507.2300109863281
2022-01-14,494.1000061035156
2022-01-18,493.9100036621094
2022-01-19,490.6600036621094
2022-01-20,476.42999267578125
2022-01-21,470.8800048828125
2022-01-24,477.6199951171875
2022-01-25,459.989990234375
2022-01-26,451.260009765625
2022-01-27,451.75
2022-01-28,459.7200012207031
2022-01-31,476.25
2022-02-01,473.7300109863281
2022-02-02,471.2699890136719
2022-02-03,458.04998779296875
2022-02-04,448.6199951171875
2022-02-07,449.1000061035156
2022-02-08,452.1700134277344
2022-02-09,465.0400085449219
2022-02-10,453.67999267578125
2022-02-11,446.54998779296875
2022-02-14,450.94000244140625
2022-02-15,459.57000732421875
2022-02-16,460.17999267578125
2022-02-17,445.9200134277344
2022-02-18,454.8299865722656
2022-02-22,430.1199951171875
2022-02-23,415.4200134277344
2022-02-24,436.07000732421875
2022-02-25,449.3900146484375
2022-02-28,458.5799865722656
2022-03-01,462.510009765625
2022-03-02,475.4800109863281
2022-03-03,469.45001220703125
2022-03-04,465.80999755859375
2022-03-07,451.54998779296875
2022-03-08,437
2022-03-09,456.739990234375
2022-03-10,452.0799865722656
2022-03-11,442.1000061035156
2022-03-14,441.0799865722656
2022-03-15,452.80999755859375
2022-03-16,467.7099914550781
2022-03-17,475.1499938964844
2022-03-18,487.4100036621094
2022-03-21,475.82000732421875
2022-03-22,476.8800048828125
2022-03-23,460.1300048828125
2022-03-24,450.5199890136719
2022-03-25,431.239990234375
2022-03-28,440.25
2022-03-29,454.489990234375
2022-03-30,449.44000244140625
2022-03-31,422.8500061035156
2022-04-01,425.0299987792969
2022-04-04,430.739990234375
2022-04-05,433.5400085449219
2022-04-06,419.9100036621094
2022-04-07,425.67999267578125
2022-04-08,422.0899963378906
2022-04-11,415.0400085449219
2022-04-12,410.9700012207031
2022-04-13,421.44000244140625
2022-04-14,414.05999755859375
2022-04-18,410.489990234375
2022-04-19,429.7900085449219
2022-04-20,431.82000732421875
2022-04-21,427.19000244140625
2022-04-22,415.739990234375
2022-04-25,427.6400146484375
2022-04-26,415.4800109863281
2022-04-27,404.95001220703125
2022-04-28,417.6600036621094
2022-04-29,405.2200012207031
2022-05-02,412.0799865722656
2022-05-03,406.1600036621094
2022-05-04,416.9200134277344
2022-05-05,400.55999755859375
2022-05-06,394.29998779296875
2022-05-09,399.8399963378906
2022-05-10,395.94000244140625
2022-05-11,381.4100036621094
2022-05-12,403.75
2022-05-13,411.1600036621094
2022-05-16,401.17999267578125
2022-05-17,405.2099914550781
2022-05-18,387.30999755859375
2022-05-19,393.4599914550781
2022-05-20,405.5799865722656
2022-05-23,404.760009765625
2022-05-24,389.20001220703125
2022-05-25,393.489990234375
2022-05-26,400.8599853515625
2022-05-27,406
2022-05-31,398.6199951171875
2022-06-01,393.0400085449219
2022-06-02,414.510009765625
2022-06-03,407.2699890136719
2022-06-06,411.6099853515625
2022-06-07,410.79998779296875
2022-06-08,406.8699951171875
2022-06-09,416.3900146484375
2022-06-10,385.0299987792969
2022-06-13,368.8699951171875
2022-06-14,349.44000244140625
2022-06-15,353.82000732421875
2022-06-16,332.17999267578125
2022-06-17,332.92999267578125
2022-06-21,332.760009765625
2022-06-22,335.7799987792969
2022-06-23,353.0299987792969
2022-06-24,356.94000244140625
2022-06-27,356.4200134277344
2022-06-28,353.0799865722656
2022-06-29,349.9800109863281
2022-06-30,351.2300109863281
2022-07-01,351.9200134277344
2022-07-05,363.44000244140625
2022-07-06,372.7300109863281
2022-07-07,387.6300048828125
2022-07-08,378.2099914550781
2022-07-11,371.0799865722656
2022-07-12,373.739990234375
2022-07-13,367.9200134277344
2022-07-14,369.010009765625
2022-07-15,373.8500061035156
2022-07-18,372.7099914550781
2022-07-19,386.489990234375
2022-07-20,396.75
2022-07-21,356.57000732421875
2022-07-22,363.1099853515625
2022-07-25,355
2022-07-26,343.1499938964844
2022-07-27,355.1099853515625
2022-07-28,359.8900146484375
2022-07-29,357.70001220703125
2022-08-01,363.32000732421875
2022-08-02,359.92999267578125
2022-08-03,363.1099853515625
2022-08-04,370.7200012207031
2022-08-05,373.6400146484375
2022-08-08,381.6700134277344
2022-08-09,369.8900146484375
2022-08-10,382.4800109863281
2022-08-11,375.30999755859375
2022-08-12,388.7900085449219
2022-08-15,388.8399963378906
2022-08-16,392.6700134277344
2022-08-17,386.6300048828125
2022-08-18,391.42999267578125
2022-08-19,380.3900146484375
2022-08-22,374.55999755859375
2022-08-23,360.6300048828125
2022-08-24,363.7799987792969
2022-08-25,370.1600036621094
2022-08-26,352.75
2022-08-29,344.2099914550781
2022-08-30,343.19000244140625
2022-08-31,339.19000244140625
2022-09-01,336.8699951171875
2022-09-02,339.8999938964844
2022-09-06,335.4700012207031
2022-09-07,345.5400085449219
2022-09-08,353.2099914550781
2022-09-09,355.9599914550781
2022-09-12,357.3900146484375
2022-09-13,335.19000244140625
2022-09-14,330.19000244140625
2022-09-15,328.42999267578125
2022-09-16,331.6300048828125
2022-09-19,338.4700012207031
2022-09-20,326.9700012207031
2022-09-21,324.3500061035156
2022-09-22,314.95001220703125
2022-09-23,312.5199890136719
2022-09-26,311.92999267578125
2022-09-27,317.6700134277344
2022-09-28,329.1400146484375
2022-09-29,315.7799987792969
2022-09-30,318.2099914550781
2022-10-03,327.75
2022-10-04,332.80999755859375
2022-10-05,330.8599853515625
2022-10-06,328.8699951171875
2022-10-07,321.6000061035156
2022-10-10,322.75
2022-10-11,319.4200134277344
2022-10-12,317.1199951171875
2022-10-13,321.7099914550781
2022-10-14,307.0299987792969
2022-10-17,318.4700012207031
2022-10-18,318.8999938964844
2022-10-19,298.1199951171875
2022-10-20,283.9200134277344
2022-10-21,284.8299865722656
2022-10-24,292.8299865722656
2022-10-25,298.5400085449219
2022-10-26,305.8800048828125
2022-10-27,304.2300109863281
2022-10-28,318.7699890136719
2022-10-31,304.2300109863281
2022-11-01,305.7300109863281
2022-11-02,295.29998779296875
2022-11-03,291.6000061035156
2022-11-04,292.6199951171875
2022-11-07,304.1600036621094
2022-11-08,307.7900085449219
2022-11-09,300.3999938964844
2022-11-10,339.30999755859375
2022-11-11,351.3599853515625
2022-11-14,340.8900146484375
2022-11-15,346.25
2022-11-16,337.45001220703125
2022-11-17,319.6000061035156
2022-11-18,321.9800109863281
2022-11-21,320.239990234375
2022-11-22,326.42999267578125
2022-11-23,332.3900146484375
2022-11-25,328.82000732421875
2022-11-28,315.2300109863281
2022-11-29,320.75
2022-11-30,329.4100036621094
2022-12-01,338.1300048828125
2022-12-02,330.42999267578125
2022-12-05,320.1099853515625
2022-12-06,317.989990234375
2022-12-07,321.0799865722656
2022-12-08,329.2300109863281
2022-12-09,331.010009765625
2022-12-12,331.1199951171875
2022-12-13,335.4700012207031
2022-12-14,334.80999755859375
2022-12-15,320.0400085449219
2022-12-16,313.0199890136719
2022-12-19,308.1400146484375
2022-12-20,303.7699890136719
2022-12-21,311.67999267578125
2022-12-22,305.0799865722656
2022-12-23,305.6000061035156
2022-12-27,306.010009765625
2022-12-28,296.4800109863281
2022-12-29,306.9200134277344
2022-12-30,302.3299865722656
2023-01-03,300.8299865722656
2023-01-04,304.42999267578125
2023-01-05,303
2023-01-06,315.30999755859375
2023-01-09,317.80999755859375
2023-01-10,325.05999755859375
2023-01-11,342.80999755859375
2023-01-12,346.7900085449219
2023-01-13,349.0899963378906
2023-01-17,353.9700012207031
2023-01-18,359.6499938964844
2023-01-19,344.7799987792969
2023-01-20,352.739990234375
2023-01-23,359.2799987792969
2023-01-24,364.260009765625
2023-01-25,363.5
2023-01-26,364.4100036621094
2023-01-27,379.3900146484375
2023-01-30,376.4800109863281
2023-01-31,385.6099853515625
2023-02-01,398.1400146484375
2023-02-02,422.1700134277344
2023-02-03,403.57000732421875
2023-02-06,392.0400085449219
2023-02-07,391.8299865722656
2023-02-08,385.1300048828125
2023-02-09,376.95001220703125
2023-02-10,369.239990234375
2023-02-13,374.8500061035156
2023-02-14,375.3299865722656
2023-02-15,384.57000732421875
2023-02-16,389.70001220703125
2023-02-17,376.5799865722656
2023-02-21,357.54998779296875
2023-02-22,357.69000244140625
2023-02-23,360.57000732421875
2023-02-24,356.30999755859375
2023-02-27,356.0899963378906
2023-02-28,356.8599853515625
2023-03-01,348.54998779296875
2023-03-02,352.79998779296875
2023-03-03,361.54998779296875
2023-03-06,357.2200012207031
2023-03-07,354.8999938964844
2023-03-08,356.57000732421875
2023-03-09,349.0400085449219
2023-03-10,348.4100036621094
2023-03-13,346.2699890136719
2023-03-14,350.6400146484375
2023-03-15,345.989990234375
2023-03-16,349.510009765625
2023-03-17,341.8299865722656
2023-03-20,342.95001220703125
2023-03-21,346.7200012207031
2023-03-22,334.4100036621094
2023-03-23,325.2699890136719
2023-03-24,325.2300109863281
2023-03-27,328.05999755859375
2023-03-28,327.45001220703125
2023-03-29,337.3800048828125
2023-03-30,335.1199951171875
2023-03-31,342.44000244140625
2023-04-03,339.25
2023-04-04,327.4800109863281
2023-04-05,321.82000732421875
2023-04-06,326.260009765625
2023-04-10,335.1700134277344
2023-04-11,345.82000732421875
2023-04-12,333.8999938964844
2023-04-13,340.3399963378906
2023-04-14,330.25
2023-04-17,337.42999267578125
2023-04-18,338.94000244140625
2023-04-19,338.6700134277344
2023-04-20,332.3900146484375
2023-04-21,343.239990234375
2023-04-24,350.2300109863281
2023-04-25,336.9200134277344
2023-04-26,332.25
2023-04-27,342.0899963378906
2023-04-28,351.32000732421875
2023-05-01,346.7799987792969
2023-05-02,346.8900146484375
2023-05-03,351.7200012207031
2023-05-04,344.8699951171875
2023-05-05,353.9599914550781
2023-05-08,353.17999267578125
2023-05-09,350.9800109863281
2023-05-10,351.2200012207031
2023-05-11,348.0400085449219
2023-05-12,338.6499938964844
2023-05-15,342.1600036621094
2023-05-16,340.5299987792969
2023-05-17,343.2900085449219
2023-05-18,353.2200012207031
2023-05-19,345.04998779296875
2023-05-22,342.70001220703125
2023-05-23,338.0799865722656
2023-05-24,333.8500061035156
2023-05-25,327.0799865722656
2023-05-26,328.010009765625
2023-05-30,322.7699890136719
2023-05-31,316.2300109863281
2023-06-01,313.0199890136719
2023-06-02,326.3599853515625
2023-06-05,327.3900146484375
2023-06-06,336.32000732421875
2023-06-07,338.739990234375
2023-06-08,324.6400146484375
2023-06-09,326.4200134277344
2023-06-12,333.7200012207031
2023-06-13,336.9100036621094
2023-06-14,345.3999938964844
2023-06-15,357.510009765625
2023-06-16,357.95001220703125
2023-06-20,353.510009765625
2023-06-21,356.739990234375
2023-06-22,350.2799987792969
2023-06-23,352.3399963378906
2023-06-26,354.1300048828125
2023-06-27,366.20001220703125
2023-06-28,370.1199951171875
2023-06-29,370.6199951171875
2023-06-30,374.6400146484375
2023-07-03,371.4800109863281
2023-07-05,371.2300109863281
2023-07-06,364.25
2023-07-07,365.7200012207031
2023-07-10,376.42999267578125
2023-07-11,381.8800048828125
2023-07-12,388.3699951171875
2023-07-13,382.6600036621094
2023-07-14,364.010009765625
2023-07-17,360.0199890136719
2023-07-18,357.8699951171875
2023-07-19,365.9700012207031
2023-07-20,361.25
2023-07-21,369.75
2023-07-24,365.1600036621094
2023-07-25,378.45001220703125
2023-07-26,387.7799987792969
2023-07-27,381.8999938964844
2023-07-28,384.8399963378906
2023-07-31,384.739990234375
2023-08-01,387.1600036621094
2023-08-02,379.9100036621094
2023-08-03,378.3999938964844
2023-08-04,381.489990234375
2023-08-07,386.0899963378906
2023-08-08,386.2699890136719
2023-08-09,384.20001220703125
2023-08-10,385.1400146484375
2023-08-11,375
2023-08-14,372.6700134277344
2023-08-15,368.0899963378906
2023-08-16,367.260009765625
2023-08-17,351.6099853515625
2023-08-18,349.489990234375
2023-08-21,350.1700134277344
2023-08-22,351.6000061035156
2023-08-23,356.6400146484375
2023-08-24,352.32000732421875
2023-08-25,353.9800109863281
2023-08-28,354.29998779296875
2023-08-29,368.1499938964844
2023-08-30,369.7900085449219
2023-08-31,365.6000061035156
2023-09-01,368.17999267578125
2023-09-05,358.1499938964844
2023-09-06,350
2023-09-07,349.2200012207031
2023-09-08,344.260009765625
2023-09-11,348.260009765625
2023-09-12,348.19000244140625
2023-09-13,348.760009765625
2023-09-14,353.739990234375
2023-09-15,350.1000061035156
2023-09-18,346.5799865722656
2023-09-19,347.5899963378906
2023-09-20,347.6199951171875
2023-09-21,346.3699951171875
2023-09-22,343.70001220703125
2023-09-25,346.9100036621094
2023-09-26,338.2799987792969
2023-09-27,343.70001220703125
2023-09-28,353
2023-09-29,356.1000061035156
2023-10-02,349
2023-10-03,338.8500061035156
2023-10-04,338.54998779296875
2023-10-05,333.7799987792969
2023-10-06,336.1199951171875
2023-10-09,341.5400085449219
2023-10-10,350.54998779296875
2023-10-11,351.3699951171875
2023-10-12,346.1300048828125
2023-10-13,344.25
2023-10-16,348.8599853515625
2023-10-17,352.2200012207031
2023-10-18,336.739990234375
2023-10-19,325.20001220703125
2023-10-20,322.1700134277344
2023-10-23,322.0299987792969
2023-10-24,321.80999755859375
2023-10-25,319.07000732421875
2023-10-26,315.8399963378906
2023-10-27,309.5
2023-10-30,316.6400146484375
2023-10-31,315.7699890136719
2023-11-01,319.2799987792969
2023-11-02,326.2300109863281
2023-11-03,336.6600036621094
2023-11-06,330.010009765625
2023-11-07,334.239990234375
2023-11-08,335.489990234375
2023-11-09,329.0299987792969
2023-11-10,330.5400085449219
2023-11-13,328.3399963378906
2023-11-14,349.30999755859375
2023-11-15,350.5899963378906
2023-11-16,347.3699951171875
2023-11-17,350.2200012207031
2023-11-20,349.0799865722656
2023-11-21,352.3999938964844
2023-11-22,356.260009765625
2023-11-24,354.75
2023-11-27,351.6000061035156
2023-11-28,350.30999755859375
2023-11-29,345.32000732421875
2023-11-30,347.32000732421875
2023-12-01,357.6400146484375
2023-12-04,353.6400146484375
2023-12-05,353.6000061035156
2023-12-06,362.510009765625
2023-12-07,363.739990234375
2023-12-08,354.1199951171875
2023-12-11,355.8800048828125
2023-12-12,351.7900085449219
2023-12-13,365.0400085449219
2023-12-14,396.29998779296875
2023-12-15,392.3999938964844
2023-12-18,389.80999755859375
2023-12-19,391.5299987792969
2023-12-20,390.6300048828125
2023-12-21,395.6300048828125
2023-12-22,396.1099853515625
2023-12-26,400.8900146484375
2023-12-27,403.739990234375
2023-12-28,402.3900146484375
2023-12-29,398.7099914550781
2024-01-02,388.1499938964844
2024-01-03,373.7799987792969
2024-01-04,372.8699951171875
2024-01-05,377.7300109863281
2024-01-08,381.44000244140625
2024-01-09,381.5299987792969
2024-01-10,389.8500061035156
2024-01-11,384.8800048828125
2024-01-12,381.82000732421875
2024-01-16,381.6099853515625
2024-01-17,377.05999755859375
2024-01-18,387
2024-01-19,386.8399963378906
2024-01-22,399.7900085449219
2024-01-23,390.6600036621094
2024-01-24,380.8999938964844
2024-01-25,378.55999755859375
2024-01-26,377.3900146484375
2024-01-29,383.42999267578125
2024-01-30,379.6499938964844
2024-01-31,371.25
2024-02-01,377.0799865722656
2024-02-02,373.8500061035156
2024-02-05,366.67999267578125
2024-02-06,373.57000732421875
2024-02-07,380.8500061035156
2024-02-08,387.3399963378906
2024-02-09,386.6499938964844
2024-02-12,392.8999938964844
2024-02-13,375.8800048828125
2024-02-14,382.7799987792969
2024-02-15,389.1300048828125
2024-02-16,387.29998779296875
2024-02-20,384.7699890136719
2024-02-21,389.1000061035156
2024-02-22,379.0799865722656
2024-02-23,387.6099853515625
2024-02-26,386.3999938964844
2024-02-27,391.05999755859375
2024-02-28,393.0899963378906
2024-02-29,398.1199951171875
2024-03-01,403.4100036621094
2024-03-04,402.1400146484375
2024-03-05,409
2024-03-06,406.510009765625
2024-03-07,414.1499938964844
2024-03-08,415.05999755859375
2024-03-11,402.20001220703125
2024-03-12,405.0799865722656
2024-03-13,405.5799865722656
2024-03-14,395.3399963378906
2024-03-15,399.30999755859375
2024-03-18,397.29998779296875
2024-03-19,405.1300048828125
2024-03-20,409.4599914550781
2024-03-21,418.9700012207031
2024-03-22,416.3800048828125
2024-03-25,408.1700134277344
2024-03-26,402.55999755859375
2024-03-27,414.6199951171875
2024-03-28,403.5
2024-04-01,401.29998779296875
2024-04-02,391.67999267578125
2024-04-03,392.010009765625
2024-04-04,395.17999267578125
2024-04-05,396.25
2024-04-08,396.8299865722656
2024-04-09,400.0799865722656
2024-04-10,381.3500061035156
2024-04-11,379.1400146484375
2024-04-12,380.20001220703125
2024-04-15,373.6000061035156
2024-04-16,369.9800109863281
2024-04-17,364.1499938964844
2024-04-18,362.9100036621094
2024-04-19,361.1300048828125
2024-04-22,365.8800048828125
2024-04-23,374.989990234375
2024-04-24,377.3900146484375
2024-04-25,370
2024-04-26,371.1700134277344
2024-04-29,369.6099853515625
2024-04-30,362.5299987792969
2024-05-01,359.5
2024-05-02,360.1099853515625
2024-05-03,364.6499938964844
2024-05-06,370.7699890136719
2024-05-07,372.67999267578125
2024-05-08,365.82000732421875
2024-05-09,373
2024-05-10,374.2099914550781
2024-05-13,373.0899963378906
2024-05-14,377.5
2024-05-15,383.07000732421875
2024-05-16,369.2300109863281
2024-05-17,366.8999938964844
2024-05-20,368.2900085449219
2024-05-21,371.1400146484375
2024-05-22,367.6000061035156
2024-05-23,365.0899963378906
2024-05-24,362.4599914550781
2024-05-28,357.6499938964844
2024-05-29,351.1400146484375
2024-05-30,356.1300048828125
2024-05-31,363.54998779296875
2024-06-03,361.1300048828125
2024-06-04,354.0899963378906
2024-06-05,356
2024-06-06,346.9800109863281
2024-06-07,340.8599853515625
2024-06-10,342.3999938964844
2024-06-11,342.6099853515625
2024-06-12,346.7300109863281
2024-06-13,343
2024-06-14,341.30999755859375
2024-06-17,343.17999267578125
2024-06-18,337.8900146484375
2024-06-20,333.489990234375
2024-06-21,337.9200134277344
2024-06-24,337.9100036621094
2024-06-25,310.739990234375
2024-06-26,312.2799987792969
2024-06-27,307.57000732421875
2024-06-28,307.3299865722656
2024-07-01,307.69000244140625
2024-07-02,301.3999938964844
2024-07-03,301.0899963378906
2024-07-05,299.7799987792969
2024-07-08,304.4800109863281
2024-07-09,296.1700134277344
2024-07-10,298.8699951171875
2024-07-11,317.3599853515625
2024-07-12,328.3999938964844
2024-07-15,327.0400085449219
2024-07-16,336.8999938964844
2024-07-17,336.42999267578125
2024-07-18,330.6400146484375
2024-07-19,328.5199890136719
2024-07-22,331.57000732421875
2024-07-23,338.05999755859375
2024-07-24,327.19000244140625
2024-07-25,359.94000244140625
2024-07-26,371.82000732421875
2024-07-29,369.1300048828125
2024-07-30,372.5
2024-07-31,374.0400085449219
2024-08-01,365.55999755859375
2024-08-02,353.3900146484375
2024-08-05,349.8299865722656
2024-08-06,354.5299987792969
2024-08-07,349.260009765625
2024-08-08,350.7300109863281
2024-08-09,349.2099914550781
2024-08-12,344.07000732421875
2024-08-13,347.8999938964844
2024-08-14,344.0400085449219
2024-08-15,347.0899963378906
2024-08-16,345.2799987792969
2024-08-19,345.5899963378906
2024-08-20,346.1000061035156
2024-08-21,351
2024-08-22,348.0799865722656
2024-08-23,358.5199890136719
2024-08-26,356.6199951171875
2024-08-27,351.9200134277344
2024-08-28,349.6300048828125
2024-08-29,350.82000732421875
2024-08-30,351.6199951171875
2024-09-03,340
2024-09-04,344.5299987792969
2024-09-05,341.9700012207031
2024-09-06,341.3699951171875
2024-09-09,346.4800109863281
2024-09-10,346.3999938964844
2024-09-11,345.9100036621094
2024-09-12,346.489990234375
2024-09-13,356.0199890136719
2024-09-16,358.489990234375
2024-09-17,371.8599853515625
2024-09-18,368.92999267578125
2024-09-19,372.0899963378906
2024-09-20,364.3699951171875
2024-09-23,368.29998779296875
2024-09-24,371.9100036621094
2024-09-25,366.07000732421875
2024-09-26,370.3299865722656
2024-09-27,372.5400085449219
2024-09-30,376.79998779296875
2024-10-01,375.6099853515625
2024-10-02,372.7699890136719
2024-10-03,371.45001220703125
2024-10-04,363.9100036621094
2024-10-07,363.0199890136719
2024-10-08,364.94000244140625
2024-10-09,365.739990234375
2024-10-10,362.5
2024-10-11,365.2799987792969
2024-10-14,368.30999755859375
2024-10-15,364.67999267578125
2024-10-16,371.9800109863281
2024-10-17,369.42999267578125
2024-10-18,370.4100036621094
2024-10-21,358.9800109863281
2024-10-22,350.7799987792969
2024-10-23,350.67999267578125
2024-10-24,377.3299865722656
2024-10-25,366
2024-10-28,369.8900146484375
2024-10-29,362.3599853515625
2024-10-30,364.45001220703125
2024-10-31,361.6400146484375
2024-11-01,363.05999755859375
2024-11-04,360.0899963378906
2024-11-05,369.2900085449219
2024-11-06,370.6300048828125
2024-11-07,371.2799987792969
2024-11-08,372.5799865722656
2024-11-11,374.989990234375
2024-11-12,356.4800109863281
2024-11-13,351.19000244140625
2024-11-14,357.489990234375
2024-11-15,359.4200134277344
2024-11-18,360.8399963378906
2024-11-19,362.7099914550781
2024-11-20,360.9800109863281
2024-11-21,364.3599853515625
2024-11-22,366.489990234375
2024-11-25,390.0299987792969
2024-11-26,378.5400085449219
2024-11-27,376.8299865722656
2024-11-29,377.0899963378906
2024-12-02,375.9700012207031
2024-12-03,376.3399963378906
2024-12-04,373.9599914550781
2024-12-05,374.3500061035156
2024-12-06,372.92999267578125
2024-12-09,380.32000732421875
2024-12-10,375.1000061035156
2024-12-11,375.6600036621094
2024-12-12,369.5400085449219
2024-12-13,362.95001220703125
2024-12-16,362.3500061035156
2024-12-17,358.54998779296875
2024-12-18,343.7300109863281
2024-12-19,340.94000244140625
2024-12-20,349.0400085449219
2024-12-23,347.8399963378906
2024-12-24,351.6499938964844
2024-12-26,349.8800048828125
2024-12-27,345.1000061035156
2024-12-30,339.32000732421875
2024-12-31,340.94000244140625
2025-01-02,332.8699951171875
2025-01-03,337.2699890136719
2025-01-06,332.510009765625
2025-01-07,327.9700012207031
2025-01-08,324.7900085449219
2025-01-10,326.3999938964844
2025-01-13,334.42999267578125
2025-01-14,339.67999267578125
2025-01-15,344.57000732421875
2025-01-16,349.5400085449219
2025-01-17,350.260009765625
2025-01-21,359.17999267578125
2025-01-22,359.92999267578125
2025-01-23,362.05999755859375
2025-01-24,353.739990234375
2025-01-27,360.0299987792969
2025-01-28,350.1499938964844
2025-01-29,344.70001220703125
2025-01-30,348.6199951171875
2025-01-31,344.25
2025-02-03,337.5
2025-02-04,339.3500061035156
2025-02-05,339.20001220703125
2025-02-06,338.010009765625
2025-02-07,331.7099914550781
2025-02-10,334.32000732421875
2025-02-11,336.3500061035156
2025-02-12,335.45001220703125
2025-02-13,340.32000732421875
2025-02-14,344.2799987792969
2025-02-18,343.5
2025-02-19,340.8699951171875
2025-02-20,344.32000732421875
2025-02-21,344
2025-02-24,344.7300109863281
2025-02-25,348.7200012207031
2025-02-26,347.739990234375
2025-02-27,342.5400085449219
2025-02-28,347
2025-03-03,344.17999267578125
2025-03-04,341.2900085449219
2025-03-05,343.9200134277344
2025-03-06,357.0299987792969
2025-03-07,364.30999755859375
2025-03-10,364.1199951171875
2025-03-11,343.55999755859375
2025-03-12,333.3399963378906
2025-03-13,320.75
2025-03-14,327.2099914550781
2025-03-17,327.05999755859375
2025-03-18,325
2025-03-19,322.2200012207031
2025-03-20,320.3399963378906
2025-03-21,320.1400146484375
2025-03-24,325.94000244140625
2025-03-25,325.6300048828125
2025-03-26,326.92999267578125
2025-03-27,324.17999267578125
2025-03-28,314.9200134277344
2025-03-31,318.3500061035156
2025-04-01,318.1300048828125
2025-04-02,325.6600036621094
2025-04-03,313.8500061035156
2025-04-04,315.04998779296875
2025-04-07,303.0799865722656
2025-04-08,290.9599914550781
2025-04-09,313.55999755859375
2025-04-10,305.29998779296875
2025-04-11,311.2699890136719
2025-04-14,311.54998779296875
2025-04-15,306.9599914550781
2025-04-16,301.3500061035156
2025-04-17,306.25
2025-04-21,296.55999755859375
2025-04-22,306.67999267578125
2025-04-23,309.30999755859375
2025-04-24,288.70001220703125
2025-04-25,291.5899963378906
2025-04-28,291.3299865722656
2025-04-29,293.8999938964844
2025-04-30,293.1400146484375
2025-05-01,296.3500061035156
2025-05-02,306.69000244140625
2025-05-05,306.239990234375
2025-05-06,295.3399963378906
2025-05-07,295.7900085449219
2025-05-08,301.6400146484375
2025-05-09,301.9200134277344
2025-05-12,319.0199890136719
2025-05-13,313.8399963378906
2025-05-14,309.0199890136719
2025-05-15,313.5299987792969
2025-05-16,320.82000732421875
2025-05-19,322.45001220703125
2025-05-20,314.45001220703125
2025-05-21,302.760009765625
2025-05-22,303.4700012207031
2025-05-23,302.2900085449219
2025-05-27,301.5299987792969
2025-05-28,298.9599914550781
2025-05-29,300.7900085449219
2025-05-30,300.5899963378906
2025-06-02,300
2025-06-03,305.3500061035156
2025-06-04,309.4200134277344
2025-06-05,308.45001220703125
2025-06-06,297.0799865722656
2025-06-09,298.25
2025-06-10,306.30999755859375
2025-06-11,299.9800109863281
2025-06-12,295.8299865722656
2025-06-13,288.8999938964844
2025-06-16,290.4700012207031
2025-06-17,285.5
2025-06-18,285
2025-06-20,288.5199890136719
2025-06-23,293.9599914550781
2025-06-24,300.739990234375
2025-06-25,298.1700134277344
2025-06-26,294.260009765625
2025-06-27,292.7699890136719
2025-06-30,291.4800109863281
2025-07-01,304.17999267578125
2025-07-02,302.6700134277344
2025-07-03,302.0199890136719
2025-07-07,296.17999267578125
2025-07-08,302.6400146484375
2025-07-09,308.4599914550781
2025-07-10,311.29998779296875
2025-07-11,306.32000732421875
2025-07-14,301.17999267578125
2025-07-15,292.1300048828125
2025-07-16,292.6600036621094
2025-07-17,298.80999755859375
2025-07-18,298.8599853515625
2025-07-21,298.989990234375
2025-07-22,314.6600036621094
2025-07-23,316.8500061035156
2025-07-24,326.3399963378906
2025-07-25,324.8999938964844
2025-07-28,321.4800109863281
2025-07-29,316.4800109863281
2025-07-30,312.239990234375
2025-07-31,308.1400146484375
2025-08-01,308.6700134277344
2025-08-04,309.80999755859375
2025-08-05,311.9800109863281
2025-08-06,309.55999755859375
2025-08-07,308.6400146484375
2025-08-08,305.67999267578125
2025-08-11,306.6499938964844
2025-08-12,312.8500061035156
2025-08-13,330.7300109863281
2025-08-14,326.0899963378906
2025-08-15,321.75
2025-08-18,316.0799865722656
2025-08-19,324.7799987792969
2025-08-20,314.95001220703125
2025-08-21,308.6300048828125
2025-08-22,323.7300109863281
2025-08-25,321.42999267578125
2025-08-26,318.3800048828125
2025-08-27,317.8500061035156
2025-08-28,314.9700012207031
2025-08-29,310.7099914550781
2025-09-02,305.07000732421875
2025-09-03,304.739990234375
2025-09-04,315.79998779296875
2025-09-05,333.0899963378906
2025-09-08,333.6199951171875
2025-09-09,321.8699951171875
2025-09-10,319.1499938964844
2025-09-11,329.79998779296875
2025-09-12,325.9800109863281
2025-09-15,324.7799987792969
2025-09-16,328.2799987792969
2025-09-17,323.3299865722656
2025-09-18,325.1199951171875
2025-09-19,317.9200134277344
2025-09-22,312.6300048828125
2025-09-23,312.94000244140625
2025-09-24,310.7099914550781
2025-09-25,305.0799865722656
2025-09-26,305.8599853515625
2025-09-29,310.8999938964844
2025-09-30,310.07000732421875
2025-10-01,309.17999267578125
2025-10-02,312.04998779296875
2025-10-03,309.6099853515625
2025-10-06,307.2900085449219
2025-10-07,301.0899963378906
2025-10-08,301.7200012207031
2025-10-09,296.239990234375
2025-10-10,289.9100036621094
2025-10-13,291.7300109863281
2025-10-14,295.4599914550781
2025-10-15,290.44000244140625
2025-10-16,290.1700134277344
2025-10-17,290.2099914550781
2025-10-20,294.07000732421875
2025-10-21,302.6300048828125
2025-10-22,297.5899963378906
2025-10-23,300.30999755859375
2025-10-24,293.75
2025-10-27,293.55999755859375
2025-10-28,286.95001220703125
2025-10-29,283.54998779296875
2025-10-30,277.20001220703125
2025-10-31,267.05999755859375
2025-11-03,259.4800109863281
2025-11-04,258
2025-11-05,253.02999877929688
2025-11-06,248.3699951171875
2025-11-07,252.00999450683594
2025-11-10,248.86000061035156
2025-11-11,254.30999755859375
2025-11-12,250.5399932861328
2025-11-13,245.92999267578125
2025-11-14,242.32000732421875
2025-11-17,237.83999633789063
2025-11-18,240.24000549316406
2025-11-19,233.8800048828125
2025-11-20,230.2100067138672
2025-11-21,239.97999572753906
2025-11-24,236.7100067138672
2025-11-25,243.88999938964844
2025-11-26,244.27000427246094
2025-11-28,243.60000610351563
2025-12-01,243.3699951171875
2025-12-02,244.72999572753906
2025-12-03,245.97999572753906
2025-12-04,241.9199981689453
2025-12-05,239.52000427246094
2025-12-08,236.9199981689453
2025-12-09,233.30999755859375
2025-12-10,240.5800018310547
2025-12-11,240.2899932861328
2025-12-12,240.27000427246094
2025-12-15,238.33999633789063
2025-12-16,236.6699981689453
2025-12-17,236.27999877929688
2025-12-18,236.36000061035156
2025-12-19,232.00999450683594
2025-12-22,232.3000030517578
2025-12-23,230.5500030517578
2025-12-24,231.24000549316406
2025-12-26,232.49000549316406
2025-12-29,229.3300018310547
2025-12-30,231.07000732421875
2025-12-31,228.75
2026-01-02,229.7100067138672
2026-01-05,236.25
2026-01-06,239.3800048828125
2026-01-07,237.00999450683594
2026-01-08,242.8000030517578
2026-01-09,252.27999877929688
2026-01-12,258.4599914550781
2026-01-13,261.9800109863281
2026-01-14,265.3399963378906
2026-01-15,267.6099853515625
2026-01-16,267.989990234375
2026-01-20,260.69000244140625
2026-01-21,266.739990234375
2026-01-22,266.82000732421875
2026-01-23,265.0199890136719
2026-01-26,266.1000061035156
2026-01-27,264.4599914550781
2026-01-28,258.4800109863281
2026-01-29,255.3800048828125
2026-01-30,254.08999633789063
2026-02-02,253.60000610351563
2026-02-03,252.9499969482422
2026-02-04,260.4200134277344
2026-02-05,257.5400085449219
2026-02-06,266.1600036621094
2026-02-09,262.57000732421875
2026-02-10,267.3299865722656
2026-02-11,271.4800109863281
2026-02-12,269.55999755859375
2026-02-13,265.8299865722656
2026-02-17,255.4600067138672
2026-02-18,255.3300018310547
2026-02-19,218.36000061035156
2026-02-20,221.6199951171875
2026-02-23,218.5
2026-02-24,217.25999450683594
2026-02-25,214.75
2026-02-26,223.30999755859375
2026-02-27,227.17999267578125
2026-03-02,222
2026-03-03,221.22000122070313
2026-03-04,220.30999755859375
2026-03-05,217.9199981689453
2026-03-06,213.66000366210938
2026-03-09,214.52000427246094
2026-03-10,208.8800048828125
2026-03-11,210.8800048828125
2026-03-12,204.1199951171875
2026-03-13,206.63999938964844
2026-03-16,208.77999877929688
2026-03-17,210.74000549316406
2026-03-18,205.77000427246094
2026-03-19,204.36000061035156
2026-03-20,200.33999633789063
2026-03-23,205.25999450683594
2026-03-24,203.24000549316406
2026-03-25,202.1699981689453
2026-03-26,201.0399932861328
2026-03-27,198.74000549316406
2026-03-30,200.49000549316406
