Date,SHW.Close
2020-01-02,190.61666870117188
2020-01-03,188.14999389648438
2020-01-06,187.80332946777344
2020-01-07,186.7866668701172
2020-01-08,189.75999450683594
2020-01-09,188.5433349609375
2020-01-10,189.02999877929688
2020-01-13,191.6199951171875
2020-01-14,191.49000549316406
2020-01-15,194.85333251953125
2020-01-16,194.9933319091797
2020-01-17,198.1566619873047
2020-01-21,197.68666076660156
2020-01-22,197.64332580566406
2020-01-23,198.84666442871094
2020-01-24,198.27999877929688
2020-01-27,194.7566680908203
2020-01-28,197.01666259765625
2020-01-29,196.75332641601563
2020-01-30,189.63333129882813
2020-01-31,185.663330078125
2020-02-03,191.6366729736328
2020-02-04,195.6566619873047
2020-02-05,194.14666748046875
2020-02-06,193.96665954589844
2020-02-07,190.85000610351563
2020-02-10,190.75999450683594
2020-02-11,192.34666442871094
2020-02-12,193.3800048828125
2020-02-13,193.25332641601563
2020-02-14,195.14999389648438
2020-02-18,193.92666625976563
2020-02-19,196.35000610351563
2020-02-20,194.69332885742188
2020-02-21,191.1133270263672
2020-02-24,189.03334045410156
2020-02-25,183.65333557128906
2020-02-26,183.5366668701172
2020-02-27,175.1199951171875
2020-02-28,172.25
2020-03-02,179.44000244140625
2020-03-03,180.19332885742188
2020-03-04,191.5933380126953
2020-03-05,184.97000122070313
2020-03-06,180.3333282470703
2020-03-09,175.72000122070313
2020-03-10,182.0066680908203
2020-03-11,173.3800048828125
2020-03-12,160.8800048828125
2020-03-13,166.44332885742188
2020-03-16,135.35667419433594
2020-03-17,140.1266632080078
2020-03-18,134.2866668701172
2020-03-19,148.3733367919922
2020-03-20,137.56666564941406
2020-03-23,132.23333740234375
2020-03-24,151.33999633789063
2020-03-25,150.55332946777344
2020-03-26,155.3800048828125
2020-03-27,153.22000122070313
2020-03-30,160.61000061035156
2020-03-31,153.17333984375
2020-04-01,141.66000366210938
2020-04-02,145.6366729736328
2020-04-03,140.00999450683594
2020-04-06,152.8733367919922
2020-04-07,154.4499969482422
2020-04-08,162.77000427246094
2020-04-09,164.0500030517578
2020-04-13,163.06666564941406
2020-04-14,168.1300048828125
2020-04-15,164.22666931152344
2020-04-16,161.67666625976563
2020-04-17,172.25
2020-04-20,165.2899932861328
2020-04-21,161.63333129882813
2020-04-22,166.76333618164063
2020-04-23,166.23333740234375
2020-04-24,168.68666076660156
2020-04-27,170.48666381835938
2020-04-28,169.57666015625
2020-04-29,179.6199951171875
2020-04-30,178.7899932861328
2020-05-01,175.47999572753906
2020-05-04,176.27999877929688
2020-05-05,177.56333923339844
2020-05-06,174.67333984375
2020-05-07,176.18666076660156
2020-05-08,183.22666931152344
2020-05-11,186.27999877929688
2020-05-12,184.48666381835938
2020-05-13,182.77333068847656
2020-05-14,181.85000610351563
2020-05-15,189.4600067138672
2020-05-18,190.75
2020-05-19,187.913330078125
2020-05-20,188.2100067138672
2020-05-21,190
2020-05-22,192.43333435058594
2020-05-26,194.3766632080078
2020-05-27,194.2866668701172
2020-05-28,196.6699981689453
2020-05-29,197.9499969482422
2020-06-01,194.15333557128906
2020-06-02,199.0366668701172
2020-06-03,198.05332946777344
2020-06-04,191.72000122070313
2020-06-05,195.09666442871094
2020-06-08,191.6666717529297
2020-06-09,193.92333984375
2020-06-10,193.65333557128906
2020-06-11,182.10667419433594
2020-06-12,182.5399932861328
2020-06-15,190.00332641601563
2020-06-16,192.1199951171875
2020-06-17,194
2020-06-18,193.89999389648438
2020-06-19,194.88999938964844
2020-06-22,194.1566619873047
2020-06-23,192.11000061035156
2020-06-24,188.88333129882813
2020-06-25,191.07000732421875
2020-06-26,185.8433380126953
2020-06-29,188.6666717529297
2020-06-30,192.61666870117188
2020-07-01,192.52000427246094
2020-07-02,194.32333374023438
2020-07-06,197.3866729736328
2020-07-07,196.24667358398438
2020-07-08,195.3733367919922
2020-07-09,193.22999572753906
2020-07-10,194.60000610351563
2020-07-13,192.01333618164063
2020-07-14,195.56666564941406
2020-07-15,199.14666748046875
2020-07-16,199.58999633789063
2020-07-17,203.3633270263672
2020-07-20,202.69332885742188
2020-07-21,204.46665954589844
2020-07-22,208.63333129882813
2020-07-23,206.1666717529297
2020-07-24,206.67333984375
2020-07-27,208.5066680908203
2020-07-28,211.18333435058594
2020-07-29,215.8766632080078
2020-07-30,215.8766632080078
2020-07-31,215.97332763671875
2020-08-03,213.7133331298828
2020-08-04,216.97000122070313
2020-08-05,216.91000366210938
2020-08-06,218.19000244140625
2020-08-07,218.9066619873047
2020-08-10,217.0833282470703
2020-08-11,217.46665954589844
2020-08-12,223.9633331298828
2020-08-13,223.07666015625
2020-08-14,222.18666076660156
2020-08-17,223.6666717529297
2020-08-18,223.32666015625
2020-08-19,221.69667053222656
2020-08-20,222.51666259765625
2020-08-21,225.27333068847656
2020-08-24,223.80332946777344
2020-08-25,223.42999267578125
2020-08-26,225.57000732421875
2020-08-27,223.93333435058594
2020-08-28,225.30332946777344
2020-08-31,223.68333435058594
2020-09-01,228.67999267578125
2020-09-02,233.05332946777344
2020-09-03,226.27999877929688
2020-09-04,226.5399932861328
2020-09-08,223.10000610351563
2020-09-09,231.47666931152344
2020-09-10,234.22000122070313
2020-09-11,236.24667358398438
2020-09-14,239.1999969482422
2020-09-15,238.75
2020-09-16,238.3733367919922
2020-09-17,237.51666259765625
2020-09-18,231.8300018310547
2020-09-21,227.61000061035156
2020-09-22,232.10667419433594
2020-09-23,225.77333068847656
2020-09-24,228.63333129882813
2020-09-25,232.48333740234375
2020-09-28,235.68666076660156
2020-09-29,235.22332763671875
2020-09-30,232.24667358398438
2020-10-01,230.26666259765625
2020-10-02,229.66000366210938
2020-10-05,229.86666870117188
2020-10-06,227.4600067138672
2020-10-07,230.60000610351563
2020-10-08,229.42666625976563
2020-10-09,232.8000030517578
2020-10-12,234.1266632080078
2020-10-13,232.39332580566406
2020-10-14,231.3300018310547
2020-10-15,229.3333282470703
2020-10-16,231.77333068847656
2020-10-19,227.27667236328125
2020-10-20,224.97666931152344
2020-10-21,224.69000244140625
2020-10-22,226
2020-10-23,227.77000427246094
2020-10-26,223.4600067138672
2020-10-27,224.49000549316406
2020-10-28,226.22000122070313
2020-10-29,230.69667053222656
2020-10-30,229.32666015625
2020-11-02,236.43333435058594
2020-11-03,236.69667053222656
2020-11-04,241.3300018310547
2020-11-05,243.27333068847656
2020-11-06,245.36666870117188
2020-11-09,230.25332641601563
2020-11-10,240.80332946777344
2020-11-11,242.4933319091797
2020-11-12,239.10333251953125
2020-11-13,242.0933380126953
2020-11-16,243.89999389648438
2020-11-17,243.69332885742188
2020-11-18,241.20333862304688
2020-11-19,242.91000366210938
2020-11-20,241.41000366210938
2020-11-23,244.7100067138672
2020-11-24,245.09666442871094
2020-11-25,243.75
2020-11-27,245.27000427246094
2020-11-30,249.2100067138672
2020-12-01,247.75332641601563
2020-12-02,238.5500030517578
2020-12-03,236.01666259765625
2020-12-04,235.30332946777344
2020-12-07,236.69332885742188
2020-12-08,239.75332641601563
2020-12-09,240.2133331298828
2020-12-10,239.94000244140625
2020-12-11,239.5366668701172
2020-12-14,239.61666870117188
2020-12-15,240.77999877929688
2020-12-16,240.8300018310547
2020-12-17,242.0833282470703
2020-12-18,242.7433319091797
2020-12-21,243.05667114257813
2020-12-22,245.69000244140625
2020-12-23,241.48333740234375
2020-12-24,244.63333129882813
2020-12-28,243.1133270263672
2020-12-29,243.52999877929688
2020-12-30,242.3766632080078
2020-12-31,244.97000122070313
2021-01-04,241.1566619873047
2021-01-05,239.95333862304688
2021-01-06,240.78334045410156
2021-01-07,245.0433349609375
2021-01-08,242.92333984375
2021-01-11,244.97999572753906
2021-01-12,246.3866729736328
2021-01-13,242.7133331298828
2021-01-14,239.5933380126953
2021-01-15,241.85000610351563
2021-01-19,241.8699951171875
2021-01-20,245.4066619873047
2021-01-21,245.4499969482422
2021-01-22,244.05667114257813
2021-01-25,244.75999450683594
2021-01-26,241.2133331298828
2021-01-27,239.17999267578125
2021-01-28,237.35000610351563
2021-01-29,230.60000610351563
2021-02-01,232.6999969482422
2021-02-02,236.84666442871094
2021-02-03,233.77999877929688
2021-02-04,236.77333068847656
2021-02-05,238.86000061035156
2021-02-08,241.336669921875
2021-02-09,237.6699981689453
2021-02-10,237.44000244140625
2021-02-11,239.76333618164063
2021-02-12,240.35000610351563
2021-02-16,235.80667114257813
2021-02-17,240.46665954589844
2021-02-18,242.25332641601563
2021-02-19,238.97000122070313
2021-02-22,236.2100067138672
2021-02-23,232.19667053222656
2021-02-24,227.3433380126953
2021-02-25,224.38999938964844
2021-02-26,226.77999877929688
2021-03-01,231.27999877929688
2021-03-02,229.89332580566406
2021-03-03,224.40333557128906
2021-03-04,219.85333251953125
2021-03-05,225.22999572753906
2021-03-08,229.3699951171875
2021-03-09,235.34666442871094
2021-03-10,235.36666870117188
2021-03-11,234.6666717529297
2021-03-12,236.0433349609375
2021-03-15,238.99000549316406
2021-03-16,239.01666259765625
2021-03-17,237.45333862304688
2021-03-18,236.7100067138672
2021-03-19,235.4166717529297
2021-03-22,240.0800018310547
2021-03-23,241.97999572753906
2021-03-24,241.38333129882813
2021-03-25,246.40333557128906
2021-03-26,253.0066680908203
2021-03-29,252.10333251953125
2021-03-30,248.74000549316406
2021-03-31,246.00332641601563
2021-04-01,249.75
2021-04-05,255.89999389648438
2021-04-06,258.95001220703125
2021-04-07,251.6999969482422
2021-04-08,253.47999572753906
2021-04-09,255.2899932861328
2021-04-12,257.6000061035156
2021-04-13,257.4100036621094
2021-04-14,255.0500030517578
2021-04-15,257.1400146484375
2021-04-16,266.9200134277344
2021-04-19,265.6000061035156
2021-04-20,267.239990234375
2021-04-21,270.9599914550781
2021-04-22,269.7300109863281
2021-04-23,273.9200134277344
2021-04-26,269.5400085449219
2021-04-27,269.489990234375
2021-04-28,268.9599914550781
2021-04-29,273.44000244140625
2021-04-30,273.8699951171875
2021-05-03,277.9100036621094
2021-05-04,283.5
2021-05-05,283.2799987792969
2021-05-06,285.3900146484375
2021-05-07,287.2300109863281
2021-05-10,288.6499938964844
2021-05-11,285.8399963378906
2021-05-12,279.8399963378906
2021-05-13,285.80999755859375
2021-05-14,286.0899963378906
2021-05-17,284.2300109863281
2021-05-18,283.1700134277344
2021-05-19,281.2699890136719
2021-05-20,282.5899963378906
2021-05-21,283.1300048828125
2021-05-24,284.9700012207031
2021-05-25,285.5899963378906
2021-05-26,285.6400146484375
2021-05-27,285.7699890136719
2021-05-28,283.5299987792969
2021-06-01,282.8399963378906
2021-06-02,282.4100036621094
2021-06-03,282.57000732421875
2021-06-04,283.20001220703125
2021-06-07,280.80999755859375
2021-06-08,281
2021-06-09,276.9599914550781
2021-06-10,277.8599853515625
2021-06-11,276.739990234375
2021-06-14,273.760009765625
2021-06-15,271.6199951171875
2021-06-16,268.4800109863281
2021-06-17,269.2300109863281
2021-06-18,268.1600036621094
2021-06-21,273.1000061035156
2021-06-22,273.4599914550781
2021-06-23,271.3699951171875
2021-06-24,270.0799865722656
2021-06-25,273.989990234375
2021-06-28,272.489990234375
2021-06-29,272.7799987792969
2021-06-30,272.45001220703125
2021-07-01,275.3399963378906
2021-07-02,275.2200012207031
2021-07-06,273.5
2021-07-07,277.4100036621094
2021-07-08,273.0899963378906
2021-07-09,276.2200012207031
2021-07-12,277.9700012207031
2021-07-13,278.04998779296875
2021-07-14,276.92999267578125
2021-07-15,279.1199951171875
2021-07-16,282.4100036621094
2021-07-19,282.92999267578125
2021-07-20,281.239990234375
2021-07-21,281.8299865722656
2021-07-22,281.54998779296875
2021-07-23,285.9700012207031
2021-07-26,285.4800109863281
2021-07-27,287.7200012207031
2021-07-28,287.5400085449219
2021-07-29,289.3900146484375
2021-07-30,291.0299987792969
2021-08-02,291.57000732421875
2021-08-03,295.9800109863281
2021-08-04,296.2300109863281
2021-08-05,295.6600036621094
2021-08-06,296.95001220703125
2021-08-09,297.4100036621094
2021-08-10,296.07000732421875
2021-08-11,302.3299865722656
2021-08-12,303.7099914550781
2021-08-13,305.6600036621094
2021-08-16,307.760009765625
2021-08-17,304.9200134277344
2021-08-18,301.1099853515625
2021-08-19,302.6400146484375
2021-08-20,307.05999755859375
2021-08-23,304.7200012207031
2021-08-24,303.1099853515625
2021-08-25,302.7300109863281
2021-08-26,302.2699890136719
2021-08-27,302.8699951171875
2021-08-30,305.30999755859375
2021-08-31,303.6700134277344
2021-09-01,305.9100036621094
2021-09-02,308.70001220703125
2021-09-03,307.42999267578125
2021-09-07,302.8399963378906
2021-09-08,296.69000244140625
2021-09-09,297.29998779296875
2021-09-10,300.6400146484375
2021-09-13,302.07000732421875
2021-09-14,298.8599853515625
2021-09-15,299.4100036621094
2021-09-16,298.0199890136719
2021-09-17,293.739990234375
2021-09-20,291.7699890136719
2021-09-21,290.3599853515625
2021-09-22,291.989990234375
2021-09-23,294.25
2021-09-24,291.79998779296875
2021-09-27,287.6099853515625
2021-09-28,279.6199951171875
2021-09-29,282.260009765625
2021-09-30,279.7300109863281
2021-10-01,285.0400085449219
2021-10-04,285.2900085449219
2021-10-05,291.3399963378906
2021-10-06,293.8599853515625
2021-10-07,293.75
2021-10-08,289.989990234375
2021-10-11,288.2900085449219
2021-10-12,291.8599853515625
2021-10-13,289.94000244140625
2021-10-14,292.2200012207031
2021-10-15,296.3900146484375
2021-10-18,297.3500061035156
2021-10-19,298.2799987792969
2021-10-20,301.8800048828125
2021-10-21,306.7799987792969
2021-10-22,306.6199951171875
2021-10-25,309.7200012207031
2021-10-26,316.0199890136719
2021-10-27,317.3800048828125
2021-10-28,321.4200134277344
2021-10-29,316.6099853515625
2021-11-01,310.0899963378906
2021-11-02,312.7900085449219
2021-11-03,314.260009765625
2021-11-04,318.5899963378906
2021-11-05,319.0299987792969
2021-11-08,320.79998779296875
2021-11-09,324.04998779296875
2021-11-10,324.6099853515625
2021-11-11,326
2021-11-12,331.3999938964844
2021-11-15,332.8500061035156
2021-11-16,338.6400146484375
2021-11-17,333.1600036621094
2021-11-18,330.739990234375
2021-11-19,332.25
2021-11-22,329.80999755859375
2021-11-23,327.489990234375
2021-11-24,328.0199890136719
2021-11-26,323.29998779296875
2021-11-29,334.2799987792969
2021-11-30,331.239990234375
2021-12-01,330.95001220703125
2021-12-02,339.6700134277344
2021-12-03,342.3999938964844
2021-12-06,341.1300048828125
2021-12-07,341.7699890136719
2021-12-08,342.2200012207031
2021-12-09,343.8699951171875
2021-12-10,346.4599914550781
2021-12-13,346
2021-12-14,342.760009765625
2021-12-15,345.6400146484375
2021-12-16,348.25
2021-12-17,340.44000244140625
2021-12-20,335.69000244140625
2021-12-21,334.489990234375
2021-12-22,338.7200012207031
2021-12-23,338.3800048828125
2021-12-27,345.54998779296875
2021-12-28,348.3999938964844
2021-12-29,351.3599853515625
2021-12-30,350.3599853515625
2021-12-31,352.1600036621094
2022-01-03,339.1199951171875
2022-01-04,335.7200012207031
2022-01-05,336.3500061035156
2022-01-06,333.55999755859375
2022-01-07,323.2200012207031
2022-01-10,323.29998779296875
2022-01-11,324.5
2022-01-12,321.5899963378906
2022-01-13,317.3900146484375
2022-01-14,308.4599914550781
2022-01-18,306.2200012207031
2022-01-19,303.7900085449219
2022-01-20,297.6600036621094
2022-01-21,292.8500061035156
2022-01-24,298.5199890136719
2022-01-25,294.260009765625
2022-01-26,292.75
2022-01-27,283.1700134277344
2022-01-28,287.70001220703125
2022-01-31,286.510009765625
2022-02-01,293.0899963378906
2022-02-02,294.32000732421875
2022-02-03,287.8299865722656
2022-02-04,281.7300109863281
2022-02-07,279.2200012207031
2022-02-08,279.6700134277344
2022-02-09,286.6199951171875
2022-02-10,279.92999267578125
2022-02-11,273.1000061035156
2022-02-14,270.4800109863281
2022-02-15,271.57000732421875
2022-02-16,272.6300048828125
2022-02-17,267.2200012207031
2022-02-18,268.07000732421875
2022-02-22,261.5799865722656
2022-02-23,259.3999938964844
2022-02-24,258.94000244140625
2022-02-25,267.2699890136719
2022-02-28,263.1300048828125
2022-03-01,255.52999877929688
2022-03-02,260.2200012207031
2022-03-03,258.0400085449219
2022-03-04,258.489990234375
2022-03-07,242.9499969482422
2022-03-08,239.85000610351563
2022-03-09,241.7100067138672
2022-03-10,237.5500030517578
2022-03-11,233.58999633789063
2022-03-14,237.6300048828125
2022-03-15,242.44000244140625
2022-03-16,244.3800048828125
2022-03-17,247.52000427246094
2022-03-18,251.52999877929688
2022-03-21,245.82000732421875
2022-03-22,250.1699981689453
2022-03-23,247.63999938964844
2022-03-24,249.92999267578125
2022-03-25,245.2100067138672
2022-03-28,250.5800018310547
2022-03-29,259.3500061035156
2022-03-30,253.00999450683594
2022-03-31,249.6199951171875
2022-04-01,255.2100067138672
2022-04-04,259.0400085449219
2022-04-05,257.9700012207031
2022-04-06,262.6300048828125
2022-04-07,263.8299865722656
2022-04-08,263.760009765625
2022-04-11,261.1000061035156
2022-04-12,256.95001220703125
2022-04-13,258.3999938964844
2022-04-14,252.89999389648438
2022-04-18,246.1699981689453
2022-04-19,252.25
2022-04-20,253.08999633789063
2022-04-21,251.61000061035156
2022-04-22,244.9199981689453
2022-04-25,248.02000427246094
2022-04-26,271.3699951171875
2022-04-27,279.3800048828125
2022-04-28,281.30999755859375
2022-04-29,274.9599914550781
2022-05-02,268.7799987792969
2022-05-03,269.3699951171875
2022-05-04,282.5299987792969
2022-05-05,276.95001220703125
2022-05-06,273.3800048828125
2022-05-09,276.9700012207031
2022-05-10,266.3699951171875
2022-05-11,264.6700134277344
2022-05-12,274.5400085449219
2022-05-13,273.3299865722656
2022-05-16,271.3699951171875
2022-05-17,269.260009765625
2022-05-18,259.6600036621094
2022-05-19,259.3699951171875
2022-05-20,257.95001220703125
2022-05-23,259.2699890136719
2022-05-24,257.6499938964844
2022-05-25,265.1199951171875
2022-05-26,271.9700012207031
2022-05-27,276.3500061035156
2022-05-31,268.0400085449219
2022-06-01,265.260009765625
2022-06-02,269.489990234375
2022-06-03,268.8800048828125
2022-06-06,275.0299987792969
2022-06-07,277.2300109863281
2022-06-08,268.0799865722656
2022-06-09,261.989990234375
2022-06-10,247.4199981689453
2022-06-13,237.86000061035156
2022-06-14,229.47999572753906
2022-06-15,228.99000549316406
2022-06-16,218.9499969482422
2022-06-17,222.7899932861328
2022-06-21,220.14999389648438
2022-06-22,221.1999969482422
2022-06-23,224.88999938964844
2022-06-24,231.25
2022-06-27,227.16000366210938
2022-06-28,223.30999755859375
2022-06-29,225.41000366210938
2022-06-30,223.91000366210938
2022-07-01,235.22999572753906
2022-07-05,242.22999572753906
2022-07-06,242.74000549316406
2022-07-07,239.49000549316406
2022-07-08,238.2899932861328
2022-07-11,241.9600067138672
2022-07-12,246.55999755859375
2022-07-13,245.72000122070313
2022-07-14,244.44000244140625
2022-07-15,245.57000732421875
2022-07-18,243.25
2022-07-19,247.47999572753906
2022-07-20,249.52999877929688
2022-07-21,256.5899963378906
2022-07-22,259.010009765625
2022-07-25,259.010009765625
2022-07-26,254.2899932861328
2022-07-27,231.97000122070313
2022-07-28,243.0399932861328
2022-07-29,241.94000244140625
2022-08-01,243.08999633789063
2022-08-02,243.61000061035156
2022-08-03,239.32000732421875
2022-08-04,243.08999633789063
2022-08-05,237.0800018310547
2022-08-08,240.49000549316406
2022-08-09,232.36000061035156
2022-08-10,243.74000549316406
2022-08-11,243.99000549316406
2022-08-12,251.61000061035156
2022-08-15,257.3399963378906
2022-08-16,256.2699890136719
2022-08-17,251.47000122070313
2022-08-18,248.97000122070313
2022-08-19,244.5800018310547
2022-08-22,241.44000244140625
2022-08-23,238.0800018310547
2022-08-24,239.52999877929688
2022-08-25,244.52999877929688
2022-08-26,235.6999969482422
2022-08-29,234.00999450683594
2022-08-30,235
2022-08-31,232.10000610351563
2022-09-01,232.3300018310547
2022-09-02,231.80999755859375
2022-09-06,228.3800048828125
2022-09-07,238.64999389648438
2022-09-08,240.77999877929688
2022-09-09,240.35000610351563
2022-09-12,242.97000122070313
2022-09-13,230.86000061035156
2022-09-14,225.85000610351563
2022-09-15,223.8699951171875
2022-09-16,221.55999755859375
2022-09-19,223.17999267578125
2022-09-20,218.8300018310547
2022-09-21,213.83999633789063
2022-09-22,208.0500030517578
2022-09-23,211.22000122070313
2022-09-26,209
2022-09-27,208.55999755859375
2022-09-28,213.07000732421875
2022-09-29,207.83999633789063
2022-09-30,204.75
2022-10-03,214.3800048828125
2022-10-04,219.50999450683594
2022-10-05,217.3699951171875
2022-10-06,216.77000427246094
2022-10-07,205.60000610351563
2022-10-10,205.8000030517578
2022-10-11,204.50999450683594
2022-10-12,201.50999450683594
2022-10-13,205.67999267578125
2022-10-14,201.6999969482422
2022-10-17,209.1199951171875
2022-10-18,212.6300048828125
2022-10-19,207.24000549316406
2022-10-20,201.22000122070313
2022-10-21,207.82000732421875
2022-10-24,212.52999877929688
2022-10-25,220.1999969482422
2022-10-26,220.8800048828125
2022-10-27,221.85000610351563
2022-10-28,226.22999572753906
2022-10-31,225.02999877929688
2022-11-01,224.77999877929688
2022-11-02,215.72999572753906
2022-11-03,217.19000244140625
2022-11-04,216.22999572753906
2022-11-07,221.3699951171875
2022-11-08,225.4199981689453
2022-11-09,222
2022-11-10,239
2022-11-11,237.24000549316406
2022-11-14,234.0800018310547
2022-11-15,240.58999633789063
2022-11-16,240.80999755859375
2022-11-17,237.11000061035156
2022-11-18,240.0399932861328
2022-11-21,239.25999450683594
2022-11-22,243.4499969482422
2022-11-23,250
2022-11-25,249.52000427246094
2022-11-28,245.55999755859375
2022-11-29,241.57000732421875
2022-11-30,249.17999267578125
2022-12-01,251.61000061035156
2022-12-02,257.75
2022-12-05,253.58999633789063
2022-12-06,253.4600067138672
2022-12-07,251.1199951171875
2022-12-08,254.4499969482422
2022-12-09,252.8800048828125
2022-12-12,253.8800048828125
2022-12-13,258.8599853515625
2022-12-14,248.67999267578125
2022-12-15,244.19000244140625
2022-12-16,240.47000122070313
2022-12-19,238.11000061035156
2022-12-20,238.5800018310547
2022-12-21,242.2100067138672
2022-12-22,241.3000030517578
2022-12-23,242.6699981689453
2022-12-27,239.4199981689453
2022-12-28,237.47999572753906
2022-12-29,241.32000732421875
2022-12-30,237.3300018310547
2023-01-03,239.3699951171875
2023-01-04,244.17999267578125
2023-01-05,227.75
2023-01-06,235.8000030517578
2023-01-09,236.00999450683594
2023-01-10,234.10000610351563
2023-01-11,243.75999450683594
2023-01-12,243.74000549316406
2023-01-13,245.8800048828125
2023-01-17,247.8000030517578
2023-01-18,244.27000427246094
2023-01-19,234.33999633789063
2023-01-20,245.30999755859375
2023-01-23,246.0399932861328
2023-01-24,249.36000061035156
2023-01-25,247.08999633789063
2023-01-26,225.05999755859375
2023-01-27,228.5399932861328
2023-01-30,230.8800048828125
2023-01-31,236.58999633789063
2023-02-01,243.22000122070313
2023-02-02,245.35000610351563
2023-02-03,241.72999572753906
2023-02-06,243.02999877929688
2023-02-07,238.44000244140625
2023-02-08,235.50999450683594
2023-02-09,231.50999450683594
2023-02-10,230.49000549316406
2023-02-13,233.0800018310547
2023-02-14,231.9499969482422
2023-02-15,232.64999389648438
2023-02-16,227.1300048828125
2023-02-17,227.97999572753906
2023-02-21,223.22000122070313
2023-02-22,222.6300048828125
2023-02-23,223.0500030517578
2023-02-24,221.0800018310547
2023-02-27,221.94000244140625
2023-02-28,221.35000610351563
2023-03-01,219.00999450683594
2023-03-02,224.02000427246094
2023-03-03,228.33999633789063
2023-03-06,224.47000122070313
2023-03-07,220.5
2023-03-08,220.02999877929688
2023-03-09,217.19000244140625
2023-03-10,214.10000610351563
2023-03-13,213.60000610351563
2023-03-14,216.99000549316406
2023-03-15,216.5500030517578
2023-03-16,220.35000610351563
2023-03-17,217.32000732421875
2023-03-20,219.5500030517578
2023-03-21,220.8000030517578
2023-03-22,211.33999633789063
2023-03-23,209.05999755859375
2023-03-24,211.27999877929688
2023-03-27,213.92999267578125
2023-03-28,211.72000122070313
2023-03-29,215.32000732421875
2023-03-30,217.02000427246094
2023-03-31,224.77000427246094
2023-04-03,226.63999938964844
2023-04-04,223.24000549316406
2023-04-05,222.8300018310547
2023-04-06,223.97999572753906
2023-04-10,224.3800048828125
2023-04-11,226.27999877929688
2023-04-12,225.77999877929688
2023-04-13,227.4499969482422
2023-04-14,225.64999389648438
2023-04-17,230.6999969482422
2023-04-18,230.07000732421875
2023-04-19,233.58999633789063
2023-04-20,233.77000427246094
2023-04-21,233.63999938964844
2023-04-24,236.55999755859375
2023-04-25,234.7899932861328
2023-04-26,228.89999389648438
2023-04-27,232.69000244140625
2023-04-28,237.5399932861328
2023-05-01,231.94000244140625
2023-05-02,231.8800048828125
2023-05-03,231.52000427246094
2023-05-04,227.33999633789063
2023-05-05,230.83999633789063
2023-05-08,230.92999267578125
2023-05-09,229.35000610351563
2023-05-10,230
2023-05-11,230.17999267578125
2023-05-12,227.42999267578125
2023-05-15,226.60000610351563
2023-05-16,222.22000122070313
2023-05-17,227.6300048828125
2023-05-18,232.8699951171875
2023-05-19,232.77000427246094
2023-05-22,230.63999938964844
2023-05-23,227.0500030517578
2023-05-24,228.77999877929688
2023-05-25,226.50999450683594
2023-05-26,229.13999938964844
2023-05-30,228.44000244140625
2023-05-31,227.77999877929688
2023-06-01,234.88999938964844
2023-06-02,240.8300018310547
2023-06-05,239.72999572753906
2023-06-06,240.3000030517578
2023-06-07,240.75999450683594
2023-06-08,243.25
2023-06-09,240.75999450683594
2023-06-12,244.91000366210938
2023-06-13,247.19000244140625
2023-06-14,245.85000610351563
2023-06-15,249.47000122070313
2023-06-16,247.88999938964844
2023-06-20,248.3699951171875
2023-06-21,247.27999877929688
2023-06-22,246.27999877929688
2023-06-23,247.0399932861328
2023-06-26,251.7100067138672
2023-06-27,256.69000244140625
2023-06-28,256.0199890136719
2023-06-29,261.2900085449219
2023-06-30,265.5199890136719
2023-07-03,264.1300048828125
2023-07-05,258.7799987792969
2023-07-06,257.3699951171875
2023-07-07,255.4199981689453
2023-07-10,256.92999267578125
2023-07-11,261.3800048828125
2023-07-12,263.2099914550781
2023-07-13,266.29998779296875
2023-07-14,267.0400085449219
2023-07-17,267.8299865722656
2023-07-18,267.69000244140625
2023-07-19,268.010009765625
2023-07-20,266.3299865722656
2023-07-21,268.7300109863281
2023-07-24,268.0199890136719
2023-07-25,275.9599914550781
2023-07-26,280.8999938964844
2023-07-27,277.05999755859375
2023-07-28,280.1199951171875
2023-07-31,276.5
2023-08-01,280.20001220703125
2023-08-02,277.67999267578125
2023-08-03,273.2300109863281
2023-08-04,273.55999755859375
2023-08-07,274.32000732421875
2023-08-08,272.80999755859375
2023-08-09,271.510009765625
2023-08-10,272.8599853515625
2023-08-11,273.7200012207031
2023-08-14,276.6300048828125
2023-08-15,275.260009765625
2023-08-16,273.07000732421875
2023-08-17,268.0299987792969
2023-08-18,270.1499938964844
2023-08-21,270.3800048828125
2023-08-22,270.4100036621094
2023-08-23,272.04998779296875
2023-08-24,269.2300109863281
2023-08-25,264.6300048828125
2023-08-28,266.3599853515625
2023-08-29,270.4599914550781
2023-08-30,270.1199951171875
2023-08-31,271.7200012207031
2023-09-01,274.82000732421875
2023-09-05,269.5899963378906
2023-09-06,269.07000732421875
2023-09-07,271.1600036621094
2023-09-08,271.45001220703125
2023-09-11,273.6499938964844
2023-09-12,268.7300109863281
2023-09-13,268.4599914550781
2023-09-14,268.07000732421875
2023-09-15,261.6300048828125
2023-09-18,259.95001220703125
2023-09-19,261.4200134277344
2023-09-20,259.80999755859375
2023-09-21,254.3800048828125
2023-09-22,254.6699981689453
2023-09-25,256.2099914550781
2023-09-26,253.8699951171875
2023-09-27,250.6199951171875
2023-09-28,256.2099914550781
2023-09-29,255.0500030517578
2023-10-02,252.64999389648438
2023-10-03,248.77000427246094
2023-10-04,256.4599914550781
2023-10-05,253.72000122070313
2023-10-06,254.85000610351563
2023-10-09,251.82000732421875
2023-10-10,253.1999969482422
2023-10-11,255.5399932861328
2023-10-12,249.07000732421875
2023-10-13,246.94000244140625
2023-10-16,252.3699951171875
2023-10-17,252.83999633789063
2023-10-18,242.2899932861328
2023-10-19,238.88999938964844
2023-10-20,237.6999969482422
2023-10-23,238.63999938964844
2023-10-24,234.97999572753906
2023-10-25,238.61000061035156
2023-10-26,237.7100067138672
2023-10-27,236.02999877929688
2023-10-30,235.4199981689453
2023-10-31,238.2100067138672
2023-11-01,238.91000366210938
2023-11-02,245.32000732421875
2023-11-03,250.91000366210938
2023-11-06,250.5
2023-11-07,251.99000549316406
2023-11-08,256.0899963378906
2023-11-09,252.39999389648438
2023-11-10,255.75
2023-11-13,253.88999938964844
2023-11-14,266.3399963378906
2023-11-15,264.7900085449219
2023-11-16,269.29998779296875
2023-11-17,270.2799987792969
2023-11-20,273.0400085449219
2023-11-21,273.5400085449219
2023-11-22,274.6499938964844
2023-11-24,275.8299865722656
2023-11-27,275.3800048828125
2023-11-28,273.45001220703125
2023-11-29,273.7200012207031
2023-11-30,278.79998779296875
2023-12-01,282.3299865722656
2023-12-04,281.4599914550781
2023-12-05,283
2023-12-06,286.7099914550781
2023-12-07,291.5799865722656
2023-12-08,289.82000732421875
2023-12-11,291.6300048828125
2023-12-12,294.82000732421875
2023-12-13,303.3900146484375
2023-12-14,306.7699890136719
2023-12-15,309.7699890136719
2023-12-18,308.3699951171875
2023-12-19,307.2099914550781
2023-12-20,304.2099914550781
2023-12-21,306.92999267578125
2023-12-22,311.2699890136719
2023-12-26,312.6700134277344
2023-12-27,313.2699890136719
2023-12-28,312.8399963378906
2023-12-29,311.8999938964844
2024-01-02,304.9100036621094
2024-01-03,296.7699890136719
2024-01-04,295.7699890136719
2024-01-05,296.67999267578125
2024-01-08,299.4700012207031
2024-01-09,297.510009765625
2024-01-10,298.3999938964844
2024-01-11,297.4200134277344
2024-01-12,302.510009765625
2024-01-16,300.0799865722656
2024-01-17,300.8800048828125
2024-01-18,306.3699951171875
2024-01-19,304.0199890136719
2024-01-22,307.4800109863281
2024-01-23,305.4599914550781
2024-01-24,301.05999755859375
2024-01-25,303.9100036621094
2024-01-26,301.8500061035156
2024-01-29,308.0899963378906
2024-01-30,307.6300048828125
2024-01-31,304.3800048828125
2024-02-01,309.0799865722656
2024-02-02,309.989990234375
2024-02-05,304.489990234375
2024-02-06,307.8800048828125
2024-02-07,309.8599853515625
2024-02-08,312.1499938964844
2024-02-09,311.739990234375
2024-02-12,310.4200134277344
2024-02-13,307.2099914550781
2024-02-14,311.0299987792969
2024-02-15,312.510009765625
2024-02-16,309.0799865722656
2024-02-20,311.260009765625
2024-02-21,314.2900085449219
2024-02-22,320.6199951171875
2024-02-23,322.0299987792969
2024-02-26,322.510009765625
2024-02-27,327.7200012207031
2024-02-28,329.67999267578125
2024-02-29,332.0299987792969
2024-03-01,335.2300109863281
2024-03-04,337.1000061035156
2024-03-05,333.2799987792969
2024-03-06,336.489990234375
2024-03-07,344.6600036621094
2024-03-08,340.69000244140625
2024-03-11,340.3900146484375
2024-03-12,342.70001220703125
2024-03-13,336.80999755859375
2024-03-14,334.9200134277344
2024-03-15,334.6600036621094
2024-03-18,335.2699890136719
2024-03-19,336.5799865722656
2024-03-20,341.04998779296875
2024-03-21,347.2300109863281
2024-03-22,342.8699951171875
2024-03-25,342
2024-03-26,342
2024-03-27,346.8900146484375
2024-03-28,347.3299865722656
2024-04-01,338.1600036621094
2024-04-02,333.9599914550781
2024-04-03,334.2900085449219
2024-04-04,329.8599853515625
2024-04-05,331.8500061035156
2024-04-08,332.29998779296875
2024-04-09,334.54998779296875
2024-04-10,321.1600036621094
2024-04-11,319.9200134277344
2024-04-12,318.25
2024-04-15,313.9700012207031
2024-04-16,308.3800048828125
2024-04-17,310.1600036621094
2024-04-18,309.3800048828125
2024-04-19,305.9599914550781
2024-04-22,309.260009765625
2024-04-23,302.3599853515625
2024-04-24,303.7300109863281
2024-04-25,304.80999755859375
2024-04-26,306.45001220703125
2024-04-29,306.0899963378906
2024-04-30,299.6099853515625
2024-05-01,303.3399963378906
2024-05-02,304.4599914550781
2024-05-03,311.29998779296875
2024-05-06,314.989990234375
2024-05-07,318.75
2024-05-08,319
2024-05-09,320.45001220703125
2024-05-10,320.8599853515625
2024-05-13,315.8699951171875
2024-05-14,314.04998779296875
2024-05-15,316.3699951171875
2024-05-16,314.0199890136719
2024-05-17,312.3999938964844
2024-05-20,309.4200134277344
2024-05-21,309.9599914550781
2024-05-22,307.2200012207031
2024-05-23,303.0899963378906
2024-05-24,304.8399963378906
2024-05-28,301.7300109863281
2024-05-29,297.42999267578125
2024-05-30,302.04998779296875
2024-05-31,303.79998779296875
2024-06-03,302.0299987792969
2024-06-04,305.8399963378906
2024-06-05,308.2300109863281
2024-06-06,304.05999755859375
2024-06-07,291.95001220703125
2024-06-10,293.1099853515625
2024-06-11,296
2024-06-12,299.2900085449219
2024-06-13,300.45001220703125
2024-06-14,296.989990234375
2024-06-17,302.8500061035156
2024-06-18,300.19000244140625
2024-06-20,301.3500061035156
2024-06-21,301.260009765625
2024-06-24,300.54998779296875
2024-06-25,294.67999267578125
2024-06-26,296.8599853515625
2024-06-27,297
2024-06-28,298.42999267578125
2024-07-01,295.7900085449219
2024-07-02,294.6499938964844
2024-07-03,297.2200012207031
2024-07-05,295.70001220703125
2024-07-08,300.25
2024-07-09,298.9100036621094
2024-07-10,305.3699951171875
2024-07-11,313.9700012207031
2024-07-12,318.3699951171875
2024-07-15,318.4700012207031
2024-07-16,326.3999938964844
2024-07-17,325.79998779296875
2024-07-18,325.4599914550781
2024-07-19,321.8500061035156
2024-07-22,322.3500061035156
2024-07-23,344.5
2024-07-24,332.0199890136719
2024-07-25,342.739990234375
2024-07-26,349.2200012207031
2024-07-29,352.54998779296875
2024-07-30,351.8399963378906
2024-07-31,350.79998779296875
2024-08-01,350.3800048828125
2024-08-02,347.25
2024-08-05,339.0899963378906
2024-08-06,344.1199951171875
2024-08-07,339.7099914550781
2024-08-08,342.7099914550781
2024-08-09,345.6400146484375
2024-08-12,343.239990234375
2024-08-13,349.0799865722656
2024-08-14,352.1499938964844
2024-08-15,356.4700012207031
2024-08-16,354.3999938964844
2024-08-19,356
2024-08-20,355.3399963378906
2024-08-21,357.9700012207031
2024-08-22,357.9100036621094
2024-08-23,358.7300109863281
2024-08-26,360.69000244140625
2024-08-27,359.9800109863281
2024-08-28,361.70001220703125
2024-08-29,360.6099853515625
2024-08-30,369.3699951171875
2024-09-03,363.75
2024-09-04,362.70001220703125
2024-09-05,360.0799865722656
2024-09-06,360.8299865722656
2024-09-09,363.8999938964844
2024-09-10,371.8500061035156
2024-09-11,371.6000061035156
2024-09-12,373.9700012207031
2024-09-13,375.3999938964844
2024-09-16,379.05999755859375
2024-09-17,378
2024-09-18,375.30999755859375
2024-09-19,379.75
2024-09-20,378.5199890136719
2024-09-23,381.8699951171875
2024-09-24,381.55999755859375
2024-09-25,381.17999267578125
2024-09-26,383.92999267578125
2024-09-27,382.7300109863281
2024-09-30,381.6700134277344
2024-10-01,380.5799865722656
2024-10-02,378.1600036621094
2024-10-03,373.1000061035156
2024-10-04,371.29998779296875
2024-10-07,367.7799987792969
2024-10-08,373.3999938964844
2024-10-09,378.9599914550781
2024-10-10,376.45001220703125
2024-10-11,378.989990234375
2024-10-14,384.1600036621094
2024-10-15,388.54998779296875
2024-10-16,389.3900146484375
2024-10-17,389.0799865722656
2024-10-18,388.3599853515625
2024-10-21,381.75
2024-10-22,361.3800048828125
2024-10-23,362.7200012207031
2024-10-24,361.5899963378906
2024-10-25,359.0400085449219
2024-10-28,363.2699890136719
2024-10-29,361.6199951171875
2024-10-30,361.8900146484375
2024-10-31,358.7699890136719
2024-11-01,357.9700012207031
2024-11-04,374.3999938964844
2024-11-05,378.2099914550781
2024-11-06,380.7300109863281
2024-11-07,384
2024-11-08,386.6700134277344
2024-11-11,389.25
2024-11-12,383.6700134277344
2024-11-13,387.2900085449219
2024-11-14,388.4599914550781
2024-11-15,378.989990234375
2024-11-18,375.3500061035156
2024-11-19,373.5
2024-11-20,371.6600036621094
2024-11-21,383.32000732421875
2024-11-22,388.29998779296875
2024-11-25,399.7099914550781
2024-11-26,396.1400146484375
2024-11-27,393.9599914550781
2024-11-29,397.3999938964844
2024-12-02,395.5799865722656
2024-12-03,395.32000732421875
2024-12-04,392.07000732421875
2024-12-05,385.239990234375
2024-12-06,384.9599914550781
2024-12-09,376.45001220703125
2024-12-10,371.6000061035156
2024-12-11,371.94000244140625
2024-12-12,366.8500061035156
2024-12-13,364.5
2024-12-16,365.0299987792969
2024-12-17,362.7900085449219
2024-12-18,348.6600036621094
2024-12-19,342.3800048828125
2024-12-20,345.4700012207031
2024-12-23,344.8399963378906
2024-12-24,346.5199890136719
2024-12-26,345.510009765625
2024-12-27,343.2900085449219
2024-12-30,338.75
2024-12-31,339.92999267578125
2025-01-02,333.1600036621094
2025-01-03,336.5400085449219
2025-01-06,337.82000732421875
2025-01-07,334.3999938964844
2025-01-08,337.5400085449219
2025-01-10,330.1600036621094
2025-01-13,336.1199951171875
2025-01-14,341.6400146484375
2025-01-15,346.92999267578125
2025-01-16,354.1700134277344
2025-01-17,353.9800109863281
2025-01-21,361.5199890136719
2025-01-22,357.739990234375
2025-01-23,361.1099853515625
2025-01-24,360.1499938964844
2025-01-27,364.1700134277344
2025-01-28,364.1700134277344
2025-01-29,360.4100036621094
2025-01-30,365.54998779296875
2025-01-31,358.1600036621094
2025-02-03,357.6400146484375
2025-02-04,357.5899963378906
2025-02-05,364.4800109863281
2025-02-06,365.2200012207031
2025-02-07,360.57000732421875
2025-02-10,359.1600036621094
2025-02-11,361.3699951171875
2025-02-12,355.5
2025-02-13,361.1300048828125
2025-02-14,356.8599853515625
2025-02-18,352.989990234375
2025-02-19,351.8500061035156
2025-02-20,350.0199890136719
2025-02-21,344.57000732421875
2025-02-24,343.8699951171875
2025-02-25,353.0299987792969
2025-02-26,359.5899963378906
2025-02-27,355.510009765625
2025-02-28,362.2699890136719
2025-03-03,356.7300109863281
2025-03-04,355.2799987792969
2025-03-05,362.32000732421875
2025-03-06,360.0799865722656
2025-03-07,363.6199951171875
2025-03-10,357.7799987792969
2025-03-11,353.0199890136719
2025-03-12,349.8299865722656
2025-03-13,342.1000061035156
2025-03-14,341.7799987792969
2025-03-17,342.25
2025-03-18,335.5299987792969
2025-03-19,334.9200134277344
2025-03-20,336.0299987792969
2025-03-21,334.4100036621094
2025-03-24,342.7099914550781
2025-03-25,341.1600036621094
2025-03-26,344.4200134277344
2025-03-27,345.6499938964844
2025-03-28,339.75
2025-03-31,349.19000244140625
2025-04-01,350.57000732421875
2025-04-02,353.6600036621094
2025-04-03,340.6499938964844
2025-04-04,332.05999755859375
2025-04-07,322.80999755859375
2025-04-08,313.510009765625
2025-04-09,336.25
2025-04-10,329.9100036621094
2025-04-11,336.7699890136719
2025-04-14,341.0199890136719
2025-04-15,336.8800048828125
2025-04-16,331.2799987792969
2025-04-17,333.3800048828125
2025-04-21,322.29998779296875
2025-04-22,331.9599914550781
2025-04-23,331.25
2025-04-24,334.44000244140625
2025-04-25,331.6199951171875
2025-04-28,332.20001220703125
2025-04-29,348.1300048828125
2025-04-30,352.9200134277344
2025-05-01,353.6400146484375
2025-05-02,359.6400146484375
2025-05-05,359.82000732421875
2025-05-06,352.5199890136719
2025-05-07,351.5799865722656
2025-05-08,353.57000732421875
2025-05-09,351.8599853515625
2025-05-12,357.1499938964844
2025-05-13,356.0400085449219
2025-05-14,351.3699951171875
2025-05-15,361.45001220703125
2025-05-16,363.510009765625
2025-05-19,362
2025-05-20,359.1000061035156
2025-05-21,353.94000244140625
2025-05-22,352.94000244140625
2025-05-23,352.510009765625
2025-05-27,359.32000732421875
2025-05-28,354.7300109863281
2025-05-29,355.75
2025-05-30,358.80999755859375
2025-06-02,355.44000244140625
2025-06-03,357.760009765625
2025-06-04,362.2200012207031
2025-06-05,357.8800048828125
2025-06-06,357.4800109863281
2025-06-09,357.95001220703125
2025-06-10,360.7300109863281
2025-06-11,357.1300048828125
2025-06-12,356.20001220703125
2025-06-13,335.8800048828125
2025-06-16,335.760009765625
2025-06-17,331.0299987792969
2025-06-18,331.4700012207031
2025-06-20,333.5
2025-06-23,343.7699890136719
2025-06-24,345.69000244140625
2025-06-25,343.6199951171875
2025-06-26,341.8699951171875
2025-06-27,345.7200012207031
2025-06-30,343.3599853515625
2025-07-01,355.29998779296875
2025-07-02,352.510009765625
2025-07-03,354
2025-07-07,346.2900085449219
2025-07-08,346
2025-07-09,351.5400085449219
2025-07-10,351.8299865722656
2025-07-11,345.92999267578125
2025-07-14,344.5
2025-07-15,339.04998779296875
2025-07-16,339.8599853515625
2025-07-17,339.8999938964844
2025-07-18,340.07000732421875
2025-07-21,341.29998779296875
2025-07-22,340.07000732421875
2025-07-23,342.94000244140625
2025-07-24,340.2099914550781
2025-07-25,340.1000061035156
2025-07-28,336.1600036621094
2025-07-29,336.9700012207031
2025-07-30,331.9800109863281
2025-07-31,330.8800048828125
2025-08-01,343.4100036621094
2025-08-04,347.8500061035156
2025-08-05,352.0899963378906
2025-08-06,350.7300109863281
2025-08-07,349.92999267578125
2025-08-08,352.1600036621094
2025-08-11,354.5799865722656
2025-08-12,358.0899963378906
2025-08-13,368.8299865722656
2025-08-14,365.57000732421875
2025-08-15,364.3999938964844
2025-08-18,358.8500061035156
2025-08-19,367.92999267578125
2025-08-20,367.1300048828125
2025-08-21,363.8599853515625
2025-08-22,372.92999267578125
2025-08-25,367
2025-08-26,366.4599914550781
2025-08-27,367.3999938964844
2025-08-28,366.17999267578125
2025-08-29,365.8299865722656
2025-09-02,360.9200134277344
2025-09-03,363.0299987792969
2025-09-04,365.7799987792969
2025-09-05,372.42999267578125
2025-09-08,375.2300109863281
2025-09-09,361.3800048828125
2025-09-10,357.45001220703125
2025-09-11,368.67999267578125
2025-09-12,360.1000061035156
2025-09-15,357.0799865722656
2025-09-16,353.20001220703125
2025-09-17,350.2099914550781
2025-09-18,349.55999755859375
2025-09-19,346.79998779296875
2025-09-22,346.4100036621094
2025-09-23,344.45001220703125
2025-09-24,342.9599914550781
2025-09-25,340.1000061035156
2025-09-26,341.9100036621094
2025-09-29,342.9200134277344
2025-09-30,346.260009765625
2025-10-01,341.2200012207031
2025-10-02,343.8999938964844
2025-10-03,346.6000061035156
2025-10-06,336.9100036621094
2025-10-07,337
2025-10-08,337.57000732421875
2025-10-09,333.2200012207031
2025-10-10,332.80999755859375
2025-10-13,332.1600036621094
2025-10-14,335.2699890136719
2025-10-15,332.7300109863281
2025-10-16,331.4599914550781
2025-10-17,330.739990234375
2025-10-20,331.239990234375
2025-10-21,338.44000244140625
2025-10-22,333.80999755859375
2025-10-23,331.75
2025-10-24,334
2025-10-27,336.0799865722656
2025-10-28,354.45001220703125
2025-10-29,345.7300109863281
2025-10-30,347.8999938964844
2025-10-31,344.94000244140625
2025-11-03,345.6400146484375
2025-11-04,342.9800109863281
2025-11-05,335.7699890136719
2025-11-06,333.6600036621094
2025-11-07,340.1600036621094
2025-11-10,342.54998779296875
2025-11-11,345.0799865722656
2025-11-12,344.7200012207031
2025-11-13,338.8399963378906
2025-11-14,332.17999267578125
2025-11-17,326.80999755859375
2025-11-18,323.8299865722656
2025-11-19,329.7799987792969
2025-11-20,328.010009765625
2025-11-21,337.05999755859375
2025-11-24,338
2025-11-25,342.6499938964844
2025-11-26,343.3900146484375
2025-11-28,343.69000244140625
2025-12-01,341.489990234375
2025-12-02,337.489990234375
2025-12-03,339.239990234375
2025-12-04,335.3699951171875
2025-12-05,333.1099853515625
2025-12-08,327.1300048828125
2025-12-09,321.1400146484375
2025-12-10,326.2699890136719
2025-12-11,329.29998779296875
2025-12-12,328.69000244140625
2025-12-15,328.45001220703125
2025-12-16,327.8699951171875
2025-12-17,327.95001220703125
2025-12-18,325.3599853515625
2025-12-19,320.8599853515625
2025-12-22,323.8399963378906
2025-12-23,324.04998779296875
2025-12-24,325.3500061035156
2025-12-26,325.44000244140625
2025-12-29,325.2300109863281
2025-12-30,326.1600036621094
2025-12-31,324.0299987792969
2026-01-02,327.8399963378906
2026-01-05,332.20001220703125
2026-01-06,340.0899963378906
2026-01-07,331.4100036621094
2026-01-08,341.0299987792969
2026-01-09,353.2799987792969
2026-01-12,357.6300048828125
2026-01-13,355.989990234375
2026-01-14,354.3500061035156
2026-01-15,356.1300048828125
2026-01-16,357.8299865722656
2026-01-20,346.9599914550781
2026-01-21,356.30999755859375
2026-01-22,350.6300048828125
2026-01-23,348.5199890136719
2026-01-26,348.3299865722656
2026-01-27,346.0799865722656
2026-01-28,349.6000061035156
2026-01-29,354.5799865722656
2026-01-30,354.6400146484375
2026-02-02,356.3599853515625
2026-02-03,359.6400146484375
2026-02-04,368.9100036621094
2026-02-05,361.0400085449219
2026-02-06,361.9800109863281
2026-02-09,360.6000061035156
2026-02-10,364.6499938964844
2026-02-11,366.9700012207031
2026-02-12,372.6000061035156
2026-02-13,368.8900146484375
2026-02-17,367.94000244140625
2026-02-18,365.760009765625
2026-02-19,357.6099853515625
2026-02-20,360.6300048828125
2026-02-23,364.2699890136719
2026-02-24,364.7300109863281
2026-02-25,357.25
2026-02-26,360.5
2026-02-27,362.5899963378906
2026-03-02,356.1000061035156
2026-03-03,348.8299865722656
2026-03-04,347.6700134277344
2026-03-05,335.45001220703125
2026-03-06,329.8800048828125
2026-03-09,333.3999938964844
2026-03-10,330.3299865722656
2026-03-11,322.739990234375
2026-03-12,317.70001220703125
2026-03-13,319.7799987792969
2026-03-16,322.7099914550781
2026-03-17,320.70001220703125
2026-03-18,312.1199951171875
2026-03-19,310.3800048828125
2026-03-20,303.5299987792969
2026-03-23,313.95001220703125
2026-03-24,313.70001220703125
2026-03-25,321.95001220703125
2026-03-26,319.54998779296875
2026-03-27,315.3699951171875
2026-03-30,315.8999938964844
