Date,STE.Close
2020-01-02,151.6999969482422
2020-01-03,150.6300048828125
2020-01-06,151.6199951171875
2020-01-07,151.0399932861328
2020-01-08,150.9499969482422
2020-01-09,151.77999877929688
2020-01-10,151.00999450683594
2020-01-13,151.5399932861328
2020-01-14,152.41000366210938
2020-01-15,152.57000732421875
2020-01-16,154.1300048828125
2020-01-17,154.1300048828125
2020-01-21,153.80999755859375
2020-01-22,152.7899932861328
2020-01-23,151.80999755859375
2020-01-24,151.2899932861328
2020-01-27,150.11000061035156
2020-01-28,151.0500030517578
2020-01-29,151.52000427246094
2020-01-30,153.30999755859375
2020-01-31,150.69000244140625
2020-02-03,151
2020-02-04,152.2100067138672
2020-02-05,152.9199981689453
2020-02-06,154.25
2020-02-07,152.8699951171875
2020-02-10,153.8800048828125
2020-02-11,162.27000427246094
2020-02-12,167.8300018310547
2020-02-13,167
2020-02-14,168.50999450683594
2020-02-18,167.92999267578125
2020-02-19,168.25999450683594
2020-02-20,168.27999877929688
2020-02-21,167.9499969482422
2020-02-24,167.4600067138672
2020-02-25,164.8699951171875
2020-02-26,165.44000244140625
2020-02-27,163.6199951171875
2020-02-28,158.6199951171875
2020-03-02,163.39999389648438
2020-03-03,161.02999877929688
2020-03-04,164.4499969482422
2020-03-05,158.13999938964844
2020-03-06,157.02999877929688
2020-03-09,145.5
2020-03-10,151.08999633789063
2020-03-11,145.25
2020-03-12,131.05999755859375
2020-03-13,136.2899932861328
2020-03-16,120.5
2020-03-17,130.6300048828125
2020-03-18,122.77999877929688
2020-03-19,121.22000122070313
2020-03-20,115.69999694824219
2020-03-23,107.76000213623047
2020-03-24,118.11000061035156
2020-03-25,117.81999969482422
2020-03-26,129.61000061035156
2020-03-27,129.74000549316406
2020-03-30,139.99000549316406
2020-03-31,139.97000122070313
2020-04-01,137.6999969482422
2020-04-02,139.5500030517578
2020-04-03,138.72000122070313
2020-04-06,148.64999389648438
2020-04-07,148.75999450683594
2020-04-08,149.25
2020-04-09,152.69000244140625
2020-04-13,149.50999450683594
2020-04-14,157.16000366210938
2020-04-15,154.75
2020-04-16,150.3300018310547
2020-04-17,154.97000122070313
2020-04-20,157.4499969482422
2020-04-21,147.77999877929688
2020-04-22,150.8800048828125
2020-04-23,149.4499969482422
2020-04-24,147.82000732421875
2020-04-27,149.6699981689453
2020-04-28,146.2100067138672
2020-04-29,146.86000061035156
2020-04-30,142.5
2020-05-01,141.39999389648438
2020-05-04,139.5399932861328
2020-05-05,141.66000366210938
2020-05-06,140.99000549316406
2020-05-07,143.86000061035156
2020-05-08,148.25
2020-05-11,152.77999877929688
2020-05-12,149.13999938964844
2020-05-13,147.05999755859375
2020-05-14,150.88999938964844
2020-05-15,151.32000732421875
2020-05-18,159.5399932861328
2020-05-19,157.64999389648438
2020-05-20,158.02999877929688
2020-05-21,156.3000030517578
2020-05-22,157.47999572753906
2020-05-26,158.67999267578125
2020-05-27,159.97999572753906
2020-05-28,162.80999755859375
2020-05-29,165.88999938964844
2020-06-01,165.64999389648438
2020-06-02,164.44000244140625
2020-06-03,163.1699981689453
2020-06-04,160.6300048828125
2020-06-05,163.91000366210938
2020-06-08,165.42999267578125
2020-06-09,161.55999755859375
2020-06-10,159.63999938964844
2020-06-11,149.3300018310547
2020-06-12,151.82000732421875
2020-06-15,153.85000610351563
2020-06-16,154.89999389648438
2020-06-17,154.94000244140625
2020-06-18,153.36000061035156
2020-06-19,152.24000549316406
2020-06-22,153.1699981689453
2020-06-23,154.80999755859375
2020-06-24,149.0399932861328
2020-06-25,149.14999389648438
2020-06-26,148.3300018310547
2020-06-29,149.67999267578125
2020-06-30,153.44000244140625
2020-07-01,154.27999877929688
2020-07-02,154.00999450683594
2020-07-06,153.64999389648438
2020-07-07,151.77999877929688
2020-07-08,150.82000732421875
2020-07-09,150.44000244140625
2020-07-10,150.50999450683594
2020-07-13,150.16000366210938
2020-07-14,153.32000732421875
2020-07-15,157.58999633789063
2020-07-16,157.10000610351563
2020-07-17,159.9600067138672
2020-07-20,157.4499969482422
2020-07-21,157.16000366210938
2020-07-22,157.83999633789063
2020-07-23,158.02999877929688
2020-07-24,156.35000610351563
2020-07-27,157.69000244140625
2020-07-28,157.11000061035156
2020-07-29,161.72999572753906
2020-07-30,161.1300048828125
2020-07-31,159.6300048828125
2020-08-03,161.07000732421875
2020-08-04,158
2020-08-05,157.6699981689453
2020-08-06,155.97999572753906
2020-08-07,154.22000122070313
2020-08-10,155.8800048828125
2020-08-11,158.72000122070313
2020-08-12,160.50999450683594
2020-08-13,159.1999969482422
2020-08-14,158.6999969482422
2020-08-17,158.11000061035156
2020-08-18,157.75
2020-08-19,156.9600067138672
2020-08-20,154.66000366210938
2020-08-21,153.4600067138672
2020-08-24,153.1199951171875
2020-08-25,154.58999633789063
2020-08-26,154.27000427246094
2020-08-27,156.92999267578125
2020-08-28,157.63999938964844
2020-08-31,159.63999938964844
2020-09-01,158.77000427246094
2020-09-02,163.5500030517578
2020-09-03,160.47999572753906
2020-09-04,157.9199981689453
2020-09-08,159.02000427246094
2020-09-09,163.02000427246094
2020-09-10,162.08999633789063
2020-09-11,162.27999877929688
2020-09-14,167.1699981689453
2020-09-15,169.63999938964844
2020-09-16,170.16000366210938
2020-09-17,171.50999450683594
2020-09-18,175.91000366210938
2020-09-21,172.0500030517578
2020-09-22,169.58999633789063
2020-09-23,165.6699981689453
2020-09-24,167.25999450683594
2020-09-25,170.2100067138672
2020-09-28,172.9600067138672
2020-09-29,172.82000732421875
2020-09-30,176.19000244140625
2020-10-01,174.47000122070313
2020-10-02,172.6699981689453
2020-10-05,174.72000122070313
2020-10-06,181.00999450683594
2020-10-07,185.2899932861328
2020-10-08,186.75
2020-10-09,188.4499969482422
2020-10-12,191.82000732421875
2020-10-13,187.67999267578125
2020-10-14,186.5800018310547
2020-10-15,187.3300018310547
2020-10-16,188.8800048828125
2020-10-19,186.42999267578125
2020-10-20,186.33999633789063
2020-10-21,185.9499969482422
2020-10-22,188.19000244140625
2020-10-23,187.5399932861328
2020-10-26,186.4199981689453
2020-10-27,185.35000610351563
2020-10-28,178.6199951171875
2020-10-29,177.3300018310547
2020-10-30,177.19000244140625
2020-11-02,181.57000732421875
2020-11-03,176.3800048828125
2020-11-04,177.6199951171875
2020-11-05,179.16000366210938
2020-11-06,181.6699981689453
2020-11-09,190.0500030517578
2020-11-10,189.47999572753906
2020-11-11,189.17999267578125
2020-11-12,189.02000427246094
2020-11-13,192.7899932861328
2020-11-16,195.5800018310547
2020-11-17,195.2100067138672
2020-11-18,191.94000244140625
2020-11-19,194.72999572753906
2020-11-20,196.0500030517578
2020-11-23,189.08999633789063
2020-11-24,190.6300048828125
2020-11-25,189.2899932861328
2020-11-27,191.69000244140625
2020-11-30,193.80999755859375
2020-12-01,193.92999267578125
2020-12-02,192.8000030517578
2020-12-03,192.69000244140625
2020-12-04,193.49000549316406
2020-12-07,187.6300048828125
2020-12-08,189.08999633789063
2020-12-09,188.25
2020-12-10,189.75999450683594
2020-12-11,186.22000122070313
2020-12-14,186.3300018310547
2020-12-15,188.24000549316406
2020-12-16,181.75999450683594
2020-12-17,182.63999938964844
2020-12-18,184.89999389648438
2020-12-21,184.1199951171875
2020-12-22,182.58999633789063
2020-12-23,184.16000366210938
2020-12-24,186.19000244140625
2020-12-28,185.72000122070313
2020-12-29,185.58999633789063
2020-12-30,186.2899932861328
2020-12-31,189.5399932861328
2021-01-04,188.49000549316406
2021-01-05,191.82000732421875
2021-01-06,195.24000549316406
2021-01-07,199.7899932861328
2021-01-08,202.80999755859375
2021-01-11,200.4600067138672
2021-01-12,192.05999755859375
2021-01-13,194.10000610351563
2021-01-14,189.83999633789063
2021-01-15,184.3800048828125
2021-01-19,188.7100067138672
2021-01-20,189.52999877929688
2021-01-21,188.3300018310547
2021-01-22,188.75999450683594
2021-01-25,190.41000366210938
2021-01-26,193.17999267578125
2021-01-27,192.3000030517578
2021-01-28,191.17999267578125
2021-01-29,187.11000061035156
2021-02-01,186.32000732421875
2021-02-02,191.0800018310547
2021-02-03,182.8699951171875
2021-02-04,185.61000061035156
2021-02-05,183.17999267578125
2021-02-08,183.85000610351563
2021-02-09,182.77000427246094
2021-02-10,183.3000030517578
2021-02-11,182.33999633789063
2021-02-12,183
2021-02-16,182.5
2021-02-17,185
2021-02-18,181.86000061035156
2021-02-19,178.72999572753906
2021-02-22,175.6199951171875
2021-02-23,173.27000427246094
2021-02-24,173.11000061035156
2021-02-25,172.99000549316406
2021-02-26,174.8000030517578
2021-03-01,177.77000427246094
2021-03-02,177.77000427246094
2021-03-03,171.64999389648438
2021-03-04,171.1999969482422
2021-03-05,177.14999389648438
2021-03-08,172.64999389648438
2021-03-09,179.02999877929688
2021-03-10,179.99000549316406
2021-03-11,181.5500030517578
2021-03-12,184.0500030517578
2021-03-15,187.05999755859375
2021-03-16,186.8699951171875
2021-03-17,187.00999450683594
2021-03-18,187
2021-03-19,187.24000549316406
2021-03-22,186.5500030517578
2021-03-23,185.80999755859375
2021-03-24,187.75
2021-03-25,190.83999633789063
2021-03-26,193.67999267578125
2021-03-29,192.77000427246094
2021-03-30,190.02999877929688
2021-03-31,190.47999572753906
2021-04-01,193.5
2021-04-05,195.8800048828125
2021-04-06,194.5
2021-04-07,193.7899932861328
2021-04-08,198.16000366210938
2021-04-09,199.14999389648438
2021-04-12,200.6199951171875
2021-04-13,202.91000366210938
2021-04-14,204.83999633789063
2021-04-15,206.7100067138672
2021-04-16,208.13999938964844
2021-04-19,208.6300048828125
2021-04-20,209.38999938964844
2021-04-21,212.52000427246094
2021-04-22,212.3800048828125
2021-04-23,214.82000732421875
2021-04-26,216.47000122070313
2021-04-27,212.42999267578125
2021-04-28,210.8800048828125
2021-04-29,212.99000549316406
2021-04-30,211.02000427246094
2021-05-03,213.47000122070313
2021-05-04,211.97999572753906
2021-05-05,209.42999267578125
2021-05-06,210.30999755859375
2021-05-07,211.5
2021-05-10,207.63999938964844
2021-05-11,204.64999389648438
2021-05-12,197.74000549316406
2021-05-13,198.99000549316406
2021-05-14,197.77999877929688
2021-05-17,196.57000732421875
2021-05-18,195.9499969482422
2021-05-19,189.39999389648438
2021-05-20,189.3000030517578
2021-05-21,190.52999877929688
2021-05-24,190
2021-05-25,191.36000061035156
2021-05-26,194.1699981689453
2021-05-27,190.88999938964844
2021-05-28,190.86000061035156
2021-06-01,188.42999267578125
2021-06-02,191.17999267578125
2021-06-03,189.9600067138672
2021-06-04,193.61000061035156
2021-06-07,193.8300018310547
2021-06-08,195.7100067138672
2021-06-09,195.5399932861328
2021-06-10,198.22999572753906
2021-06-11,198.52999877929688
2021-06-14,198.3699951171875
2021-06-15,198.22000122070313
2021-06-16,198.83999633789063
2021-06-17,200.27999877929688
2021-06-18,199.1199951171875
2021-06-21,201.36000061035156
2021-06-22,204.5
2021-06-23,205.5800018310547
2021-06-24,204.1300048828125
2021-06-25,206.8000030517578
2021-06-28,207.22999572753906
2021-06-29,206.4600067138672
2021-06-30,206.3000030517578
2021-07-01,208.9499969482422
2021-07-02,209.6300048828125
2021-07-06,210.72000122070313
2021-07-07,213.35000610351563
2021-07-08,211.3000030517578
2021-07-09,211.24000549316406
2021-07-12,210.8000030517578
2021-07-13,208.72000122070313
2021-07-14,208
2021-07-15,206.5399932861328
2021-07-16,207.6999969482422
2021-07-19,204.3000030517578
2021-07-20,208.35000610351563
2021-07-21,209.85000610351563
2021-07-22,212.1699981689453
2021-07-23,212.47000122070313
2021-07-26,211.69000244140625
2021-07-27,214.86000061035156
2021-07-28,214.27999877929688
2021-07-29,216.77000427246094
2021-07-30,217.9499969482422
2021-08-02,218.3300018310547
2021-08-03,218.94000244140625
2021-08-04,216.47000122070313
2021-08-05,215.52999877929688
2021-08-06,216.2899932861328
2021-08-09,215.00999450683594
2021-08-10,217.6199951171875
2021-08-11,217.5800018310547
2021-08-12,218.1699981689453
2021-08-13,218.85000610351563
2021-08-16,221.9600067138672
2021-08-17,225.82000732421875
2021-08-18,216.27999877929688
2021-08-19,214.88999938964844
2021-08-20,214.89999389648438
2021-08-23,213.22999572753906
2021-08-24,213.63999938964844
2021-08-25,216.02999877929688
2021-08-26,212.6300048828125
2021-08-27,213.61000061035156
2021-08-30,214.6199951171875
2021-08-31,215.00999450683594
2021-09-01,217.19000244140625
2021-09-02,218.07000732421875
2021-09-03,217.82000732421875
2021-09-07,214.38999938964844
2021-09-08,216.77000427246094
2021-09-09,213.1199951171875
2021-09-10,209.7100067138672
2021-09-13,210.1999969482422
2021-09-14,215.94000244140625
2021-09-15,214.9600067138672
2021-09-16,215.4199981689453
2021-09-17,215.08999633789063
2021-09-20,212.52000427246094
2021-09-21,212.1199951171875
2021-09-22,215.7100067138672
2021-09-23,220.36000061035156
2021-09-24,220.2100067138672
2021-09-27,215.02000427246094
2021-09-28,210.52999877929688
2021-09-29,209.11000061035156
2021-09-30,204.27999877929688
2021-10-01,207.60000610351563
2021-10-04,206.02000427246094
2021-10-05,207.6199951171875
2021-10-06,212.1999969482422
2021-10-07,217.3300018310547
2021-10-08,219.49000549316406
2021-10-11,221.5399932861328
2021-10-12,218.2100067138672
2021-10-13,220.0500030517578
2021-10-14,224.19000244140625
2021-10-15,225.08999633789063
2021-10-18,223.1999969482422
2021-10-19,227.02999877929688
2021-10-20,226.11000061035156
2021-10-21,232.27999877929688
2021-10-22,235.30999755859375
2021-10-25,235.3699951171875
2021-10-26,235.36000061035156
2021-10-27,232.11000061035156
2021-10-28,232.94000244140625
2021-10-29,233.74000549316406
2021-11-01,235.77999877929688
2021-11-02,236.72999572753906
2021-11-03,222.72000122070313
2021-11-04,222.24000549316406
2021-11-05,224.5800018310547
2021-11-08,230.00999450683594
2021-11-09,228.99000549316406
2021-11-10,231.9600067138672
2021-11-11,231.52000427246094
2021-11-12,231.5500030517578
2021-11-15,232.3800048828125
2021-11-16,236.27999877929688
2021-11-17,231.5500030517578
2021-11-18,234
2021-11-19,233.5399932861328
2021-11-22,230.9600067138672
2021-11-23,228.8800048828125
2021-11-24,228
2021-11-26,227.30999755859375
2021-11-29,226.69000244140625
2021-11-30,218.52999877929688
2021-12-01,215.63999938964844
2021-12-02,220.6300048828125
2021-12-03,219.57000732421875
2021-12-06,225.49000549316406
2021-12-07,228.32000732421875
2021-12-08,230.58999633789063
2021-12-09,232.3699951171875
2021-12-10,229.7899932861328
2021-12-13,230.02000427246094
2021-12-14,226.8300018310547
2021-12-15,229.05999755859375
2021-12-16,230.89999389648438
2021-12-17,232.5399932861328
2021-12-20,226.77999877929688
2021-12-21,231.2100067138672
2021-12-22,234.83999633789063
2021-12-23,241.07000732421875
2021-12-27,244.97999572753906
2021-12-28,243.7899932861328
2021-12-29,242.32000732421875
2021-12-30,245.1699981689453
2021-12-31,243.41000366210938
2022-01-03,242.57000732421875
2022-01-04,245.16000366210938
2022-01-05,238.91000366210938
2022-01-06,238.4600067138672
2022-01-07,234.80999755859375
2022-01-10,231.52000427246094
2022-01-11,234.75
2022-01-12,241.67999267578125
2022-01-13,234.85000610351563
2022-01-14,234.52000427246094
2022-01-18,230.3800048828125
2022-01-19,231.86000061035156
2022-01-20,226.85000610351563
2022-01-21,227.67999267578125
2022-01-24,224.2899932861328
2022-01-25,221.11000061035156
2022-01-26,218.1199951171875
2022-01-27,215.16000366210938
2022-01-28,219.85000610351563
2022-01-31,224.39999389648438
2022-02-01,225.63999938964844
2022-02-02,228.64999389648438
2022-02-03,228.3000030517578
2022-02-04,225.94000244140625
2022-02-07,226.8699951171875
2022-02-08,230.69000244140625
2022-02-09,237.35000610351563
2022-02-10,233.2100067138672
2022-02-11,229.7899932861328
2022-02-14,226.5500030517578
2022-02-15,232.36000061035156
2022-02-16,232.99000549316406
2022-02-17,226.6999969482422
2022-02-18,226.02999877929688
2022-02-22,229.3699951171875
2022-02-23,224.9499969482422
2022-02-24,229.2100067138672
2022-02-25,237.32000732421875
2022-02-28,240
2022-03-01,237.25999450683594
2022-03-02,242.1699981689453
2022-03-03,244.05999755859375
2022-03-04,245.17999267578125
2022-03-07,238.6699981689453
2022-03-08,225.10000610351563
2022-03-09,228.64999389648438
2022-03-10,222
2022-03-11,218.75999450683594
2022-03-14,217.49000549316406
2022-03-15,222.24000549316406
2022-03-16,227.0399932861328
2022-03-17,232.00999450683594
2022-03-18,234.7100067138672
2022-03-21,233.94000244140625
2022-03-22,235.3800048828125
2022-03-23,230.05999755859375
2022-03-24,232.3699951171875
2022-03-25,238.22000122070313
2022-03-28,243.49000549316406
2022-03-29,247.17999267578125
2022-03-30,245.88999938964844
2022-03-31,241.77000427246094
2022-04-01,248
2022-04-04,246.25
2022-04-05,245.6999969482422
2022-04-06,248.85000610351563
2022-04-07,248.44000244140625
2022-04-08,249.1199951171875
2022-04-11,247.22999572753906
2022-04-12,246.52000427246094
2022-04-13,249.35000610351563
2022-04-14,244.4600067138672
2022-04-18,241.89999389648438
2022-04-19,247.35000610351563
2022-04-20,252.9199981689453
2022-04-21,247.91000366210938
2022-04-22,233.4499969482422
2022-04-25,238.16000366210938
2022-04-26,233.4600067138672
2022-04-27,231.32000732421875
2022-04-28,231.72999572753906
2022-04-29,224.0500030517578
2022-05-02,224.05999755859375
2022-05-03,226.0800018310547
2022-05-04,232.33999633789063
2022-05-05,226.97000122070313
2022-05-06,224.7100067138672
2022-05-09,213.16000366210938
2022-05-10,215.3699951171875
2022-05-11,212.57000732421875
2022-05-12,218.38999938964844
2022-05-13,216.17999267578125
2022-05-16,217.94000244140625
2022-05-17,221.6300048828125
2022-05-18,219.11000061035156
2022-05-19,223.39999389648438
2022-05-20,225.94000244140625
2022-05-23,227.5399932861328
2022-05-24,228.57000732421875
2022-05-25,228.4199981689453
2022-05-26,230.7100067138672
2022-05-27,235
2022-05-31,228.1999969482422
2022-06-01,221.4600067138672
2022-06-02,227.32000732421875
2022-06-03,220.47000122070313
2022-06-06,221.89999389648438
2022-06-07,227.16000366210938
2022-06-08,227.86000061035156
2022-06-09,221.58999633789063
2022-06-10,220.88999938964844
2022-06-13,211.22999572753906
2022-06-14,203.6699981689453
2022-06-15,202.27999877929688
2022-06-16,195.07000732421875
2022-06-17,192.77999877929688
2022-06-21,195.17999267578125
2022-06-22,200.83999633789063
2022-06-23,202.44000244140625
2022-06-24,207.88999938964844
2022-06-27,207.8000030517578
2022-06-28,204.5500030517578
2022-06-29,208.3300018310547
2022-06-30,206.14999389648438
2022-07-01,210.9600067138672
2022-07-05,208.72999572753906
2022-07-06,210.38999938964844
2022-07-07,207.1999969482422
2022-07-08,209.39999389648438
2022-07-11,209.08999633789063
2022-07-12,207.94000244140625
2022-07-13,205.4199981689453
2022-07-14,206.7899932861328
2022-07-15,209.25999450683594
2022-07-18,207.92999267578125
2022-07-19,212.97000122070313
2022-07-20,213.42999267578125
2022-07-21,219.7100067138672
2022-07-22,217.52999877929688
2022-07-25,218.07000732421875
2022-07-26,219.4600067138672
2022-07-27,221.52999877929688
2022-07-28,225.11000061035156
2022-07-29,225.64999389648438
2022-08-01,222.50999450683594
2022-08-02,224.44000244140625
2022-08-03,203
2022-08-04,207.99000549316406
2022-08-05,211.97999572753906
2022-08-08,213.4199981689453
2022-08-09,208.9600067138672
2022-08-10,210.25999450683594
2022-08-11,210.2100067138672
2022-08-12,213.89999389648438
2022-08-15,213.9600067138672
2022-08-16,212.47000122070313
2022-08-17,211.6300048828125
2022-08-18,212.82000732421875
2022-08-19,209.88999938964844
2022-08-22,205.44000244140625
2022-08-23,202.7899932861328
2022-08-24,205.52999877929688
2022-08-25,210.14999389648438
2022-08-26,200.99000549316406
2022-08-29,198.52000427246094
2022-08-30,198.5
2022-08-31,201.3800048828125
2022-09-01,200.22000122070313
2022-09-02,199.1699981689453
2022-09-06,197.38999938964844
2022-09-07,203.92999267578125
2022-09-08,204.8300018310547
2022-09-09,210.3000030517578
2022-09-12,212
2022-09-13,205.30999755859375
2022-09-14,203.64999389648438
2022-09-15,199.36000061035156
2022-09-16,193.72000122070313
2022-09-19,190.1999969482422
2022-09-20,183.11000061035156
2022-09-21,177.63999938964844
2022-09-22,176.75999450683594
2022-09-23,167.2899932861328
2022-09-26,164.10000610351563
2022-09-27,160.72000122070313
2022-09-28,162.8000030517578
2022-09-29,167.11000061035156
2022-09-30,166.27999877929688
2022-10-03,170.07000732421875
2022-10-04,175.8300018310547
2022-10-05,173.0399932861328
2022-10-06,172.74000549316406
2022-10-07,170.19000244140625
2022-10-10,168.55999755859375
2022-10-11,168.66000366210938
2022-10-12,162.27000427246094
2022-10-13,169.47000122070313
2022-10-14,165.83999633789063
2022-10-17,170.0500030517578
2022-10-18,170.7899932861328
2022-10-19,167.1300048828125
2022-10-20,165.85000610351563
2022-10-21,167.22000122070313
2022-10-24,169.72999572753906
2022-10-25,171.89999389648438
2022-10-26,172.89999389648438
2022-10-27,171.41000366210938
2022-10-28,172.8800048828125
2022-10-31,172.5800018310547
2022-11-01,172.8699951171875
2022-11-02,165.9499969482422
2022-11-03,161.9499969482422
2022-11-04,162.94000244140625
2022-11-07,163.57000732421875
2022-11-08,163.58999633789063
2022-11-09,160.97999572753906
2022-11-10,169.27000427246094
2022-11-11,172.5399932861328
2022-11-14,167.77999877929688
2022-11-15,167.72999572753906
2022-11-16,166.33999633789063
2022-11-17,166.05999755859375
2022-11-18,166.00999450683594
2022-11-21,177.2100067138672
2022-11-22,177.82000732421875
2022-11-23,180.50999450683594
2022-11-25,180.5800018310547
2022-11-28,178.24000549316406
2022-11-29,178.38999938964844
2022-11-30,185.74000549316406
2022-12-01,192.30999755859375
2022-12-02,191.91000366210938
2022-12-05,185.47000122070313
2022-12-06,183.57000732421875
2022-12-07,185.55999755859375
2022-12-08,190.27999877929688
2022-12-09,191.9600067138672
2022-12-12,194.77999877929688
2022-12-13,199.0800018310547
2022-12-14,193.72000122070313
2022-12-15,187.86000061035156
2022-12-16,183.02999877929688
2022-12-19,180.5
2022-12-20,180.14999389648438
2022-12-21,181.47999572753906
2022-12-22,181.86000061035156
2022-12-23,182.05999755859375
2022-12-27,183.1999969482422
2022-12-28,182.35000610351563
2022-12-29,186.1999969482422
2022-12-30,184.69000244140625
2023-01-03,185.5800018310547
2023-01-04,191.32000732421875
2023-01-05,187.2899932861328
2023-01-06,191.75
2023-01-09,190.85000610351563
2023-01-10,201.52000427246094
2023-01-11,200.69000244140625
2023-01-12,200.22999572753906
2023-01-13,202.02999877929688
2023-01-17,199.8800048828125
2023-01-18,195.13999938964844
2023-01-19,199.1699981689453
2023-01-20,205.11000061035156
2023-01-23,206.85000610351563
2023-01-24,204.82000732421875
2023-01-25,205
2023-01-26,204.9199981689453
2023-01-27,206.10000610351563
2023-01-30,203.22999572753906
2023-01-31,206.50999450683594
2023-02-01,214.49000549316406
2023-02-02,220.86000061035156
2023-02-03,219.02999877929688
2023-02-06,214.63999938964844
2023-02-07,217.00999450683594
2023-02-08,215.85000610351563
2023-02-09,192.33999633789063
2023-02-10,192.8699951171875
2023-02-13,196.32000732421875
2023-02-14,194.83999633789063
2023-02-15,198.1300048828125
2023-02-16,191.67999267578125
2023-02-17,189.66000366210938
2023-02-21,185.00999450683594
2023-02-22,185.27999877929688
2023-02-23,187.85000610351563
2023-02-24,186.1300048828125
2023-02-27,188.3300018310547
2023-02-28,188.02999877929688
2023-03-01,188.52000427246094
2023-03-02,188.3800048828125
2023-03-03,189.9499969482422
2023-03-06,186.16000366210938
2023-03-07,181.69000244140625
2023-03-08,180.2899932861328
2023-03-09,182.52000427246094
2023-03-10,177.5
2023-03-13,178.60000610351563
2023-03-14,178.5399932861328
2023-03-15,176.38999938964844
2023-03-16,178.72000122070313
2023-03-17,176.55999755859375
2023-03-20,181.25999450683594
2023-03-21,184.49000549316406
2023-03-22,181.44000244140625
2023-03-23,181.4199981689453
2023-03-24,185.1999969482422
2023-03-27,186.32000732421875
2023-03-28,185.30999755859375
2023-03-29,187.4600067138672
2023-03-30,188.8000030517578
2023-03-31,191.27999877929688
2023-04-03,190.52000427246094
2023-04-04,191.27000427246094
2023-04-05,192.25
2023-04-06,193.10000610351563
2023-04-10,192.24000549316406
2023-04-11,195.36000061035156
2023-04-12,193.50999450683594
2023-04-13,195.1199951171875
2023-04-14,186.52999877929688
2023-04-17,188.13999938964844
2023-04-18,183.77000427246094
2023-04-19,186.75
2023-04-20,185.44000244140625
2023-04-21,187.07000732421875
2023-04-24,187.5
2023-04-25,181.83999633789063
2023-04-26,182.85000610351563
2023-04-27,185.85000610351563
2023-04-28,188.5500030517578
2023-05-01,192.11000061035156
2023-05-02,190.0500030517578
2023-05-03,187.67999267578125
2023-05-04,188.8800048828125
2023-05-05,189.17999267578125
2023-05-08,188.97999572753906
2023-05-09,187.1199951171875
2023-05-10,189.38999938964844
2023-05-11,208
2023-05-12,210.85000610351563
2023-05-15,210.8300018310547
2023-05-16,207.92999267578125
2023-05-17,205.82000732421875
2023-05-18,206.77000427246094
2023-05-19,205.6999969482422
2023-05-22,206.9199981689453
2023-05-23,201.8800048828125
2023-05-24,200.83999633789063
2023-05-25,201.2100067138672
2023-05-26,200.44000244140625
2023-05-30,199.5500030517578
2023-05-31,199.97000122070313
2023-06-01,202.4199981689453
2023-06-02,205.47000122070313
2023-06-05,206.0500030517578
2023-06-06,207.3000030517578
2023-06-07,207.92999267578125
2023-06-08,206.2100067138672
2023-06-09,206.97999572753906
2023-06-12,207.88999938964844
2023-06-13,207.58999633789063
2023-06-14,213.1199951171875
2023-06-15,213.52999877929688
2023-06-16,213.61000061035156
2023-06-20,213.58999633789063
2023-06-21,212.07000732421875
2023-06-22,212.22999572753906
2023-06-23,210.80999755859375
2023-06-26,212
2023-06-27,216.82000732421875
2023-06-28,216.88999938964844
2023-06-29,220.99000549316406
2023-06-30,224.97999572753906
2023-07-03,219.13999938964844
2023-07-05,218.9199981689453
2023-07-06,218.4499969482422
2023-07-07,217.85000610351563
2023-07-10,223.0500030517578
2023-07-11,224
2023-07-12,226.6999969482422
2023-07-13,228.74000549316406
2023-07-14,229.0800018310547
2023-07-17,228.35000610351563
2023-07-18,226.9499969482422
2023-07-19,227.44000244140625
2023-07-20,230.14999389648438
2023-07-21,232.08999633789063
2023-07-24,232.1699981689453
2023-07-25,233.02000427246094
2023-07-26,231.86000061035156
2023-07-27,229.77999877929688
2023-07-28,230.0399932861328
2023-07-31,225.5500030517578
2023-08-01,224.00999450683594
2023-08-02,227.8000030517578
2023-08-03,225.5
2023-08-04,226.00999450683594
2023-08-07,226.19000244140625
2023-08-08,225.24000549316406
2023-08-09,226.97000122070313
2023-08-10,227.22999572753906
2023-08-11,228
2023-08-14,229.13999938964844
2023-08-15,229.5
2023-08-16,227.27000427246094
2023-08-17,224.0500030517578
2023-08-18,223.8699951171875
2023-08-21,222.75999450683594
2023-08-22,223.3300018310547
2023-08-23,225.52000427246094
2023-08-24,224.57000732421875
2023-08-25,226.39999389648438
2023-08-28,227.8300018310547
2023-08-29,231.3800048828125
2023-08-30,232
2023-08-31,229.58999633789063
2023-09-01,230.8699951171875
2023-09-05,223.63999938964844
2023-09-06,223.7899932861328
2023-09-07,224.4600067138672
2023-09-08,222.75
2023-09-11,228.77999877929688
2023-09-12,226.86000061035156
2023-09-13,230.42999267578125
2023-09-14,229.89999389648438
2023-09-15,229.5
2023-09-18,228.0800018310547
2023-09-19,226.85000610351563
2023-09-20,225.27000427246094
2023-09-21,220.6699981689453
2023-09-22,223.94000244140625
2023-09-25,225.72999572753906
2023-09-26,223.22999572753906
2023-09-27,217.89999389648438
2023-09-28,222.19000244140625
2023-09-29,219.4199981689453
2023-10-02,215.5
2023-10-03,218.27999877929688
2023-10-04,222.55999755859375
2023-10-05,222.4600067138672
2023-10-06,224.22999572753906
2023-10-09,225.80999755859375
2023-10-10,227.52000427246094
2023-10-11,225
2023-10-12,219.69000244140625
2023-10-13,222.32000732421875
2023-10-16,224.0399932861328
2023-10-17,223.0399932861328
2023-10-18,221.94000244140625
2023-10-19,216.89999389648438
2023-10-20,217.0500030517578
2023-10-23,214.77000427246094
2023-10-24,217.2100067138672
2023-10-25,213
2023-10-26,209.39999389648438
2023-10-27,209.38999938964844
2023-10-30,209.10000610351563
2023-10-31,209.97999572753906
2023-11-01,212.9499969482422
2023-11-02,212.85000610351563
2023-11-03,217.22999572753906
2023-11-06,217.5
2023-11-07,218.22999572753906
2023-11-08,206.32000732421875
2023-11-09,200.72999572753906
2023-11-10,199.32000732421875
2023-11-13,202.22999572753906
2023-11-14,205.66000366210938
2023-11-15,203.52999877929688
2023-11-16,203.4199981689453
2023-11-17,200.22999572753906
2023-11-20,199.8000030517578
2023-11-21,201.19000244140625
2023-11-22,202.55999755859375
2023-11-24,203.19000244140625
2023-11-27,201.39999389648438
2023-11-28,197.8300018310547
2023-11-29,197.44000244140625
2023-11-30,200.94000244140625
2023-12-01,203.50999450683594
2023-12-04,199.27000427246094
2023-12-05,198.5500030517578
2023-12-06,199.2899932861328
2023-12-07,201.99000549316406
2023-12-08,200.5
2023-12-11,201.69000244140625
2023-12-12,201.5800018310547
2023-12-13,206.8699951171875
2023-12-14,210.4499969482422
2023-12-15,212.63999938964844
2023-12-18,215.5399932861328
2023-12-19,219.0500030517578
2023-12-20,214.9499969482422
2023-12-21,218.42999267578125
2023-12-22,219.7899932861328
2023-12-26,221.4199981689453
2023-12-27,223.33999633789063
2023-12-28,221.74000549316406
2023-12-29,219.85000610351563
2024-01-02,217.0800018310547
2024-01-03,213.52999877929688
2024-01-04,216
2024-01-05,215.92999267578125
2024-01-08,220.8000030517578
2024-01-09,221.97999572753906
2024-01-10,223.99000549316406
2024-01-11,222.6199951171875
2024-01-12,223.39999389648438
2024-01-16,221.27000427246094
2024-01-17,218.8800048828125
2024-01-18,220.47000122070313
2024-01-19,221.42999267578125
2024-01-22,220.05999755859375
2024-01-23,216.77999877929688
2024-01-24,214.85000610351563
2024-01-25,216.67999267578125
2024-01-26,216.08999633789063
2024-01-29,216.69000244140625
2024-01-30,218.1699981689453
2024-01-31,218.9499969482422
2024-02-01,223.61000061035156
2024-02-02,222.19000244140625
2024-02-05,219.89999389648438
2024-02-06,225.9199981689453
2024-02-07,225.8699951171875
2024-02-08,220.25999450683594
2024-02-09,224.27000427246094
2024-02-12,224.94000244140625
2024-02-13,224.52000427246094
2024-02-14,227.61000061035156
2024-02-15,233.0500030517578
2024-02-16,231.22999572753906
2024-02-20,229.25
2024-02-21,232.85000610351563
2024-02-22,236.02999877929688
2024-02-23,235.85000610351563
2024-02-26,233.7100067138672
2024-02-27,232.52000427246094
2024-02-28,231.33999633789063
2024-02-29,232.91000366210938
2024-03-01,232.77000427246094
2024-03-04,233.27000427246094
2024-03-05,228.3800048828125
2024-03-06,229.0800018310547
2024-03-07,233.02000427246094
2024-03-08,233.6999969482422
2024-03-11,233.83999633789063
2024-03-12,233.80999755859375
2024-03-13,233.7899932861328
2024-03-14,231.55999755859375
2024-03-15,230.0500030517578
2024-03-18,230
2024-03-19,230.13999938964844
2024-03-20,233.27000427246094
2024-03-21,227.08999633789063
2024-03-22,229
2024-03-25,220.6699981689453
2024-03-26,221.52000427246094
2024-03-27,225.52000427246094
2024-03-28,224.82000732421875
2024-04-01,221.02999877929688
2024-04-02,216.27000427246094
2024-04-03,216.64999389648438
2024-04-04,213.39999389648438
2024-04-05,213.47999572753906
2024-04-08,212.64999389648438
2024-04-09,214.72000122070313
2024-04-10,209.2100067138672
2024-04-11,206.27999877929688
2024-04-12,204
2024-04-15,201.2100067138672
2024-04-16,199.00999450683594
2024-04-17,200.24000549316406
2024-04-18,200.80999755859375
2024-04-19,199.50999450683594
2024-04-22,200.89999389648438
2024-04-23,205.99000549316406
2024-04-24,202.8000030517578
2024-04-25,201.5399932861328
2024-04-26,203.89999389648438
2024-04-29,205.4199981689453
2024-04-30,204.55999755859375
2024-05-01,205.0399932861328
2024-05-02,206.24000549316406
2024-05-03,207.82000732421875
2024-05-06,209.52000427246094
2024-05-07,212.8699951171875
2024-05-08,210.08999633789063
2024-05-09,225.99000549316406
2024-05-10,231.3300018310547
2024-05-13,232.55999755859375
2024-05-14,236
2024-05-15,235.4600067138672
2024-05-16,230.72999572753906
2024-05-17,232.69000244140625
2024-05-20,232.75
2024-05-21,230.60000610351563
2024-05-22,230.60000610351563
2024-05-23,226.80999755859375
2024-05-24,229.1699981689453
2024-05-28,223.38999938964844
2024-05-29,223.4199981689453
2024-05-30,223.22000122070313
2024-05-31,222.8800048828125
2024-06-03,228.3699951171875
2024-06-04,228.5
2024-06-05,229.91000366210938
2024-06-06,230.47999572753906
2024-06-07,226.85000610351563
2024-06-10,224.7899932861328
2024-06-11,225.44000244140625
2024-06-12,225.83999633789063
2024-06-13,221.0500030517578
2024-06-14,218.2899932861328
2024-06-17,216.1199951171875
2024-06-18,216.5
2024-06-20,219.30999755859375
2024-06-21,218.1199951171875
2024-06-24,216.55999755859375
2024-06-25,215.42999267578125
2024-06-26,216.08999633789063
2024-06-27,216.44000244140625
2024-06-28,219.5399932861328
2024-07-01,218.5399932861328
2024-07-02,218.33999633789063
2024-07-03,217.3800048828125
2024-07-05,220.0500030517578
2024-07-08,219.8300018310547
2024-07-09,213.50999450683594
2024-07-10,215.39999389648438
2024-07-11,217.83999633789063
2024-07-12,221.72000122070313
2024-07-15,220.5
2024-07-16,227.63999938964844
2024-07-17,228.7100067138672
2024-07-18,225.4499969482422
2024-07-19,224.2899932861328
2024-07-22,228.77000427246094
2024-07-23,231.6999969482422
2024-07-24,231.72000122070313
2024-07-25,227.55999755859375
2024-07-26,232.7899932861328
2024-07-29,236.32000732421875
2024-07-30,237.24000549316406
2024-07-31,238.75999450683594
2024-08-01,241.00999450683594
2024-08-02,242.60000610351563
2024-08-05,237.89999389648438
2024-08-06,239.17999267578125
2024-08-07,233.52999877929688
2024-08-08,239.67999267578125
2024-08-09,235.97999572753906
2024-08-12,233.94000244140625
2024-08-13,233.7899932861328
2024-08-14,232.7899932861328
2024-08-15,230.32000732421875
2024-08-16,232.33999633789063
2024-08-19,233.57000732421875
2024-08-20,233.27000427246094
2024-08-21,234.3800048828125
2024-08-22,234.13999938964844
2024-08-23,236.00999450683594
2024-08-26,235.07000732421875
2024-08-27,236.42999267578125
2024-08-28,237.07000732421875
2024-08-29,237.7100067138672
2024-08-30,241.10000610351563
2024-09-03,243.14999389648438
2024-09-04,240.41000366210938
2024-09-05,239.0500030517578
2024-09-06,239.82000732421875
2024-09-09,245.5
2024-09-10,247.1699981689453
2024-09-11,242.05999755859375
2024-09-12,246.47999572753906
2024-09-13,244.8300018310547
2024-09-16,243.72999572753906
2024-09-17,241.67999267578125
2024-09-18,238.3800048828125
2024-09-19,239.4600067138672
2024-09-20,236.97999572753906
2024-09-23,239.3800048828125
2024-09-24,238.24000549316406
2024-09-25,236.41000366210938
2024-09-26,236.75
2024-09-27,239.0500030517578
2024-09-30,242.5399932861328
2024-10-01,235.77999877929688
2024-10-02,234.72999572753906
2024-10-03,232.86000061035156
2024-10-04,231.02000427246094
2024-10-07,226.02000427246094
2024-10-08,227.22000122070313
2024-10-09,227.14999389648438
2024-10-10,226.16000366210938
2024-10-11,226.89999389648438
2024-10-14,228.2100067138672
2024-10-15,226.6999969482422
2024-10-16,225.99000549316406
2024-10-17,225
2024-10-18,225.64999389648438
2024-10-21,224.3699951171875
2024-10-22,221.5500030517578
2024-10-23,221.14999389648438
2024-10-24,227.24000549316406
2024-10-25,224.1199951171875
2024-10-28,224.00999450683594
2024-10-29,223.8699951171875
2024-10-30,224.38999938964844
2024-10-31,221.85000610351563
2024-11-01,225.17999267578125
2024-11-04,225.82000732421875
2024-11-05,227.44000244140625
2024-11-06,227.52000427246094
2024-11-07,215.5
2024-11-08,219.19000244140625
2024-11-11,221.86000061035156
2024-11-12,222.72999572753906
2024-11-13,222.27000427246094
2024-11-14,221.19000244140625
2024-11-15,220.1199951171875
2024-11-18,217.08999633789063
2024-11-19,212
2024-11-20,212.25
2024-11-21,215.77000427246094
2024-11-22,214.33999633789063
2024-11-25,216.1199951171875
2024-11-26,216.05999755859375
2024-11-27,217.47000122070313
2024-11-29,219.05999755859375
2024-12-02,218.86000061035156
2024-12-03,216.64999389648438
2024-12-04,217.25
2024-12-05,217.42999267578125
2024-12-06,215.88999938964844
2024-12-09,215.6300048828125
2024-12-10,214.22000122070313
2024-12-11,209.6199951171875
2024-12-12,216.41000366210938
2024-12-13,214.22000122070313
2024-12-16,211.02999877929688
2024-12-17,209.50999450683594
2024-12-18,207.00999450683594
2024-12-19,204.33999633789063
2024-12-20,207.49000549316406
2024-12-23,208
2024-12-24,208.67999267578125
2024-12-26,208.72000122070313
2024-12-27,207.97999572753906
2024-12-30,205.0800018310547
2024-12-31,205.55999755859375
2025-01-02,202.4600067138672
2025-01-03,204.1199951171875
2025-01-06,204.00999450683594
2025-01-07,206.49000549316406
2025-01-08,209.42999267578125
2025-01-10,205.74000549316406
2025-01-13,207.3699951171875
2025-01-14,207.57000732421875
2025-01-15,206.66000366210938
2025-01-16,210.14999389648438
2025-01-17,209.6199951171875
2025-01-21,217.07000732421875
2025-01-22,218.5800018310547
2025-01-23,217.1999969482422
2025-01-24,217.00999450683594
2025-01-27,221.82000732421875
2025-01-28,221.05999755859375
2025-01-29,220.27999877929688
2025-01-30,221.6999969482422
2025-01-31,220.64999389648438
2025-02-03,218.33999633789063
2025-02-04,219.39999389648438
2025-02-05,220.8300018310547
2025-02-06,225.44000244140625
2025-02-07,223.22999572753906
2025-02-10,224.30999755859375
2025-02-11,223.36000061035156
2025-02-12,219.11000061035156
2025-02-13,219.22999572753906
2025-02-14,219.33999633789063
2025-02-18,219.66000366210938
2025-02-19,221.38999938964844
2025-02-20,220.7899932861328
2025-02-21,220.55999755859375
2025-02-24,223.67999267578125
2025-02-25,223.7899932861328
2025-02-26,223.0500030517578
2025-02-27,220.07000732421875
2025-02-28,219.25999450683594
2025-03-03,222.72000122070313
2025-03-04,225.80999755859375
2025-03-05,227.42999267578125
2025-03-06,232.25
2025-03-07,232.74000549316406
2025-03-10,231.52999877929688
2025-03-11,228.05999755859375
2025-03-12,224.4499969482422
2025-03-13,222.4499969482422
2025-03-14,226.6300048828125
2025-03-17,227.80999755859375
2025-03-18,228.32000732421875
2025-03-19,225.27000427246094
2025-03-20,225.47000122070313
2025-03-21,220.4199981689453
2025-03-24,223.00999450683594
2025-03-25,221.77999877929688
2025-03-26,223.05999755859375
2025-03-27,224.22999572753906
2025-03-28,223
2025-03-31,226.64999389648438
2025-04-01,225.72000122070313
2025-04-02,227.57000732421875
2025-04-03,221.41000366210938
2025-04-04,212.61000061035156
2025-04-07,212.75999450683594
2025-04-08,208.5500030517578
2025-04-09,222.94000244140625
2025-04-10,217.1199951171875
2025-04-11,221.08999633789063
2025-04-14,224.00999450683594
2025-04-15,221.0399932861328
2025-04-16,220.02000427246094
2025-04-17,222.22999572753906
2025-04-21,218.77999877929688
2025-04-22,222.77000427246094
2025-04-23,223.8699951171875
2025-04-24,226.35000610351563
2025-04-25,225
2025-04-28,225.25999450683594
2025-04-29,224.0399932861328
2025-04-30,224.74000549316406
2025-05-01,222.24000549316406
2025-05-02,224.80999755859375
2025-05-05,224.3000030517578
2025-05-06,222.4499969482422
2025-05-07,225.02000427246094
2025-05-08,225.86000061035156
2025-05-09,226.42999267578125
2025-05-12,233.10000610351563
2025-05-13,231.14999389648438
2025-05-14,227.5
2025-05-15,246.8800048828125
2025-05-16,251.58999633789063
2025-05-19,252.5500030517578
2025-05-20,250.47000122070313
2025-05-21,246.3300018310547
2025-05-22,243.8000030517578
2025-05-23,243
2025-05-27,246.1999969482422
2025-05-28,245
2025-05-29,245
2025-05-30,245.2100067138672
2025-06-02,242.0800018310547
2025-06-03,243.3300018310547
2025-06-04,242.10000610351563
2025-06-05,243.5800018310547
2025-06-06,243.72000122070313
2025-06-09,242.6999969482422
2025-06-10,242.36000061035156
2025-06-11,240.74000549316406
2025-06-12,242.41000366210938
2025-06-13,241.33999633789063
2025-06-16,241.16000366210938
2025-06-17,237.0800018310547
2025-06-18,236.22999572753906
2025-06-20,235.6699981689453
2025-06-23,236.91000366210938
2025-06-24,239.58999633789063
2025-06-25,240.3699951171875
2025-06-26,238.52999877929688
2025-06-27,238.7899932861328
2025-06-30,240.22000122070313
2025-07-01,242.66000366210938
2025-07-02,238.25
2025-07-03,237.5500030517578
2025-07-07,233.32000732421875
2025-07-08,232.57000732421875
2025-07-09,231.27999877929688
2025-07-10,230.72000122070313
2025-07-11,228.02999877929688
2025-07-14,225.7899932861328
2025-07-15,228.83999633789063
2025-07-16,227.6199951171875
2025-07-17,224.58999633789063
2025-07-18,225.5800018310547
2025-07-21,222.64999389648438
2025-07-22,223.69000244140625
2025-07-23,225.47000122070313
2025-07-24,227.25
2025-07-25,230.4600067138672
2025-07-28,226.52999877929688
2025-07-29,228.3699951171875
2025-07-30,229.27000427246094
2025-07-31,226.49000549316406
2025-08-01,226.8699951171875
2025-08-04,228.42999267578125
2025-08-05,223.8699951171875
2025-08-06,221.2100067138672
2025-08-07,236.24000549316406
2025-08-08,242.85000610351563
2025-08-11,241.6199951171875
2025-08-12,243.75999450683594
2025-08-13,247.07000732421875
2025-08-14,246.13999938964844
2025-08-15,245.55999755859375
2025-08-18,244.55999755859375
2025-08-19,247.6199951171875
2025-08-20,249.5500030517578
2025-08-21,247.5
2025-08-22,251.8699951171875
2025-08-25,248.47999572753906
2025-08-26,248.5800018310547
2025-08-27,248.97999572753906
2025-08-28,244.77000427246094
2025-08-29,245.05999755859375
2025-09-02,242.02000427246094
2025-09-03,242.4600067138672
2025-09-04,243.38999938964844
2025-09-05,245.3000030517578
2025-09-08,248.32000732421875
2025-09-09,248.38999938964844
2025-09-10,243.8300018310547
2025-09-11,252.42999267578125
2025-09-12,249.8800048828125
2025-09-15,247.80999755859375
2025-09-16,247.99000549316406
2025-09-17,248.7899932861328
2025-09-18,250.5
2025-09-19,248.77999877929688
2025-09-22,249.7100067138672
2025-09-23,249.22999572753906
2025-09-24,245.99000549316406
2025-09-25,244.19000244140625
2025-09-26,249.0800018310547
2025-09-29,245.3699951171875
2025-09-30,247.44000244140625
2025-10-01,241.3000030517578
2025-10-02,242.39999389648438
2025-10-03,242.5
2025-10-06,240.63999938964844
2025-10-07,241.55999755859375
2025-10-08,242.3300018310547
2025-10-09,239.4199981689453
2025-10-10,235.8300018310547
2025-10-13,235.47999572753906
2025-10-14,237.80999755859375
2025-10-15,236.75999450683594
2025-10-16,240.3000030517578
2025-10-17,240.2100067138672
2025-10-20,242.22000122070313
2025-10-21,242.02999877929688
2025-10-22,242.3699951171875
2025-10-23,241.85000610351563
2025-10-24,240.75999450683594
2025-10-27,240.91000366210938
2025-10-28,241.1999969482422
2025-10-29,236.7899932861328
2025-10-30,236.19000244140625
2025-10-31,235.6999969482422
2025-11-03,237.32000732421875
2025-11-04,241.85000610351563
2025-11-05,243.17999267578125
2025-11-06,260.05999755859375
2025-11-07,263.7699890136719
2025-11-10,264.010009765625
2025-11-11,266.70001220703125
2025-11-12,267.989990234375
2025-11-13,260.44000244140625
2025-11-14,258.4100036621094
2025-11-17,257.010009765625
2025-11-18,257
2025-11-19,254.7100067138672
2025-11-20,256.9800109863281
2025-11-21,263.2900085449219
2025-11-24,263.0799865722656
2025-11-25,267.7900085449219
2025-11-26,266.8500061035156
2025-11-28,266.2799987792969
2025-12-01,262.8900146484375
2025-12-02,259.29998779296875
2025-12-03,259.3999938964844
2025-12-04,261.0199890136719
2025-12-05,263.2799987792969
2025-12-08,261.4100036621094
2025-12-09,257.2699890136719
2025-12-10,258.8399963378906
2025-12-11,252.49000549316406
2025-12-12,251.7899932861328
2025-12-15,254.07000732421875
2025-12-16,253.02999877929688
2025-12-17,251.6699981689453
2025-12-18,251.5500030517578
2025-12-19,254.33999633789063
2025-12-22,255.1300048828125
2025-12-23,255.38999938964844
2025-12-24,255.67999267578125
2025-12-26,255.4199981689453
2025-12-29,256.2200012207031
2025-12-30,255.47000122070313
2025-12-31,253.52000427246094
2026-01-02,250.0399932861328
2026-01-05,256.75
2026-01-06,260.0299987792969
2026-01-07,259.20001220703125
2026-01-08,260.67999267578125
2026-01-09,256.82000732421875
2026-01-12,260.7699890136719
2026-01-13,259.8699951171875
2026-01-14,264.25
2026-01-15,268.260009765625
2026-01-16,268.6499938964844
2026-01-20,257.989990234375
2026-01-21,261.17999267578125
2026-01-22,260.8999938964844
2026-01-23,259.5199890136719
2026-01-26,263.1300048828125
2026-01-27,263.07000732421875
2026-01-28,260.8599853515625
2026-01-29,261.6400146484375
2026-01-30,262.6000061035156
2026-02-02,264.239990234375
2026-02-03,261.6700134277344
2026-02-04,264.2699890136719
2026-02-05,243.80999755859375
2026-02-06,252.16000366210938
2026-02-09,245.39999389648438
2026-02-10,244.6699981689453
2026-02-11,243.47000122070313
2026-02-12,244.22000122070313
2026-02-13,248.35000610351563
2026-02-17,245.41000366210938
2026-02-18,249.35000610351563
2026-02-19,251.17999267578125
2026-02-20,250.64999389648438
2026-02-23,247.11000061035156
2026-02-24,246.74000549316406
2026-02-25,251.6199951171875
2026-02-26,254.6999969482422
2026-02-27,252.35000610351563
2026-03-02,247.77000427246094
2026-03-03,243.35000610351563
2026-03-04,243.07000732421875
2026-03-05,238.50999450683594
2026-03-06,230.50999450683594
2026-03-09,227.72000122070313
2026-03-10,222.0800018310547
2026-03-11,221.5500030517578
2026-03-12,212.35000610351563
2026-03-13,214.57000732421875
2026-03-16,219.0500030517578
2026-03-17,220.1300048828125
2026-03-18,216.22000122070313
2026-03-19,217.9199981689453
2026-03-20,220.02999877929688
2026-03-23,221
2026-03-24,221.72999572753906
2026-03-25,223.3800048828125
2026-03-26,223.42999267578125
2026-03-27,219.39999389648438
2026-03-30,219.3800048828125
