Date,TRV.Close
2020-01-02,137.50999450683594
2020-01-03,137.02000427246094
2020-01-06,137.1699981689453
2020-01-07,135.16000366210938
2020-01-08,136.61000061035156
2020-01-09,137.6199951171875
2020-01-10,135.50999450683594
2020-01-13,136.25999450683594
2020-01-14,136.64999389648438
2020-01-15,137.57000732421875
2020-01-16,138.85000610351563
2020-01-17,140.72999572753906
2020-01-21,140.91000366210938
2020-01-22,141.33999633789063
2020-01-23,134.19000244140625
2020-01-24,134.77999877929688
2020-01-27,133.72999572753906
2020-01-28,134.38999938964844
2020-01-29,133.27000427246094
2020-01-30,134.1999969482422
2020-01-31,131.6199951171875
2020-02-03,133.61000061035156
2020-02-04,132.5800018310547
2020-02-05,136.77999877929688
2020-02-06,136.5
2020-02-07,136.00999450683594
2020-02-10,136.22000122070313
2020-02-11,137.3800048828125
2020-02-12,135.7100067138672
2020-02-13,136.8800048828125
2020-02-14,137.75999450683594
2020-02-18,135.8800048828125
2020-02-19,134.50999450683594
2020-02-20,133.97999572753906
2020-02-21,135.16000366210938
2020-02-24,134.1199951171875
2020-02-25,130.7899932861328
2020-02-26,128.55999755859375
2020-02-27,124.08000183105469
2020-02-28,119.80999755859375
2020-03-02,127.68000030517578
2020-03-03,125.30999755859375
2020-03-04,131.52999877929688
2020-03-05,128.02000427246094
2020-03-06,124.83999633789063
2020-03-09,116.19999694824219
2020-03-10,119.56999969482422
2020-03-11,112.5999984741211
2020-03-12,102.18000030517578
2020-03-13,107.44999694824219
2020-03-16,85.0999984741211
2020-03-17,96.410003662109375
2020-03-18,81.69000244140625
2020-03-19,86.06999969482422
2020-03-20,89.51000213623047
2020-03-23,88.36000061035156
2020-03-24,93.73999786376953
2020-03-25,92.18000030517578
2020-03-26,98.66999816894531
2020-03-27,99.94999694824219
2020-03-30,102.58999633789063
2020-03-31,99.3499984741211
2020-04-01,95.19999694824219
2020-04-02,97.19000244140625
2020-04-03,93.88999938964844
2020-04-06,98.9800033569336
2020-04-07,100.77999877929688
2020-04-08,104.94000244140625
2020-04-09,109.73999786376953
2020-04-13,106.41999816894531
2020-04-14,108.0199966430664
2020-04-15,102.16999816894531
2020-04-16,99.80999755859375
2020-04-17,105.06999969482422
2020-04-20,101.77999877929688
2020-04-21,101.77999877929688
2020-04-22,101.79000091552734
2020-04-23,100.44999694824219
2020-04-24,100.81999969482422
2020-04-27,102.88999938964844
2020-04-28,104.29000091552734
2020-04-29,106
2020-04-30,101.20999908447266
2020-05-01,96.05000305175781
2020-05-04,96.910003662109375
2020-05-05,96.8499984741211
2020-05-06,93.29000091552734
2020-05-07,95.80000305175781
2020-05-08,97.339996337890625
2020-05-11,95.51000213623047
2020-05-12,93.95999908447266
2020-05-13,89.86000061035156
2020-05-14,90.220001220703125
2020-05-15,90.30999755859375
2020-05-18,95.30000305175781
2020-05-19,93.2699966430664
2020-05-20,95.54000091552734
2020-05-21,99.16999816894531
2020-05-22,100.0999984741211
2020-05-26,103.36000061035156
2020-05-27,106.81999969482422
2020-05-28,107.58999633789063
2020-05-29,106.9800033569336
2020-06-01,109.1500015258789
2020-06-02,111
2020-06-03,114.47000122070313
2020-06-04,118
2020-06-05,124.36000061035156
2020-06-08,128
2020-06-09,125.41999816894531
2020-06-10,120.9800033569336
2020-06-11,110.55000305175781
2020-06-12,113.33000183105469
2020-06-15,114.8499984741211
2020-06-16,116.1500015258789
2020-06-17,114.81999969482422
2020-06-18,116.05000305175781
2020-06-19,116.55999755859375
2020-06-22,116.2300033569336
2020-06-23,116.19000244140625
2020-06-24,112.86000061035156
2020-06-25,114.62000274658203
2020-06-26,111
2020-06-29,112.9000015258789
2020-06-30,114.05000305175781
2020-07-01,112.5
2020-07-02,112.45999908447266
2020-07-06,114.56999969482422
2020-07-07,112.4800033569336
2020-07-08,113.18000030517578
2020-07-09,110.04000091552734
2020-07-10,113.83999633789063
2020-07-13,114.23999786376953
2020-07-14,118.55000305175781
2020-07-15,119.13999938964844
2020-07-16,120.5
2020-07-17,119.16000366210938
2020-07-20,118.7699966430664
2020-07-21,120.41999816894531
2020-07-22,122.23999786376953
2020-07-23,118.61000061035156
2020-07-24,118.27999877929688
2020-07-27,116.62999725341797
2020-07-28,115.02999877929688
2020-07-29,116.8499984741211
2020-07-30,115.93000030517578
2020-07-31,114.41999816894531
2020-08-03,114.4000015258789
2020-08-04,113.0999984741211
2020-08-05,115.08000183105469
2020-08-06,113.73999786376953
2020-08-07,117.36000061035156
2020-08-10,119.12000274658203
2020-08-11,119.91999816894531
2020-08-12,118.86000061035156
2020-08-13,119.2699966430664
2020-08-14,118.5999984741211
2020-08-17,115.91000366210938
2020-08-18,114.93000030517578
2020-08-19,113.19999694824219
2020-08-20,112.52999877929688
2020-08-21,111.83000183105469
2020-08-24,114.9000015258789
2020-08-25,115.62000274658203
2020-08-26,113.54000091552734
2020-08-27,117.18000030517578
2020-08-28,115.88999938964844
2020-08-31,116.04000091552734
2020-09-01,114.69000244140625
2020-09-02,117.4800033569336
2020-09-03,115.3499984741211
2020-09-04,116.56999969482422
2020-09-08,113.73999786376953
2020-09-09,113.62999725341797
2020-09-10,111.80000305175781
2020-09-11,113.4000015258789
2020-09-14,114.45999908447266
2020-09-15,112.1500015258789
2020-09-16,113.16999816894531
2020-09-17,112.5999984741211
2020-09-18,111.61000061035156
2020-09-21,109.44999694824219
2020-09-22,109.25
2020-09-23,107.48999786376953
2020-09-24,107.81999969482422
2020-09-25,108.11000061035156
2020-09-28,110.22000122070313
2020-09-29,107.44000244140625
2020-09-30,108.19000244140625
2020-10-01,107.80999755859375
2020-10-02,108.58000183105469
2020-10-05,111.91000366210938
2020-10-06,111.52999877929688
2020-10-07,113.80000305175781
2020-10-08,115.62000274658203
2020-10-09,115.83000183105469
2020-10-12,116.54000091552734
2020-10-13,112.88999938964844
2020-10-14,112.02999877929688
2020-10-15,112.63999938964844
2020-10-16,113.31999969482422
2020-10-19,111.83999633789063
2020-10-20,118.11000061035156
2020-10-21,125
2020-10-22,126.13999938964844
2020-10-23,125.97000122070313
2020-10-26,121.54000091552734
2020-10-27,119.08999633789063
2020-10-28,121.5
2020-10-29,122.45999908447266
2020-10-30,120.70999908447266
2020-11-02,123.91999816894531
2020-11-03,126.33999633789063
2020-11-04,123.4000015258789
2020-11-05,127.51000213623047
2020-11-06,127
2020-11-09,134.27999877929688
2020-11-10,136.36000061035156
2020-11-11,134.9600067138672
2020-11-12,132.39999389648438
2020-11-13,134.6300048828125
2020-11-16,136.2899932861328
2020-11-17,135.0399932861328
2020-11-18,134.3699951171875
2020-11-19,133.8699951171875
2020-11-20,134.5500030517578
2020-11-23,134.6300048828125
2020-11-24,136.38999938964844
2020-11-25,136.02000427246094
2020-11-27,134.44000244140625
2020-11-30,129.64999389648438
2020-12-01,133.41000366210938
2020-12-02,134.0399932861328
2020-12-03,135.08999633789063
2020-12-04,136.16000366210938
2020-12-07,133.89999389648438
2020-12-08,135.25999450683594
2020-12-09,134.91000366210938
2020-12-10,136.7100067138672
2020-12-11,134.9499969482422
2020-12-14,133.99000549316406
2020-12-15,137.25999450683594
2020-12-16,137.44000244140625
2020-12-17,138.02999877929688
2020-12-18,138.86000061035156
2020-12-21,138.14999389648438
2020-12-22,136.47999572753906
2020-12-23,137.9499969482422
2020-12-24,138.49000549316406
2020-12-28,139.19000244140625
2020-12-29,138.35000610351563
2020-12-30,139.0800018310547
2020-12-31,140.3699951171875
2021-01-04,135.64999389648438
2021-01-05,134.52999877929688
2021-01-06,139.10000610351563
2021-01-07,139.07000732421875
2021-01-08,139.64999389648438
2021-01-11,137.42999267578125
2021-01-12,140.4199981689453
2021-01-13,142.25
2021-01-14,142.32000732421875
2021-01-15,143.24000549316406
2021-01-19,143.50999450683594
2021-01-20,145.02000427246094
2021-01-21,148.72000122070313
2021-01-22,145.83999633789063
2021-01-25,146.36000061035156
2021-01-26,143.7100067138672
2021-01-27,139.5
2021-01-28,140
2021-01-29,136.3000030517578
2021-02-01,138.2100067138672
2021-02-02,139.8300018310547
2021-02-03,138.66000366210938
2021-02-04,143.92999267578125
2021-02-05,144.83999633789063
2021-02-08,146.1999969482422
2021-02-09,147.16000366210938
2021-02-10,145.92999267578125
2021-02-11,146.33999633789063
2021-02-12,145.9600067138672
2021-02-16,147.4199981689453
2021-02-17,148.4499969482422
2021-02-18,147.69000244140625
2021-02-19,145.91000366210938
2021-02-22,147.8699951171875
2021-02-23,149.3300018310547
2021-02-24,150.9600067138672
2021-02-25,148
2021-02-26,145.5
2021-03-01,150.38999938964844
2021-03-02,149.1199951171875
2021-03-03,150.7100067138672
2021-03-04,149.02000427246094
2021-03-05,152.36000061035156
2021-03-08,155.75
2021-03-09,153.82000732421875
2021-03-10,155.3800048828125
2021-03-11,155.08999633789063
2021-03-12,157.27000427246094
2021-03-15,157.33999633789063
2021-03-16,156.47000122070313
2021-03-17,157.9199981689453
2021-03-18,156.8300018310547
2021-03-19,149.3000030517578
2021-03-22,147.58999633789063
2021-03-23,147
2021-03-24,149.27999877929688
2021-03-25,152.77999877929688
2021-03-26,153.63999938964844
2021-03-29,153.85000610351563
2021-03-30,154.02999877929688
2021-03-31,150.39999389648438
2021-04-01,150.6199951171875
2021-04-05,152.02999877929688
2021-04-06,151.75
2021-04-07,152.2899932861328
2021-04-08,150.36000061035156
2021-04-09,151.64999389648438
2021-04-12,151.83999633789063
2021-04-13,152.2100067138672
2021-04-14,155.42999267578125
2021-04-15,154.36000061035156
2021-04-16,155.9499969482422
2021-04-19,154.3800048828125
2021-04-20,155.72999572753906
2021-04-21,157.3800048828125
2021-04-22,155.8699951171875
2021-04-23,157.83999633789063
2021-04-26,155.72999572753906
2021-04-27,155.1999969482422
2021-04-28,153.7899932861328
2021-04-29,155.6999969482422
2021-04-30,154.66000366210938
2021-05-03,156.58999633789063
2021-05-04,158.52999877929688
2021-05-05,159.2899932861328
2021-05-06,160.5
2021-05-07,160.80999755859375
2021-05-10,161.6699981689453
2021-05-11,156.69000244140625
2021-05-12,153.75
2021-05-13,157.75999450683594
2021-05-14,160.50999450683594
2021-05-17,160.25
2021-05-18,157.2899932861328
2021-05-19,157
2021-05-20,158.80999755859375
2021-05-21,159.0800018310547
2021-05-24,158.72999572753906
2021-05-25,156.5500030517578
2021-05-26,157.13999938964844
2021-05-27,159.35000610351563
2021-05-28,159.6999969482422
2021-06-01,160.88999938964844
2021-06-02,160.1999969482422
2021-06-03,161
2021-06-04,160
2021-06-07,157.75999450683594
2021-06-08,157.5399932861328
2021-06-09,154.74000549316406
2021-06-10,154.02000427246094
2021-06-11,154.47999572753906
2021-06-14,153.25
2021-06-15,154.6199951171875
2021-06-16,152.7899932861328
2021-06-17,148.8699951171875
2021-06-18,144.75999450683594
2021-06-21,148.64999389648438
2021-06-22,148.3000030517578
2021-06-23,147.89999389648438
2021-06-24,149.97000122070313
2021-06-25,151.72000122070313
2021-06-28,149.4499969482422
2021-06-29,149.52000427246094
2021-06-30,149.7100067138672
2021-07-01,151.8300018310547
2021-07-02,151.22999572753906
2021-07-06,150.83999633789063
2021-07-07,152.19000244140625
2021-07-08,148.52000427246094
2021-07-09,153.3300018310547
2021-07-12,154.08999633789063
2021-07-13,152.99000549316406
2021-07-14,154.52999877929688
2021-07-15,155.5800018310547
2021-07-16,156.38999938964844
2021-07-19,151.25999450683594
2021-07-20,151.08999633789063
2021-07-21,151.83999633789063
2021-07-22,147.75999450683594
2021-07-23,147.8699951171875
2021-07-26,148.82000732421875
2021-07-27,149.3800048828125
2021-07-28,146.82000732421875
2021-07-29,148.8800048828125
2021-07-30,148.9199981689453
2021-08-02,148.9499969482422
2021-08-03,150.38999938964844
2021-08-04,149.52000427246094
2021-08-05,150.5800018310547
2021-08-06,152.82000732421875
2021-08-09,153.3699951171875
2021-08-10,154.22000122070313
2021-08-11,156.2100067138672
2021-08-12,156.49000549316406
2021-08-13,156.30999755859375
2021-08-16,157.74000549316406
2021-08-17,158.89999389648438
2021-08-18,158.72000122070313
2021-08-19,159.47999572753906
2021-08-20,160.83999633789063
2021-08-23,159.89999389648438
2021-08-24,160.63999938964844
2021-08-25,162.5800018310547
2021-08-26,159.97000122070313
2021-08-27,162.08999633789063
2021-08-30,159.44000244140625
2021-08-31,159.7100067138672
2021-09-01,159.27999877929688
2021-09-02,159.97000122070313
2021-09-03,159.1699981689453
2021-09-07,157.8000030517578
2021-09-08,158.74000549316406
2021-09-09,157.9600067138672
2021-09-10,156.36000061035156
2021-09-13,158.89999389648438
2021-09-14,156.35000610351563
2021-09-15,157.5800018310547
2021-09-16,156.6699981689453
2021-09-17,156.2899932861328
2021-09-20,152.66000366210938
2021-09-21,152.97000122070313
2021-09-22,154.3800048828125
2021-09-23,156.02000427246094
2021-09-24,156.4600067138672
2021-09-27,156.2899932861328
2021-09-28,153.49000549316406
2021-09-29,154.8800048828125
2021-09-30,152.00999450683594
2021-10-01,152.4199981689453
2021-10-04,151.3800048828125
2021-10-05,153.60000610351563
2021-10-06,155.08999633789063
2021-10-07,157.24000549316406
2021-10-08,157.3300018310547
2021-10-11,156.22999572753906
2021-10-12,156.47999572753906
2021-10-13,156.38999938964844
2021-10-14,156.69000244140625
2021-10-15,155.63999938964844
2021-10-18,152.8800048828125
2021-10-19,155.38999938964844
2021-10-20,158.69000244140625
2021-10-21,160.19000244140625
2021-10-22,162.3699951171875
2021-10-25,161.5800018310547
2021-10-26,160.42999267578125
2021-10-27,159.77999877929688
2021-10-28,161.57000732421875
2021-10-29,160.8800048828125
2021-11-01,160.11000061035156
2021-11-02,158.82000732421875
2021-11-03,160.25
2021-11-04,156.5
2021-11-05,159.60000610351563
2021-11-08,158.6999969482422
2021-11-09,157.39999389648438
2021-11-10,158.22000122070313
2021-11-11,157.8300018310547
2021-11-12,157.4199981689453
2021-11-15,158.05999755859375
2021-11-16,158.99000549316406
2021-11-17,156.4199981689453
2021-11-18,156.02999877929688
2021-11-19,152.52999877929688
2021-11-22,156.8699951171875
2021-11-23,160.25999450683594
2021-11-24,158.97000122070313
2021-11-26,153.66000366210938
2021-11-29,152.39999389648438
2021-11-30,146.9499969482422
2021-12-01,145.47999572753906
2021-12-02,150.16000366210938
2021-12-03,149.16000366210938
2021-12-06,151.82000732421875
2021-12-07,153.08999633789063
2021-12-08,153.67999267578125
2021-12-09,153.49000549316406
2021-12-10,154.25
2021-12-13,153.17999267578125
2021-12-14,156.72999572753906
2021-12-15,158.3699951171875
2021-12-16,162.02000427246094
2021-12-17,158.19000244140625
2021-12-20,153.52999877929688
2021-12-21,155.52000427246094
2021-12-22,154.69000244140625
2021-12-23,154.64999389648438
2021-12-27,156.0399932861328
2021-12-28,157.1199951171875
2021-12-29,157.5
2021-12-30,156.80999755859375
2021-12-31,156.42999267578125
2022-01-03,155.75
2022-01-04,159
2022-01-05,159.77000427246094
2022-01-06,162.3300018310547
2022-01-07,166.24000549316406
2022-01-10,164.05999755859375
2022-01-11,163.16000366210938
2022-01-12,162.97000122070313
2022-01-13,163.0500030517578
2022-01-14,163.2100067138672
2022-01-18,163.57000732421875
2022-01-19,160.07000732421875
2022-01-20,165.17999267578125
2022-01-21,162.61000061035156
2022-01-24,168.8300018310547
2022-01-25,168.60000610351563
2022-01-26,167.86000061035156
2022-01-27,165.66000366210938
2022-01-28,166.82000732421875
2022-01-31,166.17999267578125
2022-02-01,167.99000549316406
2022-02-02,172.72000122070313
2022-02-03,172.07000732421875
2022-02-04,171.89999389648438
2022-02-07,171.3300018310547
2022-02-08,172.5
2022-02-09,172.72999572753906
2022-02-10,172.42999267578125
2022-02-11,171.75999450683594
2022-02-14,170.77000427246094
2022-02-15,171.60000610351563
2022-02-16,172.27000427246094
2022-02-17,170.58999633789063
2022-02-18,170.6300048828125
2022-02-22,171.0800018310547
2022-02-23,170.13999938964844
2022-02-24,166.5
2022-02-25,173.44000244140625
2022-02-28,171.8300018310547
2022-03-01,167.82000732421875
2022-03-02,173.67999267578125
2022-03-03,173.60000610351563
2022-03-04,173.39999389648438
2022-03-07,169.7899932861328
2022-03-08,168.4499969482422
2022-03-09,171.3699951171875
2022-03-10,171.88999938964844
2022-03-11,173.72999572753906
2022-03-14,177.17999267578125
2022-03-15,180.19000244140625
2022-03-16,179.2899932861328
2022-03-17,181.02999877929688
2022-03-18,180.30999755859375
2022-03-21,182.5399932861328
2022-03-22,182.6999969482422
2022-03-23,181.6199951171875
2022-03-24,184.22000122070313
2022-03-25,187.75
2022-03-28,186.75999450683594
2022-03-29,183.80999755859375
2022-03-30,185.5500030517578
2022-03-31,182.72999572753906
2022-04-01,185.25
2022-04-04,181.82000732421875
2022-04-05,181.38999938964844
2022-04-06,182.5800018310547
2022-04-07,182.08999633789063
2022-04-08,184.86000061035156
2022-04-11,185.63999938964844
2022-04-12,184.94000244140625
2022-04-13,183.7100067138672
2022-04-14,184.24000549316406
2022-04-18,185.22000122070313
2022-04-19,176.16000366210938
2022-04-20,177.7100067138672
2022-04-21,176.25999450683594
2022-04-22,173.11000061035156
2022-04-25,174.44000244140625
2022-04-26,172.66000366210938
2022-04-27,173.5500030517578
2022-04-28,174.5
2022-04-29,171.05999755859375
2022-05-02,170.08999633789063
2022-05-03,171.75999450683594
2022-05-04,175.4499969482422
2022-05-05,172.00999450683594
2022-05-06,171.63999938964844
2022-05-09,171.9199981689453
2022-05-10,172.99000549316406
2022-05-11,172.3800048828125
2022-05-12,173.3699951171875
2022-05-13,172.77999877929688
2022-05-16,174.5
2022-05-17,177.38999938964844
2022-05-18,174.32000732421875
2022-05-19,169.3000030517578
2022-05-20,168.24000549316406
2022-05-23,172.10000610351563
2022-05-24,173.91000366210938
2022-05-25,173.58999633789063
2022-05-26,174.8699951171875
2022-05-27,177.8300018310547
2022-05-31,179.0399932861328
2022-06-01,176.2899932861328
2022-06-02,178.05999755859375
2022-06-03,174.19000244140625
2022-06-06,176.97999572753906
2022-06-07,178.63999938964844
2022-06-08,175.97000122070313
2022-06-09,171.52999877929688
2022-06-10,169.3000030517578
2022-06-13,167.7100067138672
2022-06-14,166.30999755859375
2022-06-15,165.5399932861328
2022-06-16,161.3800048828125
2022-06-17,161.8800048828125
2022-06-21,162.6300048828125
2022-06-22,163.14999389648438
2022-06-23,159.77000427246094
2022-06-24,166.72000122070313
2022-06-27,167.49000549316406
2022-06-28,167.47000122070313
2022-06-29,165.8000030517578
2022-06-30,169.1300048828125
2022-07-01,171.17999267578125
2022-07-05,167.1999969482422
2022-07-06,169.89999389648438
2022-07-07,169.6300048828125
2022-07-08,169
2022-07-11,168.52000427246094
2022-07-12,165.27999877929688
2022-07-13,163.32000732421875
2022-07-14,155.67999267578125
2022-07-15,156.17999267578125
2022-07-18,154.99000549316406
2022-07-19,158.35000610351563
2022-07-20,158.1999969482422
2022-07-21,156.8300018310547
2022-07-22,156.4199981689453
2022-07-25,159.97999572753906
2022-07-26,160.86000061035156
2022-07-27,158.9600067138672
2022-07-28,155.74000549316406
2022-07-29,158.6999969482422
2022-08-01,156.27000427246094
2022-08-02,156.7100067138672
2022-08-03,158.1199951171875
2022-08-04,157.6999969482422
2022-08-05,158.9600067138672
2022-08-08,159.97999572753906
2022-08-09,162.9199981689453
2022-08-10,165.00999450683594
2022-08-11,168.80999755859375
2022-08-12,171.55999755859375
2022-08-15,172.16000366210938
2022-08-16,173.52000427246094
2022-08-17,173.9600067138672
2022-08-18,174.11000061035156
2022-08-19,172.63999938964844
2022-08-22,169.13999938964844
2022-08-23,168.2899932861328
2022-08-24,168.49000549316406
2022-08-25,168.97999572753906
2022-08-26,166.83999633789063
2022-08-29,165.36000061035156
2022-08-30,163.4600067138672
2022-08-31,161.63999938964844
2022-09-01,163.3000030517578
2022-09-02,162.6999969482422
2022-09-06,161.8800048828125
2022-09-07,164.02000427246094
2022-09-08,164.50999450683594
2022-09-09,164.14999389648438
2022-09-12,165.3300018310547
2022-09-13,162.22000122070313
2022-09-14,163.24000549316406
2022-09-15,164.16000366210938
2022-09-16,162.3300018310547
2022-09-19,164.2899932861328
2022-09-20,160.9499969482422
2022-09-21,157.05999755859375
2022-09-22,157
2022-09-23,155.47999572753906
2022-09-26,150.60000610351563
2022-09-27,151.24000549316406
2022-09-28,152.9199981689453
2022-09-29,154.67999267578125
2022-09-30,153.1999969482422
2022-10-03,157.07000732421875
2022-10-04,161.47000122070313
2022-10-05,160.5399932861328
2022-10-06,159.19000244140625
2022-10-07,156.8800048828125
2022-10-10,157.47999572753906
2022-10-11,159.4600067138672
2022-10-12,159.16000366210938
2022-10-13,165.50999450683594
2022-10-14,163.3000030517578
2022-10-17,164.8000030517578
2022-10-18,166.77000427246094
2022-10-19,174.1699981689453
2022-10-20,170.8699951171875
2022-10-21,176.22999572753906
2022-10-24,179.7899932861328
2022-10-25,176.08999633789063
2022-10-26,176.39999389648438
2022-10-27,177.60000610351563
2022-10-28,181.9600067138672
2022-10-31,184.4600067138672
2022-11-01,182.77999877929688
2022-11-02,182.30999755859375
2022-11-03,181.82000732421875
2022-11-04,183.05999755859375
2022-11-07,184.1300048828125
2022-11-08,184.89999389648438
2022-11-09,182.14999389648438
2022-11-10,183.3000030517578
2022-11-11,181.72999572753906
2022-11-14,182.6999969482422
2022-11-15,179.5
2022-11-16,181.13999938964844
2022-11-17,182.92999267578125
2022-11-18,184.55999755859375
2022-11-21,185.5500030517578
2022-11-22,187.1300048828125
2022-11-23,188.00999450683594
2022-11-25,188.91000366210938
2022-11-28,186.32000732421875
2022-11-29,187.2100067138672
2022-11-30,189.80999755859375
2022-12-01,189.13999938964844
2022-12-02,189.5399932861328
2022-12-05,187.2100067138672
2022-12-06,188.5
2022-12-07,188.0500030517578
2022-12-08,187.72000122070313
2022-12-09,185.64999389648438
2022-12-12,187.11000061035156
2022-12-13,187.0500030517578
2022-12-14,186.63999938964844
2022-12-15,183.57000732421875
2022-12-16,182.8000030517578
2022-12-19,183.50999450683594
2022-12-20,185.7899932861328
2022-12-21,189.4199981689453
2022-12-22,187.1999969482422
2022-12-23,189.47999572753906
2022-12-27,190.47999572753906
2022-12-28,188.1300048828125
2022-12-29,189.44000244140625
2022-12-30,187.49000549316406
2023-01-03,187.1199951171875
2023-01-04,187.22999572753906
2023-01-05,187.5500030517578
2023-01-06,193.8699951171875
2023-01-09,189.1199951171875
2023-01-10,191.22000122070313
2023-01-11,191.6300048828125
2023-01-12,191.99000549316406
2023-01-13,193.9199981689453
2023-01-17,185
2023-01-18,183.6300048828125
2023-01-19,184.0399932861328
2023-01-20,185.3300018310547
2023-01-23,186.36000061035156
2023-01-24,193.25
2023-01-25,190.74000549316406
2023-01-26,192.11000061035156
2023-01-27,188.75999450683594
2023-01-30,187.91000366210938
2023-01-31,191.1199951171875
2023-02-01,185.22999572753906
2023-02-02,181.75
2023-02-03,182.75999450683594
2023-02-06,185.99000549316406
2023-02-07,189.00999450683594
2023-02-08,187.38999938964844
2023-02-09,185.36000061035156
2023-02-10,186.75
2023-02-13,187.60000610351563
2023-02-14,184.1300048828125
2023-02-15,185.22000122070313
2023-02-16,183.05999755859375
2023-02-17,185.75
2023-02-21,185.25
2023-02-22,186.1199951171875
2023-02-23,185.47000122070313
2023-02-24,185.3300018310547
2023-02-27,185.3300018310547
2023-02-28,185.1199951171875
2023-03-01,184.0500030517578
2023-03-02,183.19000244140625
2023-03-03,183.58999633789063
2023-03-06,183.35000610351563
2023-03-07,180.3699951171875
2023-03-08,177.77000427246094
2023-03-09,173.9199981689453
2023-03-10,175.67999267578125
2023-03-13,172.22000122070313
2023-03-14,171.75999450683594
2023-03-15,166.49000549316406
2023-03-16,172.2100067138672
2023-03-17,165.02999877929688
2023-03-20,168.7100067138672
2023-03-21,171.75
2023-03-22,166.6300048828125
2023-03-23,163.86000061035156
2023-03-24,164.91000366210938
2023-03-27,166.35000610351563
2023-03-28,165.8800048828125
2023-03-29,169.86000061035156
2023-03-30,170.82000732421875
2023-03-31,171.41000366210938
2023-04-03,172.2899932861328
2023-04-04,168.6300048828125
2023-04-05,170.30999755859375
2023-04-06,171.27000427246094
2023-04-10,172.64999389648438
2023-04-11,173.5500030517578
2023-04-12,173.83999633789063
2023-04-13,173.1999969482422
2023-04-14,168.3699951171875
2023-04-17,171.27999877929688
2023-04-18,172
2023-04-19,182.57000732421875
2023-04-20,179.25999450683594
2023-04-21,179.5
2023-04-24,179.1300048828125
2023-04-25,177.32000732421875
2023-04-26,176.61000061035156
2023-04-27,180.25
2023-04-28,181.13999938964844
2023-05-01,181.75999450683594
2023-05-02,180.52999877929688
2023-05-03,179.14999389648438
2023-05-04,179.13999938964844
2023-05-05,182.3000030517578
2023-05-08,182.57000732421875
2023-05-09,183.75
2023-05-10,183.16000366210938
2023-05-11,182.80999755859375
2023-05-12,182.08999633789063
2023-05-15,182.80999755859375
2023-05-16,181.50999450683594
2023-05-17,181.67999267578125
2023-05-18,183.33999633789063
2023-05-19,183.72000122070313
2023-05-22,181.10000610351563
2023-05-23,179.30999755859375
2023-05-24,175.99000549316406
2023-05-25,173.6699981689453
2023-05-26,172.2899932861328
2023-05-30,173.2899932861328
2023-05-31,169.24000549316406
2023-06-01,171.3000030517578
2023-06-02,175.1300048828125
2023-06-05,174.3699951171875
2023-06-06,174.9499969482422
2023-06-07,175.77999877929688
2023-06-08,174.91000366210938
2023-06-09,175.60000610351563
2023-06-12,174.77000427246094
2023-06-13,176.1199951171875
2023-06-14,173.5500030517578
2023-06-15,175.97000122070313
2023-06-16,176.75
2023-06-20,175.55999755859375
2023-06-21,175.2899932861328
2023-06-22,175.00999450683594
2023-06-23,173.72000122070313
2023-06-26,172.38999938964844
2023-06-27,172.58999633789063
2023-06-28,168.3699951171875
2023-06-29,170.99000549316406
2023-06-30,173.66000366210938
2023-07-03,173.08999633789063
2023-07-05,172.58999633789063
2023-07-06,170.91000366210938
2023-07-07,171.64999389648438
2023-07-10,169.07000732421875
2023-07-11,172.36000061035156
2023-07-12,171.1199951171875
2023-07-13,168.22000122070313
2023-07-14,165.9499969482422
2023-07-17,168.58999633789063
2023-07-18,171.02000427246094
2023-07-19,170.55999755859375
2023-07-20,173.6300048828125
2023-07-21,172.82000732421875
2023-07-24,174.83999633789063
2023-07-25,172.1199951171875
2023-07-26,174.16000366210938
2023-07-27,174.8699951171875
2023-07-28,173.25999450683594
2023-07-31,172.61000061035156
2023-08-01,172.30999755859375
2023-08-02,171.10000610351563
2023-08-03,169.39999389648438
2023-08-04,168.64999389648438
2023-08-07,170.1199951171875
2023-08-08,167.8800048828125
2023-08-09,167.2899932861328
2023-08-10,166.94000244140625
2023-08-11,166.86000061035156
2023-08-14,166.27000427246094
2023-08-15,163.47999572753906
2023-08-16,165.3699951171875
2023-08-17,163.41000366210938
2023-08-18,162.47000122070313
2023-08-21,161.60000610351563
2023-08-22,159.94000244140625
2023-08-23,160.92999267578125
2023-08-24,161.83999633789063
2023-08-25,161.63999938964844
2023-08-28,160.8300018310547
2023-08-29,161.27999877929688
2023-08-30,161.32000732421875
2023-08-31,161.22999572753906
2023-09-01,162.3000030517578
2023-09-05,160.38999938964844
2023-09-06,160.61000061035156
2023-09-07,160.6699981689453
2023-09-08,159.88999938964844
2023-09-11,161.1300048828125
2023-09-12,162.77000427246094
2023-09-13,163.1300048828125
2023-09-14,165.9600067138672
2023-09-15,164.8000030517578
2023-09-18,166.85000610351563
2023-09-19,167.19000244140625
2023-09-20,168.94000244140625
2023-09-21,168.61000061035156
2023-09-22,167.83999633789063
2023-09-25,167.83999633789063
2023-09-26,167.9600067138672
2023-09-27,167.9199981689453
2023-09-28,167.6199951171875
2023-09-29,163.30999755859375
2023-10-02,162.27000427246094
2023-10-03,160.9199981689453
2023-10-04,162.5
2023-10-05,163.8800048828125
2023-10-06,162.9499969482422
2023-10-09,163.25999450683594
2023-10-10,162.22999572753906
2023-10-11,162.41000366210938
2023-10-12,160.72999572753906
2023-10-13,164.2100067138672
2023-10-16,167.64999389648438
2023-10-17,169.36000061035156
2023-10-18,168.11000061035156
2023-10-19,163.94000244140625
2023-10-20,161.58999633789063
2023-10-23,159.19000244140625
2023-10-24,157.9199981689453
2023-10-25,164.72999572753906
2023-10-26,164.4600067138672
2023-10-27,160.67999267578125
2023-10-30,165.50999450683594
2023-10-31,167.44000244140625
2023-11-01,169.27999877929688
2023-11-02,168.9499969482422
2023-11-03,168.41000366210938
2023-11-06,169.5500030517578
2023-11-07,169.99000549316406
2023-11-08,168.55999755859375
2023-11-09,168.58999633789063
2023-11-10,169.9600067138672
2023-11-13,171
2023-11-14,168.6999969482422
2023-11-15,169.5399932861328
2023-11-16,171.69000244140625
2023-11-17,171.82000732421875
2023-11-20,172.10000610351563
2023-11-21,175.05999755859375
2023-11-22,176.0800018310547
2023-11-24,177.5399932861328
2023-11-27,178.61000061035156
2023-11-28,176.83999633789063
2023-11-29,177.44000244140625
2023-11-30,180.6199951171875
2023-12-01,181.97999572753906
2023-12-04,183.19000244140625
2023-12-05,183.66000366210938
2023-12-06,183.1300048828125
2023-12-07,181.91000366210938
2023-12-08,181.25999450683594
2023-12-11,182.35000610351563
2023-12-12,183.66000366210938
2023-12-13,185.22000122070313
2023-12-14,182.77000427246094
2023-12-15,182.80999755859375
2023-12-18,183.41000366210938
2023-12-19,186.17999267578125
2023-12-20,183.83999633789063
2023-12-21,185.57000732421875
2023-12-22,185.8000030517578
2023-12-26,187.08999633789063
2023-12-27,188.6199951171875
2023-12-28,189.3300018310547
2023-12-29,190.49000549316406
2024-01-02,191.4199981689453
2024-01-03,191.3000030517578
2024-01-04,192.5399932861328
2024-01-05,193.07000732421875
2024-01-08,192.30999755859375
2024-01-09,192.1999969482422
2024-01-10,193.08999633789063
2024-01-11,194.8699951171875
2024-01-12,195.55999755859375
2024-01-16,196.7100067138672
2024-01-17,197.5
2024-01-18,198.35000610351563
2024-01-19,211.6699981689453
2024-01-22,213.86000061035156
2024-01-23,210.97999572753906
2024-01-24,210.97999572753906
2024-01-25,211.52000427246094
2024-01-26,211.42999267578125
2024-01-29,211.1199951171875
2024-01-30,213.5399932861328
2024-01-31,211.36000061035156
2024-02-01,212.02000427246094
2024-02-02,214.82000732421875
2024-02-05,213.0800018310547
2024-02-06,213.00999450683594
2024-02-07,214.22000122070313
2024-02-08,213.80999755859375
2024-02-09,214.5
2024-02-12,214.69000244140625
2024-02-13,215.9499969482422
2024-02-14,216.6199951171875
2024-02-15,219.02000427246094
2024-02-16,217.52999877929688
2024-02-20,220.10000610351563
2024-02-21,219.47999572753906
2024-02-22,222.3000030517578
2024-02-23,220.9600067138672
2024-02-26,220.0800018310547
2024-02-27,221.8800048828125
2024-02-28,220.4199981689453
2024-02-29,220.9600067138672
2024-03-01,218.82000732421875
2024-03-04,219.07000732421875
2024-03-05,219.1300048828125
2024-03-06,220.6199951171875
2024-03-07,219.39999389648438
2024-03-08,218.4499969482422
2024-03-11,219.02000427246094
2024-03-12,220.4600067138672
2024-03-13,223.49000549316406
2024-03-14,221.4199981689453
2024-03-15,220.92999267578125
2024-03-18,221.9199981689453
2024-03-19,223.6300048828125
2024-03-20,224.99000549316406
2024-03-21,226.1300048828125
2024-03-22,224.4499969482422
2024-03-25,225.52999877929688
2024-03-26,225.3300018310547
2024-03-27,228.8300018310547
2024-03-28,230.13999938964844
2024-04-01,228.16000366210938
2024-04-02,227.85000610351563
2024-04-03,229.05999755859375
2024-04-04,228.5
2024-04-05,230.88999938964844
2024-04-08,230.58999633789063
2024-04-09,223.83999633789063
2024-04-10,224.3800048828125
2024-04-11,220.39999389648438
2024-04-12,221.10000610351563
2024-04-15,221.05999755859375
2024-04-16,223.1199951171875
2024-04-17,206.5800018310547
2024-04-18,210.4199981689453
2024-04-19,214.07000732421875
2024-04-22,214.27000427246094
2024-04-23,214.32000732421875
2024-04-24,213.42999267578125
2024-04-25,213.99000549316406
2024-04-26,213.4499969482422
2024-04-29,212.89999389648438
2024-04-30,212.16000366210938
2024-05-01,213.14999389648438
2024-05-02,214.3699951171875
2024-05-03,213.85000610351563
2024-05-06,215.91000366210938
2024-05-07,216.97000122070313
2024-05-08,217.33999633789063
2024-05-09,219.4199981689453
2024-05-10,218.5
2024-05-13,216.5800018310547
2024-05-14,217.58999633789063
2024-05-15,214.35000610351563
2024-05-16,219.22000122070313
2024-05-17,219.7100067138672
2024-05-20,215.60000610351563
2024-05-21,216.25
2024-05-22,216.5399932861328
2024-05-23,212.24000549316406
2024-05-24,213.3300018310547
2024-05-28,210.3699951171875
2024-05-29,210.07000732421875
2024-05-30,212.49000549316406
2024-05-31,215.6999969482422
2024-06-03,210.33999633789063
2024-06-04,209.63999938964844
2024-06-05,208.41000366210938
2024-06-06,209.7100067138672
2024-06-07,212.9499969482422
2024-06-10,213
2024-06-11,209.41000366210938
2024-06-12,207.25999450683594
2024-06-13,207.07000732421875
2024-06-14,205.85000610351563
2024-06-17,208.1300048828125
2024-06-18,208.50999450683594
2024-06-20,211.97000122070313
2024-06-21,209.8000030517578
2024-06-24,211.08999633789063
2024-06-25,208.72000122070313
2024-06-26,205.74000549316406
2024-06-27,206.9499969482422
2024-06-28,203.33999633789063
2024-07-01,202.97000122070313
2024-07-02,203.66000366210938
2024-07-03,203.69000244140625
2024-07-05,201.8699951171875
2024-07-08,204.22999572753906
2024-07-09,203.13999938964844
2024-07-10,207.19000244140625
2024-07-11,208.9499969482422
2024-07-12,211.60000610351563
2024-07-15,213.39999389648438
2024-07-16,217.7899932861328
2024-07-17,220.8000030517578
2024-07-18,220.60000610351563
2024-07-19,203.47999572753906
2024-07-22,205.4199981689453
2024-07-23,208.52999877929688
2024-07-24,207.72999572753906
2024-07-25,209.22999572753906
2024-07-26,213.85000610351563
2024-07-29,213.92999267578125
2024-07-30,220.4199981689453
2024-07-31,216.44000244140625
2024-08-01,212.0500030517578
2024-08-02,214.52999877929688
2024-08-05,208.61000061035156
2024-08-06,208.27999877929688
2024-08-07,209.3699951171875
2024-08-08,211.67999267578125
2024-08-09,212.47999572753906
2024-08-12,209.72999572753906
2024-08-13,210.8800048828125
2024-08-14,214.08999633789063
2024-08-15,216.42999267578125
2024-08-16,216.57000732421875
2024-08-19,218.9499969482422
2024-08-20,217.02000427246094
2024-08-21,216.9199981689453
2024-08-22,217.86000061035156
2024-08-23,221.82000732421875
2024-08-26,222.77999877929688
2024-08-27,223.63999938964844
2024-08-28,224.39999389648438
2024-08-29,226.3300018310547
2024-08-30,228.07000732421875
2024-09-03,227.8699951171875
2024-09-04,231.4199981689453
2024-09-05,231.85000610351563
2024-09-06,234.4600067138672
2024-09-09,241.10000610351563
2024-09-10,238.85000610351563
2024-09-11,231.3000030517578
2024-09-12,234.11000061035156
2024-09-13,237.8300018310547
2024-09-16,242.25999450683594
2024-09-17,241.5399932861328
2024-09-18,239.75
2024-09-19,237.5800018310547
2024-09-20,238.52999877929688
2024-09-23,239.35000610351563
2024-09-24,237.97999572753906
2024-09-25,236.32000732421875
2024-09-26,236.0500030517578
2024-09-27,236.11000061035156
2024-09-30,234.1199951171875
2024-10-01,235.1199951171875
2024-10-02,235.05999755859375
2024-10-03,233.3000030517578
2024-10-04,236.2100067138672
2024-10-07,225.97000122070313
2024-10-08,230.33999633789063
2024-10-09,231.47000122070313
2024-10-10,233.1999969482422
2024-10-11,236.5800018310547
2024-10-14,240.1199951171875
2024-10-15,240.8800048828125
2024-10-16,242.9499969482422
2024-10-17,264.82000732421875
2024-10-18,265.45001220703125
2024-10-21,259.70001220703125
2024-10-22,259.2200012207031
2024-10-23,257.3500061035156
2024-10-24,256.4200134277344
2024-10-25,250.5
2024-10-28,252.3699951171875
2024-10-29,248.6699981689453
2024-10-30,250.08999633789063
2024-10-31,245.94000244140625
2024-11-01,245.63999938964844
2024-11-04,242.80999755859375
2024-11-05,244.83999633789063
2024-11-06,253.9499969482422
2024-11-07,252.27999877929688
2024-11-08,256.8900146484375
2024-11-11,258.3599853515625
2024-11-12,257.989990234375
2024-11-13,256.6700134277344
2024-11-14,256.5199890136719
2024-11-15,260.82000732421875
2024-11-18,262.69000244140625
2024-11-19,259.2699890136719
2024-11-20,257.19000244140625
2024-11-21,260.80999755859375
2024-11-22,262.4700012207031
2024-11-25,261.2200012207031
2024-11-26,263.7699890136719
2024-11-27,266.6600036621094
2024-11-29,266.0400085449219
2024-12-02,263.510009765625
2024-12-03,260.5899963378906
2024-12-04,261.7799987792969
2024-12-05,263.260009765625
2024-12-06,261.1499938964844
2024-12-09,251.9199981689453
2024-12-10,247.64999389648438
2024-12-11,245.13999938964844
2024-12-12,243.8800048828125
2024-12-13,246.3000030517578
2024-12-16,246.27000427246094
2024-12-17,243.63999938964844
2024-12-18,236.02999877929688
2024-12-19,237.7100067138672
2024-12-20,240.75999450683594
2024-12-23,241.36000061035156
2024-12-24,242.8800048828125
2024-12-26,243.72999572753906
2024-12-27,241.41000366210938
2024-12-30,239.8699951171875
2024-12-31,240.88999938964844
2025-01-02,240.88999938964844
2025-01-03,242.2899932861328
2025-01-06,241.8800048828125
2025-01-07,241.67999267578125
2025-01-08,242.77000427246094
2025-01-10,232.42999267578125
2025-01-13,233.3300018310547
2025-01-14,236.92999267578125
2025-01-15,239.97999572753906
2025-01-16,242.3699951171875
2025-01-17,239.52000427246094
2025-01-21,239.16000366210938
2025-01-22,246.72000122070313
2025-01-23,241.50999450683594
2025-01-24,241.86000061035156
2025-01-27,251.00999450683594
2025-01-28,248.42999267578125
2025-01-29,249.52000427246094
2025-01-30,249.08999633789063
2025-01-31,245.17999267578125
2025-02-03,244.60000610351563
2025-02-04,244.05999755859375
2025-02-05,246.33999633789063
2025-02-06,247.63999938964844
2025-02-07,245.19000244140625
2025-02-10,242.4199981689453
2025-02-11,242.35000610351563
2025-02-12,240.66000366210938
2025-02-13,243.00999450683594
2025-02-14,238.3000030517578
2025-02-18,238.39999389648438
2025-02-19,242.35000610351563
2025-02-20,241.24000549316406
2025-02-21,240.02999877929688
2025-02-24,248.24000549316406
2025-02-25,252.50999450683594
2025-02-26,248.85000610351563
2025-02-27,254.7899932861328
2025-02-28,258.489990234375
2025-03-03,260.8399963378906
2025-03-04,255.6999969482422
2025-03-05,258.0299987792969
2025-03-06,256.0199890136719
2025-03-07,257.70001220703125
2025-03-10,256.6099853515625
2025-03-11,254.55999755859375
2025-03-12,251.99000549316406
2025-03-13,255.94000244140625
2025-03-14,260.9100036621094
2025-03-17,265.1300048828125
2025-03-18,260.5
2025-03-19,261.32000732421875
2025-03-20,259.5400085449219
2025-03-21,256.70001220703125
2025-03-24,259.44000244140625
2025-03-25,259.45001220703125
2025-03-26,262.260009765625
2025-03-27,262.67999267578125
2025-03-28,261.7900085449219
2025-03-31,264.4599914550781
2025-04-01,264.5400085449219
2025-04-02,264.489990234375
2025-04-03,263.1000061035156
2025-04-04,242.25999450683594
2025-04-07,233.8300018310547
2025-04-08,236.52999877929688
2025-04-09,248.10000610351563
2025-04-10,245.1699981689453
2025-04-11,245.1300048828125
2025-04-14,250.83999633789063
2025-04-15,249.66000366210938
2025-04-16,252.47999572753906
2025-04-17,255.86000061035156
2025-04-21,249.58999633789063
2025-04-22,261.30999755859375
2025-04-23,259.0799865722656
2025-04-24,260.3999938964844
2025-04-25,259.1600036621094
2025-04-28,261.6099853515625
2025-04-29,264.04998779296875
2025-04-30,264.1300048828125
2025-05-01,261.45001220703125
2025-05-02,267.4100036621094
2025-05-05,267.5400085449219
2025-05-06,268.04998779296875
2025-05-07,268.8599853515625
2025-05-08,270.82000732421875
2025-05-09,269.75
2025-05-12,268.05999755859375
2025-05-13,264.9200134277344
2025-05-14,262.5899963378906
2025-05-15,270.8999938964844
2025-05-16,273.6300048828125
2025-05-19,274.5400085449219
2025-05-20,273.7099914550781
2025-05-21,271.1499938964844
2025-05-22,271.0799865722656
2025-05-23,271.0400085449219
2025-05-27,275.8800048828125
2025-05-28,273.6499938964844
2025-05-29,274.4100036621094
2025-05-30,275.70001220703125
2025-06-02,276.3399963378906
2025-06-03,276.07000732421875
2025-06-04,271.8599853515625
2025-06-05,271.0199890136719
2025-06-06,273.69000244140625
2025-06-09,267.7799987792969
2025-06-10,263
2025-06-11,261.2699890136719
2025-06-12,265.95001220703125
2025-06-13,263.4700012207031
2025-06-16,265.1400146484375
2025-06-17,264.4100036621094
2025-06-18,264.8999938964844
2025-06-20,264.9800109863281
2025-06-23,267.6199951171875
2025-06-24,266.1400146484375
2025-06-25,260.80999755859375
2025-06-26,262.95001220703125
2025-06-27,263.30999755859375
2025-06-30,267.5400085449219
2025-07-01,267
2025-07-02,257.3399963378906
2025-07-03,264.1300048828125
2025-07-07,258.989990234375
2025-07-08,256.3900146484375
2025-07-09,255.32000732421875
2025-07-10,255.99000549316406
2025-07-11,254.47999572753906
2025-07-14,255.47000122070313
2025-07-15,250.6199951171875
2025-07-16,252.19000244140625
2025-07-17,261.80999755859375
2025-07-18,265.9700012207031
2025-07-21,263.239990234375
2025-07-22,266.7799987792969
2025-07-23,264.739990234375
2025-07-24,261.989990234375
2025-07-25,261.04998779296875
2025-07-28,254.91000366210938
2025-07-29,259.82000732421875
2025-07-30,258.9200134277344
2025-07-31,260.239990234375
2025-08-01,258.32000732421875
2025-08-04,263
2025-08-05,265.1700134277344
2025-08-06,267.5799865722656
2025-08-07,265.3599853515625
2025-08-08,264.8699951171875
2025-08-11,264.260009765625
2025-08-12,263.92999267578125
2025-08-13,269.29998779296875
2025-08-14,268.5899963378906
2025-08-15,265.5899963378906
2025-08-18,264.9200134277344
2025-08-19,268.8699951171875
2025-08-20,274.3900146484375
2025-08-21,274.9200134277344
2025-08-22,276.2900085449219
2025-08-25,272.3399963378906
2025-08-26,270.8900146484375
2025-08-27,272.2099914550781
2025-08-28,270.2799987792969
2025-08-29,271.510009765625
2025-09-02,273.3500061035156
2025-09-03,276.54998779296875
2025-09-04,279.42999267578125
2025-09-05,275.2200012207031
2025-09-08,274.4800109863281
2025-09-09,273.54998779296875
2025-09-10,272.3299865722656
2025-09-11,279.42999267578125
2025-09-12,278.92999267578125
2025-09-15,276.29998779296875
2025-09-16,271.95001220703125
2025-09-17,275.0299987792969
2025-09-18,277.8999938964844
2025-09-19,277
2025-09-22,276.1099853515625
2025-09-23,276.260009765625
2025-09-24,276.6600036621094
2025-09-25,274.2200012207031
2025-09-26,277.760009765625
2025-09-29,276.5
2025-09-30,279.2200012207031
2025-10-01,277.239990234375
2025-10-02,280.0400085449219
2025-10-03,284.55999755859375
2025-10-06,282.7300109863281
2025-10-07,284.9700012207031
2025-10-08,282.760009765625
2025-10-09,274.4100036621094
2025-10-10,270.1199951171875
2025-10-13,270.3800048828125
2025-10-14,275.6400146484375
2025-10-15,269.45001220703125
2025-10-16,261.57000732421875
2025-10-17,262.010009765625
2025-10-20,265.25
2025-10-21,269.3399963378906
2025-10-22,268.489990234375
2025-10-23,269.1000061035156
2025-10-24,269.8900146484375
2025-10-27,270.3399963378906
2025-10-28,268.1300048828125
2025-10-29,267.9100036621094
2025-10-30,271.010009765625
2025-10-31,268.6199951171875
2025-11-03,267.6600036621094
2025-11-04,277.2799987792969
2025-11-05,276.6499938964844
2025-11-06,276.260009765625
2025-11-07,279.80999755859375
2025-11-10,282.3900146484375
2025-11-11,286.0199890136719
2025-11-12,286.1300048828125
2025-11-13,287.4200134277344
2025-11-14,287.2900085449219
2025-11-17,284.510009765625
2025-11-18,286.8500061035156
2025-11-19,285.4700012207031
2025-11-20,287.8500061035156
2025-11-21,290.07000732421875
2025-11-24,290.8399963378906
2025-11-25,293.70001220703125
2025-11-26,294.5199890136719
2025-11-28,292.8599853515625
2025-12-01,290.5
2025-12-02,288.5199890136719
2025-12-03,284.2699890136719
2025-12-04,282.8500061035156
2025-12-05,280.8900146484375
2025-12-08,279.8699951171875
2025-12-09,279.1600036621094
2025-12-10,278.3500061035156
2025-12-11,282.8800048828125
2025-12-12,285.30999755859375
2025-12-15,290.5899963378906
2025-12-16,289.6099853515625
2025-12-17,291.2699890136719
2025-12-18,293.6499938964844
2025-12-19,292.9200134277344
2025-12-22,291.6400146484375
2025-12-23,292.4599914550781
2025-12-24,293.8399963378906
2025-12-26,292.1199951171875
2025-12-29,291.92999267578125
2025-12-30,292.3800048828125
2025-12-31,290.05999755859375
2026-01-02,285.19000244140625
2026-01-05,287.760009765625
2026-01-06,285.19000244140625
2026-01-07,283.19000244140625
2026-01-08,284.17999267578125
2026-01-09,281.9599914550781
2026-01-12,280.489990234375
2026-01-13,271.20001220703125
2026-01-14,272.739990234375
2026-01-15,271.3399963378906
2026-01-16,269.4200134277344
2026-01-20,269.6099853515625
2026-01-21,272.6499938964844
2026-01-22,278.4800109863281
2026-01-23,277.7200012207031
2026-01-26,281.7099914550781
2026-01-27,281.2699890136719
2026-01-28,282.0400085449219
2026-01-29,284.2900085449219
2026-01-30,284.510009765625
2026-02-02,285.6300048828125
2026-02-03,288.2300109863281
2026-02-04,295.2200012207031
2026-02-05,300.30999755859375
2026-02-06,301.489990234375
2026-02-09,292.82000732421875
2026-02-10,298.6099853515625
2026-02-11,299.0299987792969
2026-02-12,297.42999267578125
2026-02-13,294.2099914550781
2026-02-17,299.2300109863281
2026-02-18,298.4599914550781
2026-02-19,299.8999938964844
2026-02-20,304.92999267578125
2026-02-23,305.3900146484375
2026-02-24,305.42999267578125
2026-02-25,304.760009765625
2026-02-26,306.239990234375
2026-02-27,308.6400146484375
2026-03-02,310.6700134277344
2026-03-03,310.9700012207031
2026-03-04,312.0299987792969
2026-03-05,306.6400146484375
2026-03-06,306.30999755859375
2026-03-09,303.19000244140625
2026-03-10,302.44000244140625
2026-03-11,299.3999938964844
2026-03-12,302.010009765625
2026-03-13,302.489990234375
2026-03-16,304.6400146484375
2026-03-17,306.3299865722656
2026-03-18,299.25
2026-03-19,296.8399963378906
2026-03-20,296.6000061035156
2026-03-23,295.5199890136719
2026-03-24,293.010009765625
2026-03-25,290.5899963378906
2026-03-26,291.1300048828125
2026-03-27,285.2699890136719
2026-03-30,291.82000732421875
