Date,TXN.Close
2020-01-02,129.57000732421875
2020-01-03,127.8499984741211
2020-01-06,126.95999908447266
2020-01-07,129.41000366210938
2020-01-08,129.75999450683594
2020-01-09,131.3300018310547
2020-01-10,130
2020-01-13,129.9499969482422
2020-01-14,130.6699981689453
2020-01-15,129.1699981689453
2020-01-16,130.16000366210938
2020-01-17,131.6999969482422
2020-01-21,130.86000061035156
2020-01-22,133.33999633789063
2020-01-23,134.25
2020-01-24,130.52000427246094
2020-01-27,126.30999755859375
2020-01-28,128.0399932861328
2020-01-29,125.48999786376953
2020-01-30,124.41999816894531
2020-01-31,120.6500015258789
2020-02-03,123.4000015258789
2020-02-04,126.47000122070313
2020-02-05,132.44000244140625
2020-02-06,132.52000427246094
2020-02-07,128.6999969482422
2020-02-10,129.64999389648438
2020-02-11,130.6999969482422
2020-02-12,132.4199981689453
2020-02-13,132.80999755859375
2020-02-14,132.2100067138672
2020-02-18,131.24000549316406
2020-02-19,133.1300048828125
2020-02-20,131.47000122070313
2020-02-21,128.52000427246094
2020-02-24,121.44000244140625
2020-02-25,118.37999725341797
2020-02-26,118.79000091552734
2020-02-27,113.12999725341797
2020-02-28,114.13999938964844
2020-03-02,118.97000122070313
2020-03-03,113.80999755859375
2020-03-04,119.05000305175781
2020-03-05,114.72000122070313
2020-03-06,113.16000366210938
2020-03-09,105.04000091552734
2020-03-10,112.12000274658203
2020-03-11,106.5
2020-03-12,97.529998779296875
2020-03-13,106.04000091552734
2020-03-16,93.5
2020-03-17,106.1500015258789
2020-03-18,100
2020-03-19,101.56999969482422
2020-03-20,97.5999984741211
2020-03-23,98.44000244140625
2020-03-24,105.36000061035156
2020-03-25,99.160003662109375
2020-03-26,107.76000213623047
2020-03-27,100.5
2020-03-30,102.0199966430664
2020-03-31,99.93000030517578
2020-04-01,96.88999938964844
2020-04-02,102.0199966430664
2020-04-03,99.9800033569336
2020-04-06,108.95999908447266
2020-04-07,106.26000213623047
2020-04-08,110.16999816894531
2020-04-09,107.69000244140625
2020-04-13,107.66999816894531
2020-04-14,110.94999694824219
2020-04-15,107.9800033569336
2020-04-16,111.38999938964844
2020-04-17,113.55000305175781
2020-04-20,111.52999877929688
2020-04-21,106.83999633789063
2020-04-22,111.9800033569336
2020-04-23,110.45999908447266
2020-04-24,113.93000030517578
2020-04-27,115.77999877929688
2020-04-28,114.23999786376953
2020-04-29,119.4000015258789
2020-04-30,116.06999969482422
2020-05-01,109.70999908447266
2020-05-04,110.5
2020-05-05,111.54000091552734
2020-05-06,112.41999816894531
2020-05-07,113.6500015258789
2020-05-08,115
2020-05-11,114.87999725341797
2020-05-12,111.69000244140625
2020-05-13,109.06999969482422
2020-05-14,110.3499984741211
2020-05-15,108.23999786376953
2020-05-18,114.41999816894531
2020-05-19,112.68000030517578
2020-05-20,117.4800033569336
2020-05-21,113.45999908447266
2020-05-22,113.43000030517578
2020-05-26,115.7300033569336
2020-05-27,117.81999969482422
2020-05-28,115.87000274658203
2020-05-29,118.73999786376953
2020-06-01,117.86000061035156
2020-06-02,122.66999816894531
2020-06-03,127.20999908447266
2020-06-04,128.5800018310547
2020-06-05,131.44000244140625
2020-06-08,132.86000061035156
2020-06-09,132.1199951171875
2020-06-10,131.39999389648438
2020-06-11,124.61000061035156
2020-06-12,123.97000122070313
2020-06-15,124.2300033569336
2020-06-16,126.11000061035156
2020-06-17,126.22000122070313
2020-06-18,125.9800033569336
2020-06-19,124.88999938964844
2020-06-22,125.2300033569336
2020-06-23,126.62000274658203
2020-06-24,123.98999786376953
2020-06-25,125.05999755859375
2020-06-26,123.37000274658203
2020-06-29,124.7699966430664
2020-06-30,126.97000122070313
2020-07-01,124.80000305175781
2020-07-02,125.80999755859375
2020-07-06,129.52999877929688
2020-07-07,128.60000610351563
2020-07-08,129.25999450683594
2020-07-09,130.42999267578125
2020-07-10,130.52999877929688
2020-07-13,128.82000732421875
2020-07-14,131.88999938964844
2020-07-15,132.14999389648438
2020-07-16,132.17999267578125
2020-07-17,133.88999938964844
2020-07-20,136.5800018310547
2020-07-21,135.47999572753906
2020-07-22,132.52999877929688
2020-07-23,129.0399932861328
2020-07-24,129.6300048828125
2020-07-27,132.1199951171875
2020-07-28,130.1300048828125
2020-07-29,131.63999938964844
2020-07-30,128.88999938964844
2020-07-31,127.55000305175781
2020-08-03,129.32000732421875
2020-08-04,132.22999572753906
2020-08-05,132.6999969482422
2020-08-06,133.74000549316406
2020-08-07,133.55999755859375
2020-08-10,135.41000366210938
2020-08-11,136.0399932861328
2020-08-12,138.63999938964844
2020-08-13,137.14999389648438
2020-08-14,137.35000610351563
2020-08-17,138.27999877929688
2020-08-18,139.30999755859375
2020-08-19,138.47999572753906
2020-08-20,138.57000732421875
2020-08-21,140.3300018310547
2020-08-24,141.02000427246094
2020-08-25,141.66000366210938
2020-08-26,142.4499969482422
2020-08-27,141.49000549316406
2020-08-28,143.49000549316406
2020-08-31,142.14999389648438
2020-09-01,144.9600067138672
2020-09-02,147.63999938964844
2020-09-03,141.6699981689453
2020-09-04,140.47000122070313
2020-09-08,136.0399932861328
2020-09-09,139.67999267578125
2020-09-10,137.19000244140625
2020-09-11,136.3699951171875
2020-09-14,138.52999877929688
2020-09-15,140.63999938964844
2020-09-16,139.67999267578125
2020-09-17,140.39999389648438
2020-09-18,138.66000366210938
2020-09-21,136.97999572753906
2020-09-22,138.64999389648438
2020-09-23,135.16000366210938
2020-09-24,136.69000244140625
2020-09-25,138.32000732421875
2020-09-28,141.94000244140625
2020-09-29,141.5
2020-09-30,142.7899932861328
2020-10-01,144.91000366210938
2020-10-02,141.08999633789063
2020-10-05,144.0800018310547
2020-10-06,143.85000610351563
2020-10-07,146.75
2020-10-08,148.05999755859375
2020-10-09,150.91000366210938
2020-10-12,154.89999389648438
2020-10-13,154.49000549316406
2020-10-14,152.77000427246094
2020-10-15,152.5500030517578
2020-10-16,153.1199951171875
2020-10-19,150.75999450683594
2020-10-20,150.8300018310547
2020-10-21,146.1300048828125
2020-10-22,148.22000122070313
2020-10-23,149.9600067138672
2020-10-26,145.9499969482422
2020-10-27,147.1199951171875
2020-10-28,143
2020-10-29,146.19000244140625
2020-10-30,144.58999633789063
2020-11-02,145.60000610351563
2020-11-03,147.3000030517578
2020-11-04,152.02999877929688
2020-11-05,155.55999755859375
2020-11-06,157.74000549316406
2020-11-09,156.22000122070313
2020-11-10,151.49000549316406
2020-11-11,155.6999969482422
2020-11-12,154.5
2020-11-13,156.64999389648438
2020-11-16,158.30999755859375
2020-11-17,155.5
2020-11-18,153.5500030517578
2020-11-19,157.27000427246094
2020-11-20,156.82000732421875
2020-11-23,157.4199981689453
2020-11-24,159.35000610351563
2020-11-25,157.60000610351563
2020-11-27,158.99000549316406
2020-11-30,161.25
2020-12-01,163.49000549316406
2020-12-02,162.72000122070313
2020-12-03,161.97999572753906
2020-12-04,166.52000427246094
2020-12-07,166.2899932861328
2020-12-08,166.67999267578125
2020-12-09,162.75999450683594
2020-12-10,162
2020-12-11,160.61000061035156
2020-12-14,160.1199951171875
2020-12-15,162.3800048828125
2020-12-16,162.1199951171875
2020-12-17,162.69000244140625
2020-12-18,164.07000732421875
2020-12-21,162.42999267578125
2020-12-22,162.52000427246094
2020-12-23,160.97999572753906
2020-12-24,161.63999938964844
2020-12-28,161.47000122070313
2020-12-29,161.17999267578125
2020-12-30,162.6999969482422
2020-12-31,164.1300048828125
2021-01-04,162.22000122070313
2021-01-05,163.41000366210938
2021-01-06,164.22000122070313
2021-01-07,167.94000244140625
2021-01-08,171.16000366210938
2021-01-11,171.30999755859375
2021-01-12,172.3000030517578
2021-01-13,171.41000366210938
2021-01-14,171.7100067138672
2021-01-15,169.19000244140625
2021-01-19,174.19000244140625
2021-01-20,173.3300018310547
2021-01-21,175.10000610351563
2021-01-22,172.80999755859375
2021-01-25,172.9199981689453
2021-01-26,171.47000122070313
2021-01-27,162.92999267578125
2021-01-28,169.22999572753906
2021-01-29,165.69000244140625
2021-02-01,172.4600067138672
2021-02-02,174.75
2021-02-03,168.5800018310547
2021-02-04,172
2021-02-05,169.92999267578125
2021-02-08,175.1199951171875
2021-02-09,173.69000244140625
2021-02-10,174.36000061035156
2021-02-11,179.22000122070313
2021-02-12,179.63999938964844
2021-02-16,180.75999450683594
2021-02-17,178.52999877929688
2021-02-18,176.50999450683594
2021-02-19,178.35000610351563
2021-02-22,173.08999633789063
2021-02-23,172.85000610351563
2021-02-24,179.38999938964844
2021-02-25,170.52999877929688
2021-02-26,172.27000427246094
2021-03-01,177.6699981689453
2021-03-02,174.88999938964844
2021-03-03,170.58999633789063
2021-03-04,163.25
2021-03-05,167.94000244140625
2021-03-08,162.11000061035156
2021-03-09,170.36000061035156
2021-03-10,169.4199981689453
2021-03-11,174.9499969482422
2021-03-12,173.57000732421875
2021-03-15,174.91000366210938
2021-03-16,177.13999938964844
2021-03-17,179.35000610351563
2021-03-18,174.36000061035156
2021-03-19,175.97999572753906
2021-03-22,180.10000610351563
2021-03-23,178.77999877929688
2021-03-24,178.89999389648438
2021-03-25,178.49000549316406
2021-03-26,188.1999969482422
2021-03-29,186.17999267578125
2021-03-30,185.94000244140625
2021-03-31,188.99000549316406
2021-04-01,192.05999755859375
2021-04-05,196.92999267578125
2021-04-06,194.58999633789063
2021-04-07,193.08999633789063
2021-04-08,195.1999969482422
2021-04-09,195.42999267578125
2021-04-12,192.42999267578125
2021-04-13,191.24000549316406
2021-04-14,190.3300018310547
2021-04-15,193.1699981689453
2021-04-16,191.92999267578125
2021-04-19,187.05999755859375
2021-04-20,185.27000427246094
2021-04-21,188.89999389648438
2021-04-22,185.8000030517578
2021-04-23,188.82000732421875
2021-04-26,191.36000061035156
2021-04-27,190.2100067138672
2021-04-28,181.82000732421875
2021-04-29,185.82000732421875
2021-04-30,180.50999450683594
2021-05-03,178.8000030517578
2021-05-04,179.02999877929688
2021-05-05,181.64999389648438
2021-05-06,184.27000427246094
2021-05-07,187.75999450683594
2021-05-10,182.0500030517578
2021-05-11,183.1999969482422
2021-05-12,176.60000610351563
2021-05-13,178.99000549316406
2021-05-14,183.27000427246094
2021-05-17,180.8300018310547
2021-05-18,178.8699951171875
2021-05-19,181.72000122070313
2021-05-20,185.3000030517578
2021-05-21,185.00999450683594
2021-05-24,188.69000244140625
2021-05-25,188.6999969482422
2021-05-26,188.36000061035156
2021-05-27,189.1300048828125
2021-05-28,189.82000732421875
2021-06-01,189
2021-06-02,190.75
2021-06-03,186
2021-06-04,190.07000732421875
2021-06-07,188.5500030517578
2021-06-08,186.92999267578125
2021-06-09,186.4499969482422
2021-06-10,188
2021-06-11,188.6699981689453
2021-06-14,190.25999450683594
2021-06-15,188.61000061035156
2021-06-16,187.72999572753906
2021-06-17,187.64999389648438
2021-06-18,183.07000732421875
2021-06-21,186.11000061035156
2021-06-22,187.0399932861328
2021-06-23,186.10000610351563
2021-06-24,188.61000061035156
2021-06-25,188.1699981689453
2021-06-28,191.52999877929688
2021-06-29,192.8800048828125
2021-06-30,192.3000030517578
2021-07-01,190.83999633789063
2021-07-02,192.2100067138672
2021-07-06,191.1999969482422
2021-07-07,189.77999877929688
2021-07-08,188.24000549316406
2021-07-09,190.27000427246094
2021-07-12,191.9199981689453
2021-07-13,191.1999969482422
2021-07-14,191.27999877929688
2021-07-15,188.25999450683594
2021-07-16,186.1199951171875
2021-07-19,186.24000549316406
2021-07-20,187.77000427246094
2021-07-21,194.24000549316406
2021-07-22,183.91000366210938
2021-07-23,186.85000610351563
2021-07-26,188.25999450683594
2021-07-27,185.1300048828125
2021-07-28,186.85000610351563
2021-07-29,189.8300018310547
2021-07-30,190.6199951171875
2021-08-02,190.72000122070313
2021-08-03,189.33999633789063
2021-08-04,192.3800048828125
2021-08-05,193.16000366210938
2021-08-06,192.9600067138672
2021-08-09,190.4499969482422
2021-08-10,189.64999389648438
2021-08-11,189.5
2021-08-12,187.8699951171875
2021-08-13,188.6999969482422
2021-08-16,189.85000610351563
2021-08-17,186.32000732421875
2021-08-18,183.8000030517578
2021-08-19,185.0399932861328
2021-08-20,184.97000122070313
2021-08-23,187.85000610351563
2021-08-24,187.82000732421875
2021-08-25,188.08999633789063
2021-08-26,187.97000122070313
2021-08-27,190.52000427246094
2021-08-30,191.42999267578125
2021-08-31,190.91000366210938
2021-09-01,188.35000610351563
2021-09-02,189.41000366210938
2021-09-03,189.8800048828125
2021-09-07,189.4600067138672
2021-09-08,188.8000030517578
2021-09-09,188.47000122070313
2021-09-10,190.64999389648438
2021-09-13,193.97999572753906
2021-09-14,195.11000061035156
2021-09-15,197.5
2021-09-16,196.82000732421875
2021-09-17,196.25
2021-09-20,192.58999633789063
2021-09-21,192.9600067138672
2021-09-22,195.9199981689453
2021-09-23,198.6699981689453
2021-09-24,200.64999389648438
2021-09-27,200.3300018310547
2021-09-28,194.88999938964844
2021-09-29,193.07000732421875
2021-09-30,192.2100067138672
2021-10-01,193.7899932861328
2021-10-04,190.39999389648438
2021-10-05,193.8800048828125
2021-10-06,194.38999938964844
2021-10-07,195.30999755859375
2021-10-08,195.24000549316406
2021-10-11,193.3699951171875
2021-10-12,188.47999572753906
2021-10-13,187.10000610351563
2021-10-14,192.49000549316406
2021-10-15,194.4499969482422
2021-10-18,194.91000366210938
2021-10-19,198.22999572753906
2021-10-20,199.3800048828125
2021-10-21,201.2899932861328
2021-10-22,199.07000732421875
2021-10-25,200.1999969482422
2021-10-26,196.97999572753906
2021-10-27,187.10000610351563
2021-10-28,187.8699951171875
2021-10-29,187.47999572753906
2021-11-01,187.47000122070313
2021-11-02,189.33999633789063
2021-11-03,189.19000244140625
2021-11-04,191.11000061035156
2021-11-05,193.39999389648438
2021-11-08,192.36000061035156
2021-11-09,190.7899932861328
2021-11-10,187.02000427246094
2021-11-11,188.60000610351563
2021-11-12,190.0800018310547
2021-11-15,189.22999572753906
2021-11-16,188.52000427246094
2021-11-17,189.57000732421875
2021-11-18,193.47000122070313
2021-11-19,195.16000366210938
2021-11-22,192.5
2021-11-23,192.63999938964844
2021-11-24,193.60000610351563
2021-11-26,188.25999450683594
2021-11-29,194.3800048828125
2021-11-30,192.3699951171875
2021-12-01,191.75999450683594
2021-12-02,193.5800018310547
2021-12-03,193.3800048828125
2021-12-06,194.61000061035156
2021-12-07,199.02999877929688
2021-12-08,196.38999938964844
2021-12-09,193.39999389648438
2021-12-10,196
2021-12-13,193.24000549316406
2021-12-14,190.27000427246094
2021-12-15,193.44000244140625
2021-12-16,188.24000549316406
2021-12-17,186.3000030517578
2021-12-20,184.24000549316406
2021-12-21,186.3699951171875
2021-12-22,186.92999267578125
2021-12-23,187.39999389648438
2021-12-27,191.83999633789063
2021-12-28,191.10000610351563
2021-12-29,190.80999755859375
2021-12-30,189.41000366210938
2021-12-31,188.47000122070313
2022-01-03,190.60000610351563
2022-01-04,190.8000030517578
2022-01-05,186.82000732421875
2022-01-06,186.75999450683594
2022-01-07,179.44000244140625
2022-01-10,182.9600067138672
2022-01-11,184.63999938964844
2022-01-12,186.02999877929688
2022-01-13,184.14999389648438
2022-01-14,187.00999450683594
2022-01-18,182.27999877929688
2022-01-19,178.3000030517578
2022-01-20,173.4499969482422
2022-01-21,175.63999938964844
2022-01-24,178.33999633789063
2022-01-25,173.9600067138672
2022-01-26,178.3300018310547
2022-01-27,174.80999755859375
2022-01-28,177.2899932861328
2022-01-31,179.49000549316406
2022-02-01,181.2899932861328
2022-02-02,187.83999633789063
2022-02-03,175.58999633789063
2022-02-04,171.4199981689453
2022-02-07,169.9499969482422
2022-02-08,172.6300048828125
2022-02-09,176.7100067138672
2022-02-10,170.66000366210938
2022-02-11,164.39999389648438
2022-02-14,162.47000122070313
2022-02-15,166.1699981689453
2022-02-16,168.24000549316406
2022-02-17,164.64999389648438
2022-02-18,166.74000549316406
2022-02-22,166.69000244140625
2022-02-23,165.63999938964844
2022-02-24,169.58999633789063
2022-02-25,170.82000732421875
2022-02-28,169.99000549316406
2022-03-01,167.2899932861328
2022-03-02,170.10000610351563
2022-03-03,171
2022-03-04,169.97999572753906
2022-03-07,164.88999938964844
2022-03-08,167.33999633789063
2022-03-09,172.4600067138672
2022-03-10,172.75
2022-03-11,170.36000061035156
2022-03-14,166.72000122070313
2022-03-15,172.32000732421875
2022-03-16,176.3300018310547
2022-03-17,178.47000122070313
2022-03-18,180.10000610351563
2022-03-21,180.4600067138672
2022-03-22,182.35000610351563
2022-03-23,179.0800018310547
2022-03-24,184.2100067138672
2022-03-25,184.89999389648438
2022-03-28,185.67999267578125
2022-03-29,191.00999450683594
2022-03-30,187.4499969482422
2022-03-31,183.47999572753906
2022-04-01,182.0800018310547
2022-04-04,182.7100067138672
2022-04-05,177.17999267578125
2022-04-06,177.25
2022-04-07,177.60000610351563
2022-04-08,174.11000061035156
2022-04-11,171.94000244140625
2022-04-12,173
2022-04-13,175.11000061035156
2022-04-14,173.66000366210938
2022-04-18,176.55999755859375
2022-04-19,179.05999755859375
2022-04-20,179.4199981689453
2022-04-21,177.22999572753906
2022-04-22,173.30999755859375
2022-04-25,173.91000366210938
2022-04-26,168.44000244140625
2022-04-27,169.38999938964844
2022-04-28,175.85000610351563
2022-04-29,170.25
2022-05-02,174
2022-05-03,172.5399932861328
2022-05-04,176.22999572753906
2022-05-05,170.27999877929688
2022-05-06,167.4499969482422
2022-05-09,164.94000244140625
2022-05-10,168.24000549316406
2022-05-11,164.69000244140625
2022-05-12,165.89999389648438
2022-05-13,169.74000549316406
2022-05-16,168.5
2022-05-17,174.97999572753906
2022-05-18,170.3000030517578
2022-05-19,167.6199951171875
2022-05-20,169.80999755859375
2022-05-23,169.92999267578125
2022-05-24,167.86000061035156
2022-05-25,170.00999450683594
2022-05-26,174.1300048828125
2022-05-27,177.97000122070313
2022-05-31,176.75999450683594
2022-06-01,174.4199981689453
2022-06-02,176.72000122070313
2022-06-03,172.3300018310547
2022-06-06,167.75999450683594
2022-06-07,169.85000610351563
2022-06-08,165.3699951171875
2022-06-09,161.5800018310547
2022-06-10,157.77999877929688
2022-06-13,153.52999877929688
2022-06-14,154.0800018310547
2022-06-15,155.9199981689453
2022-06-16,151.3699951171875
2022-06-17,150.1999969482422
2022-06-21,153.4600067138672
2022-06-22,152.60000610351563
2022-06-23,151.13999938964844
2022-06-24,155.9499969482422
2022-06-27,155.6199951171875
2022-06-28,154.16000366210938
2022-06-29,152.77999877929688
2022-06-30,153.64999389648438
2022-07-01,148.5399932861328
2022-07-05,149.10000610351563
2022-07-06,150.80999755859375
2022-07-07,154.69000244140625
2022-07-08,155.52999877929688
2022-07-11,153.55999755859375
2022-07-12,154.4600067138672
2022-07-13,154.2899932861328
2022-07-14,157.85000610351563
2022-07-15,160.5399932861328
2022-07-18,159.6699981689453
2022-07-19,164.63999938964844
2022-07-20,165.3300018310547
2022-07-21,166.5399932861328
2022-07-22,163.89999389648438
2022-07-25,163.1999969482422
2022-07-26,160.83999633789063
2022-07-27,171.5399932861328
2022-07-28,175.75
2022-07-29,178.88999938964844
2022-08-01,178.8000030517578
2022-08-02,177.22000122070313
2022-08-03,183.47000122070313
2022-08-04,184.91000366210938
2022-08-05,184.3000030517578
2022-08-08,182.8000030517578
2022-08-09,177.7100067138672
2022-08-10,183.1199951171875
2022-08-11,182.05999755859375
2022-08-12,185.3800048828125
2022-08-15,185.39999389648438
2022-08-16,183.36000061035156
2022-08-17,176.7100067138672
2022-08-18,178.4600067138672
2022-08-19,176.4499969482422
2022-08-22,171.44000244140625
2022-08-23,172.52000427246094
2022-08-24,172.19000244140625
2022-08-25,177.30999755859375
2022-08-26,169.49000549316406
2022-08-29,167.94000244140625
2022-08-30,166.74000549316406
2022-08-31,165.2100067138672
2022-09-01,166.16000366210938
2022-09-02,163
2022-09-06,163.10000610351563
2022-09-07,165.82000732421875
2022-09-08,168.41000366210938
2022-09-09,170.74000549316406
2022-09-12,170.5800018310547
2022-09-13,162.64999389648438
2022-09-14,165.25999450683594
2022-09-15,162.6699981689453
2022-09-16,165.25999450683594
2022-09-19,166.25
2022-09-20,166.05999755859375
2022-09-21,163.3000030517578
2022-09-22,162.6199951171875
2022-09-23,161.2899932861328
2022-09-26,160.4600067138672
2022-09-27,160.7100067138672
2022-09-28,162.8000030517578
2022-09-29,158.4499969482422
2022-09-30,154.77999877929688
2022-10-03,159.83999633789063
2022-10-04,165.14999389648438
2022-10-05,167.8000030517578
2022-10-06,166.5399932861328
2022-10-07,159.27999877929688
2022-10-10,156.7899932861328
2022-10-11,153.4499969482422
2022-10-12,151.5500030517578
2022-10-13,154.33999633789063
2022-10-14,148.33999633789063
2022-10-17,150.99000549316406
2022-10-18,151.50999450683594
2022-10-19,152.64999389648438
2022-10-20,153.72000122070313
2022-10-21,159.72000122070313
2022-10-24,161.64999389648438
2022-10-25,162.16000366210938
2022-10-26,157.8699951171875
2022-10-27,156.75999450683594
2022-10-28,161.36000061035156
2022-10-31,160.6300048828125
2022-11-01,162.89999389648438
2022-11-02,158.49000549316406
2022-11-03,156.52000427246094
2022-11-04,162.64999389648438
2022-11-07,165.69000244140625
2022-11-08,168.11000061035156
2022-11-09,164.99000549316406
2022-11-10,174.69000244140625
2022-11-11,179.49000549316406
2022-11-14,177.44000244140625
2022-11-15,177.57000732421875
2022-11-16,173.4600067138672
2022-11-17,175.36000061035156
2022-11-18,175.17999267578125
2022-11-21,172.39999389648438
2022-11-22,177.22000122070313
2022-11-23,178.97999572753906
2022-11-25,177.07000732421875
2022-11-28,173
2022-11-29,172.97999572753906
2022-11-30,180.4600067138672
2022-12-01,177.5
2022-12-02,177.66000366210938
2022-12-05,177.38999938964844
2022-12-06,174.33999633789063
2022-12-07,173.75
2022-12-08,176.36000061035156
2022-12-09,174.25999450683594
2022-12-12,177.47999572753906
2022-12-13,177.5
2022-12-14,175.82000732421875
2022-12-15,170.00999450683594
2022-12-16,169.5500030517578
2022-12-19,167.61000061035156
2022-12-20,166.08999633789063
2022-12-21,168.72999572753906
2022-12-22,164.6999969482422
2022-12-23,164.3800048828125
2022-12-27,163.77999877929688
2022-12-28,161.19000244140625
2022-12-29,165.02000427246094
2022-12-30,165.22000122070313
2023-01-03,163.2100067138672
2023-01-04,169.1699981689453
2023-01-05,166.92999267578125
2023-01-06,175.16000366210938
2023-01-09,176.67999267578125
2023-01-10,178.39999389648438
2023-01-11,178.8699951171875
2023-01-12,178.1300048828125
2023-01-13,179.00999450683594
2023-01-17,175.39999389648438
2023-01-18,173.75999450683594
2023-01-19,170.92999267578125
2023-01-20,173
2023-01-23,178.1699981689453
2023-01-24,177.0399932861328
2023-01-25,175.0399932861328
2023-01-26,174.10000610351563
2023-01-27,175.24000549316406
2023-01-30,173.1300048828125
2023-01-31,177.2100067138672
2023-02-01,182.10000610351563
2023-02-02,184.72000122070313
2023-02-03,182.2899932861328
2023-02-06,181
2023-02-07,183.49000549316406
2023-02-08,176.5
2023-02-09,174.99000549316406
2023-02-10,175.7899932861328
2023-02-13,176.7100067138672
2023-02-14,176.33999633789063
2023-02-15,178.5
2023-02-16,176.0800018310547
2023-02-17,175.32000732421875
2023-02-21,170.75999450683594
2023-02-22,169.8000030517578
2023-02-23,171.82000732421875
2023-02-24,169.13999938964844
2023-02-27,170.74000549316406
2023-02-28,171.4499969482422
2023-03-01,172.1699981689453
2023-03-02,174.0800018310547
2023-03-03,175.67999267578125
2023-03-06,173.0500030517578
2023-03-07,172.05999755859375
2023-03-08,176.22000122070313
2023-03-09,173.44000244140625
2023-03-10,171.63999938964844
2023-03-13,173.88999938964844
2023-03-14,175.72999572753906
2023-03-15,174.38999938964844
2023-03-16,177.1300048828125
2023-03-17,175.7100067138672
2023-03-20,179.16000366210938
2023-03-21,178.41000366210938
2023-03-22,176.32000732421875
2023-03-23,180.27999877929688
2023-03-24,179.50999450683594
2023-03-27,177.0500030517578
2023-03-28,177.49000549316406
2023-03-29,181.0399932861328
2023-03-30,184.24000549316406
2023-03-31,186.00999450683594
2023-04-03,184.16000366210938
2023-04-04,180.39999389648438
2023-04-05,177.1999969482422
2023-04-06,178.1199951171875
2023-04-10,179.4199981689453
2023-04-11,179.8699951171875
2023-04-12,177.5500030517578
2023-04-13,179.11000061035156
2023-04-14,178.97999572753906
2023-04-17,180.0500030517578
2023-04-18,180.32000732421875
2023-04-19,177.0800018310547
2023-04-20,176.6199951171875
2023-04-21,177.02000427246094
2023-04-24,175.89999389648438
2023-04-25,169.38999938964844
2023-04-26,164.4600067138672
2023-04-27,165.27000427246094
2023-04-28,167.1999969482422
2023-05-01,166.67999267578125
2023-05-02,163.94000244140625
2023-05-03,163.35000610351563
2023-05-04,162.3000030517578
2023-05-05,165.82000732421875
2023-05-08,164.22000122070313
2023-05-09,163
2023-05-10,163.0500030517578
2023-05-11,161.1699981689453
2023-05-12,161.8800048828125
2023-05-15,165.25999450683594
2023-05-16,163.3800048828125
2023-05-17,165.33999633789063
2023-05-18,169.80999755859375
2023-05-19,170.11000061035156
2023-05-22,170.86000061035156
2023-05-23,169.74000549316406
2023-05-24,167.07000732421875
2023-05-25,169.6199951171875
2023-05-26,176.2899932861328
2023-05-30,176.5500030517578
2023-05-31,173.8800048828125
2023-06-01,175.80999755859375
2023-06-02,175.22999572753906
2023-06-05,170.25999450683594
2023-06-06,170.36000061035156
2023-06-07,172
2023-06-08,172.22999572753906
2023-06-09,170.58999633789063
2023-06-12,174.0399932861328
2023-06-13,177.41000366210938
2023-06-14,177.1199951171875
2023-06-15,178.08999633789063
2023-06-16,176.75999450683594
2023-06-20,174.36000061035156
2023-06-21,170.47999572753906
2023-06-22,172.6300048828125
2023-06-23,167.67999267578125
2023-06-26,168.75
2023-06-27,176.30999755859375
2023-06-28,174.9600067138672
2023-06-29,176.7899932861328
2023-06-30,180.02000427246094
2023-07-03,179.75999450683594
2023-07-05,176.52999877929688
2023-07-06,174.82000732421875
2023-07-07,173.6999969482422
2023-07-10,179.44000244140625
2023-07-11,178.82000732421875
2023-07-12,182.3699951171875
2023-07-13,183.1199951171875
2023-07-14,180.85000610351563
2023-07-17,183.39999389648438
2023-07-18,183.67999267578125
2023-07-19,183.6699981689453
2023-07-20,179.9199981689453
2023-07-21,184.32000732421875
2023-07-24,183.88999938964844
2023-07-25,186.0800018310547
2023-07-26,176
2023-07-27,177.72000122070313
2023-07-28,178.3699951171875
2023-07-31,180
2023-08-01,178.3699951171875
2023-08-02,172.44000244140625
2023-08-03,171.8000030517578
2023-08-04,168.44000244140625
2023-08-07,168.9600067138672
2023-08-08,166.72999572753906
2023-08-09,167.27000427246094
2023-08-10,167.55999755859375
2023-08-11,166.1999969482422
2023-08-14,170.47999572753906
2023-08-15,168.16000366210938
2023-08-16,165.72000122070313
2023-08-17,165.75999450683594
2023-08-18,166.49000549316406
2023-08-21,167.9499969482422
2023-08-22,167.11000061035156
2023-08-23,169.8300018310547
2023-08-24,165.58999633789063
2023-08-25,167.80999755859375
2023-08-28,168.6999969482422
2023-08-29,170.69000244140625
2023-08-30,169.22999572753906
2023-08-31,168.05999755859375
2023-09-01,169.8300018310547
2023-09-05,169.74000549316406
2023-09-06,168.0500030517578
2023-09-07,164.7100067138672
2023-09-08,164.66000366210938
2023-09-11,165.83999633789063
2023-09-12,163.49000549316406
2023-09-13,164.36000061035156
2023-09-14,166.0500030517578
2023-09-15,162.6199951171875
2023-09-18,162.8300018310547
2023-09-19,163.13999938964844
2023-09-20,162.10000610351563
2023-09-21,160.39999389648438
2023-09-22,160.30999755859375
2023-09-25,160.89999389648438
2023-09-26,157.9600067138672
2023-09-27,158.13999938964844
2023-09-28,159.08999633789063
2023-09-29,159.00999450683594
2023-10-02,159.9499969482422
2023-10-03,157.25
2023-10-04,157.97000122070313
2023-10-05,155.11000061035156
2023-10-06,157
2023-10-09,156.72000122070313
2023-10-10,157.66000366210938
2023-10-11,157.3300018310547
2023-10-12,155
2023-10-13,152.75
2023-10-16,154.3000030517578
2023-10-17,154.25999450683594
2023-10-18,151.82000732421875
2023-10-19,150.94000244140625
2023-10-20,147.80999755859375
2023-10-23,146.32000732421875
2023-10-24,146.9199981689453
2023-10-25,141.7899932861328
2023-10-26,144.00999450683594
2023-10-27,143.1199951171875
2023-10-30,140.5
2023-10-31,142.00999450683594
2023-11-01,143.1699981689453
2023-11-02,147.30999755859375
2023-11-03,150.22999572753906
2023-11-06,147.5
2023-11-07,146.58999633789063
2023-11-08,145.22000122070313
2023-11-09,143.27000427246094
2023-11-10,147.19000244140625
2023-11-13,145.8699951171875
2023-11-14,149.92999267578125
2023-11-15,151.8699951171875
2023-11-16,151.88999938964844
2023-11-17,154.6199951171875
2023-11-20,155.5399932861328
2023-11-21,153.42999267578125
2023-11-22,153.92999267578125
2023-11-24,153.58999633789063
2023-11-27,152.60000610351563
2023-11-28,152.89999389648438
2023-11-29,153.1999969482422
2023-11-30,152.7100067138672
2023-12-01,155.2100067138672
2023-12-04,157.4199981689453
2023-12-05,157.25
2023-12-06,156.0500030517578
2023-12-07,157.67999267578125
2023-12-08,157.02999877929688
2023-12-11,159.97000122070313
2023-12-12,157.9199981689453
2023-12-13,161.80999755859375
2023-12-14,168.77999877929688
2023-12-15,168.63999938964844
2023-12-18,167.4199981689453
2023-12-19,168.5
2023-12-20,165.17999267578125
2023-12-21,166.80999755859375
2023-12-22,168.24000549316406
2023-12-26,170.80999755859375
2023-12-27,171.22999572753906
2023-12-28,171.72000122070313
2023-12-29,170.4600067138672
2024-01-02,169.25999450683594
2024-01-03,166.74000549316406
2024-01-04,164.47000122070313
2024-01-05,165.10000610351563
2024-01-08,168.5399932861328
2024-01-09,168.6300048828125
2024-01-10,167.25
2024-01-11,165.60000610351563
2024-01-12,164.8699951171875
2024-01-16,163.8800048828125
2024-01-17,162.4199981689453
2024-01-18,166.91000366210938
2024-01-19,173.64999389648438
2024-01-22,174.8300018310547
2024-01-23,174.33999633789063
2024-01-24,170.07000732421875
2024-01-25,167.4199981689453
2024-01-26,164.08999633789063
2024-01-29,166.0399932861328
2024-01-30,162.0500030517578
2024-01-31,160.1199951171875
2024-02-01,159.69000244140625
2024-02-02,159.1999969482422
2024-02-05,158.89999389648438
2024-02-06,158.3699951171875
2024-02-07,158.77000427246094
2024-02-08,160.2100067138672
2024-02-09,162.39999389648438
2024-02-12,161.0800018310547
2024-02-13,156.85000610351563
2024-02-14,157.8699951171875
2024-02-15,160.7100067138672
2024-02-16,160.3800048828125
2024-02-20,162.74000549316406
2024-02-21,164.0800018310547
2024-02-22,165.42999267578125
2024-02-23,163.69000244140625
2024-02-26,164.3000030517578
2024-02-27,164.94000244140625
2024-02-28,163.0399932861328
2024-02-29,167.3300018310547
2024-03-01,171.0500030517578
2024-03-04,172.44000244140625
2024-03-05,170.63999938964844
2024-03-06,171.8699951171875
2024-03-07,175.27000427246094
2024-03-08,172.3000030517578
2024-03-11,174.19000244140625
2024-03-12,174.8000030517578
2024-03-13,172.67999267578125
2024-03-14,171.13999938964844
2024-03-15,172.52000427246094
2024-03-18,169.2100067138672
2024-03-19,166.75999450683594
2024-03-20,169.97999572753906
2024-03-21,172.58999633789063
2024-03-22,172.47999572753906
2024-03-25,170.85000610351563
2024-03-26,167.91000366210938
2024-03-27,172.8699951171875
2024-03-28,174.2100067138672
2024-04-01,173.1699981689453
2024-04-02,170.36000061035156
2024-04-03,170.33999633789063
2024-04-04,168.52999877929688
2024-04-05,167.5
2024-04-08,169.4600067138672
2024-04-09,173.4600067138672
2024-04-10,168.9199981689453
2024-04-11,171.1999969482422
2024-04-12,166.3300018310547
2024-04-15,166.35000610351563
2024-04-16,167.58999633789063
2024-04-17,165.6999969482422
2024-04-18,163.6699981689453
2024-04-19,159.67999267578125
2024-04-22,163.42999267578125
2024-04-23,165.47000122070313
2024-04-24,174.80999755859375
2024-04-25,175.25
2024-04-26,177.47999572753906
2024-04-29,179.2899932861328
2024-04-30,176.4199981689453
2024-05-01,175.1999969482422
2024-05-02,175.8000030517578
2024-05-03,178.91000366210938
2024-05-06,181.6699981689453
2024-05-07,182.6699981689453
2024-05-08,183.9499969482422
2024-05-09,185.32000732421875
2024-05-10,187.0500030517578
2024-05-13,187.82000732421875
2024-05-14,191.1300048828125
2024-05-15,195.52999877929688
2024-05-16,194.97000122070313
2024-05-17,195.02000427246094
2024-05-20,199.1999969482422
2024-05-21,199.00999450683594
2024-05-22,202.5399932861328
2024-05-23,197.2899932861328
2024-05-24,199.17999267578125
2024-05-28,199.60000610351563
2024-05-29,194.91000366210938
2024-05-30,195.67999267578125
2024-05-31,195.00999450683594
2024-06-03,193.72000122070313
2024-06-04,193.3000030517578
2024-06-05,196.0800018310547
2024-06-06,196.24000549316406
2024-06-07,195.61000061035156
2024-06-10,197.6199951171875
2024-06-11,197.44000244140625
2024-06-12,198.97999572753906
2024-06-13,196.27999877929688
2024-06-14,193.89999389648438
2024-06-17,194.89999389648438
2024-06-18,196.25
2024-06-20,192.75999450683594
2024-06-21,195.52999877929688
2024-06-24,193.91000366210938
2024-06-25,194.47000122070313
2024-06-26,193.10000610351563
2024-06-27,193.42999267578125
2024-06-28,194.52999877929688
2024-07-01,194.60000610351563
2024-07-02,198.4199981689453
2024-07-03,198.94000244140625
2024-07-05,198.7899932861328
2024-07-08,201.47000122070313
2024-07-09,200.16000366210938
2024-07-10,203.6199951171875
2024-07-11,199.99000549316406
2024-07-12,201.8699951171875
2024-07-15,201.75999450683594
2024-07-16,206.6199951171875
2024-07-17,204.25999450683594
2024-07-18,205.8699951171875
2024-07-19,199.10000610351563
2024-07-22,205.8800048828125
2024-07-23,198.2899932861328
2024-07-24,198.27999877929688
2024-07-25,197.14999389648438
2024-07-26,201.99000549316406
2024-07-29,201.8800048828125
2024-07-30,200.99000549316406
2024-07-31,203.80999755859375
2024-08-01,193.3300018310547
2024-08-02,187.4600067138672
2024-08-05,181.19000244140625
2024-08-06,186.9499969482422
2024-08-07,184.07000732421875
2024-08-08,193.3000030517578
2024-08-09,192.2100067138672
2024-08-12,192.05999755859375
2024-08-13,197.25
2024-08-14,195.61000061035156
2024-08-15,201.92999267578125
2024-08-16,200.52999877929688
2024-08-19,200.66000366210938
2024-08-20,202.5399932861328
2024-08-21,208.3699951171875
2024-08-22,203.77000427246094
2024-08-23,209.8800048828125
2024-08-26,208.25
2024-08-27,210.69000244140625
2024-08-28,207.74000549316406
2024-08-29,211.08999633789063
2024-08-30,214.33999633789063
2024-09-03,201.8300018310547
2024-09-04,204
2024-09-05,201.5500030517578
2024-09-06,197.4499969482422
2024-09-09,201.1699981689453
2024-09-10,199.8000030517578
2024-09-11,202.41000366210938
2024-09-12,195.97999572753906
2024-09-13,199.92999267578125
2024-09-16,198.47000122070313
2024-09-17,201.38999938964844
2024-09-18,200.7100067138672
2024-09-19,207.60000610351563
2024-09-20,203.3000030517578
2024-09-23,203.85000610351563
2024-09-24,204.94000244140625
2024-09-25,205.05999755859375
2024-09-26,209.25999450683594
2024-09-27,209.13999938964844
2024-09-30,206.57000732421875
2024-10-01,201.60000610351563
2024-10-02,203.42999267578125
2024-10-03,201.6699981689453
2024-10-04,202.7100067138672
2024-10-07,201.27000427246094
2024-10-08,202.2100067138672
2024-10-09,204.97000122070313
2024-10-10,202.47000122070313
2024-10-11,205.11000061035156
2024-10-14,208.66000366210938
2024-10-15,199.83999633789063
2024-10-16,200.69000244140625
2024-10-17,198.3000030517578
2024-10-18,198.47000122070313
2024-10-21,195.77000427246094
2024-10-22,193.97000122070313
2024-10-23,201.74000549316406
2024-10-24,206.61000061035156
2024-10-25,206.92999267578125
2024-10-28,205.8300018310547
2024-10-29,211.35000610351563
2024-10-30,207.92999267578125
2024-10-31,203.16000366210938
2024-11-01,204.9199981689453
2024-11-04,203.66000366210938
2024-11-05,202.4600067138672
2024-11-06,214.97000122070313
2024-11-07,217.5399932861328
2024-11-08,220.2899932861328
2024-11-11,215.8699951171875
2024-11-12,212.77999877929688
2024-11-13,205.72000122070313
2024-11-14,206
2024-11-15,201.1199951171875
2024-11-18,207.17999267578125
2024-11-19,201.07000732421875
2024-11-20,198.19000244140625
2024-11-21,198.1999969482422
2024-11-22,198
2024-11-25,202.92999267578125
2024-11-26,200.9499969482422
2024-11-27,199.19000244140625
2024-11-29,201.02999877929688
2024-12-02,201.77999877929688
2024-12-03,197.22999572753906
2024-12-04,196.64999389648438
2024-12-05,192.99000549316406
2024-12-06,193.10000610351563
2024-12-09,193.4499969482422
2024-12-10,190.17999267578125
2024-12-11,191.6999969482422
2024-12-12,191.7100067138672
2024-12-13,191.58999633789063
2024-12-16,189.4600067138672
2024-12-17,188.1199951171875
2024-12-18,185
2024-12-19,184.47000122070313
2024-12-20,186.8699951171875
2024-12-23,190.13999938964844
2024-12-24,192.44000244140625
2024-12-26,191.72999572753906
2024-12-27,191.17999267578125
2024-12-30,187.9600067138672
2024-12-31,187.50999450683594
2025-01-02,186.9499969482422
2025-01-03,190.50999450683594
2025-01-06,192.17999267578125
2025-01-07,192.2100067138672
2025-01-08,191.66000366210938
2025-01-10,190.14999389648438
2025-01-13,191.08999633789063
2025-01-14,193.5
2025-01-15,197.50999450683594
2025-01-16,187.3699951171875
2025-01-17,192.4199981689453
2025-01-21,195.22999572753906
2025-01-22,197.0500030517578
2025-01-23,200.61000061035156
2025-01-24,185.52000427246094
2025-01-27,187.02999877929688
2025-01-28,180.57000732421875
2025-01-29,180.27000427246094
2025-01-30,185.27000427246094
2025-01-31,184.61000061035156
2025-02-03,180.94000244140625
2025-02-04,180.55999755859375
2025-02-05,181.58999633789063
2025-02-06,183.27999877929688
2025-02-07,180
2025-02-10,180.30999755859375
2025-02-11,179.25
2025-02-12,179.99000549316406
2025-02-13,180.8000030517578
2025-02-14,183.02999877929688
2025-02-18,186.4600067138672
2025-02-19,196.32000732421875
2025-02-20,203.9600067138672
2025-02-21,202
2025-02-24,200.74000549316406
2025-02-25,199.97999572753906
2025-02-26,198.24000549316406
2025-02-27,191.3000030517578
2025-02-28,195.99000549316406
2025-03-03,194.38999938964844
2025-03-04,194.83999633789063
2025-03-05,195.57000732421875
2025-03-06,189.33999633789063
2025-03-07,190.52000427246094
2025-03-10,186.49000549316406
2025-03-11,177.33999633789063
2025-03-12,175.6999969482422
2025-03-13,173.60000610351563
2025-03-14,176.4199981689453
2025-03-17,179.99000549316406
2025-03-18,179.4499969482422
2025-03-19,181.74000549316406
2025-03-20,180.67999267578125
2025-03-21,179
2025-03-24,185.50999450683594
2025-03-25,183.97000122070313
2025-03-26,184.49000549316406
2025-03-27,180.75999450683594
2025-03-28,176.3300018310547
2025-03-31,179.6999969482422
2025-04-01,177.99000549316406
2025-04-02,178.19000244140625
2025-04-03,164.1999969482422
2025-04-04,151.38999938964844
2025-04-07,154
2025-04-08,146.00999450683594
2025-04-09,169.5
2025-04-10,156.60000610351563
2025-04-11,147.60000610351563
2025-04-14,150.97999572753906
2025-04-15,151.17999267578125
2025-04-16,146.5500030517578
2025-04-17,148.44000244140625
2025-04-21,145.61000061035156
2025-04-22,146.75999450683594
2025-04-23,152.14999389648438
2025-04-24,162.1300048828125
2025-04-25,162.86000061035156
2025-04-28,162.44000244140625
2025-04-29,160.77000427246094
2025-04-30,160.0500030517578
2025-05-01,158.25999450683594
2025-05-02,164.50999450683594
2025-05-05,162.4199981689453
2025-05-06,161.08999633789063
2025-05-07,164.7899932861328
2025-05-08,165.63999938964844
2025-05-09,172.27000427246094
2025-05-12,187.27999877929688
2025-05-13,188.1999969482422
2025-05-14,187.33999633789063
2025-05-15,187.8300018310547
2025-05-16,188.5
2025-05-19,188.33999633789063
2025-05-20,188.7100067138672
2025-05-21,185.4199981689453
2025-05-22,180.2100067138672
2025-05-23,176.3000030517578
2025-05-27,183.24000549316406
2025-05-28,184.14999389648438
2025-05-29,184.99000549316406
2025-05-30,182.85000610351563
2025-06-02,184.2100067138672
2025-06-03,188.0800018310547
2025-06-04,190.72000122070313
2025-06-05,190.49000549316406
2025-06-06,192.4199981689453
2025-06-09,199.2100067138672
2025-06-10,202.2899932861328
2025-06-11,199.69000244140625
2025-06-12,199.66000366210938
2025-06-13,195
2025-06-16,199.22000122070313
2025-06-17,197.69000244140625
2025-06-18,198.35000610351563
2025-06-20,198.1999969482422
2025-06-23,201.38999938964844
2025-06-24,205.80999755859375
2025-06-25,205.3800048828125
2025-06-26,206.30999755859375
2025-06-27,207.0800018310547
2025-06-30,207.6199951171875
2025-07-01,210.4499969482422
2025-07-02,215.58999633789063
2025-07-03,216.02000427246094
2025-07-07,213.41000366210938
2025-07-08,216.6300048828125
2025-07-09,216.38999938964844
2025-07-10,219.66000366210938
2025-07-11,221.25
2025-07-14,220.0500030517578
2025-07-15,218.36000061035156
2025-07-16,216.63999938964844
2025-07-17,216.58999633789063
2025-07-18,216.6199951171875
2025-07-21,214.57000732421875
2025-07-22,214.9199981689453
2025-07-23,186.25
2025-07-24,185.69000244140625
2025-07-25,184.99000549316406
2025-07-28,189.25
2025-07-29,191.3800048828125
2025-07-30,189.52000427246094
2025-07-31,181.05999755859375
2025-08-01,180.86000061035156
2025-08-04,182.72999572753906
2025-08-05,185.39999389648438
2025-08-06,185.91000366210938
2025-08-07,185.91000366210938
2025-08-08,187.22000122070313
2025-08-11,183.7100067138672
2025-08-12,192.97000122070313
2025-08-13,193.2899932861328
2025-08-14,193.7100067138672
2025-08-15,194.57000732421875
2025-08-18,194.3300018310547
2025-08-19,195.94000244140625
2025-08-20,200.77000427246094
2025-08-21,200.7100067138672
2025-08-22,206.05999755859375
2025-08-25,205.97000122070313
2025-08-26,205.97999572753906
2025-08-27,205.47000122070313
2025-08-28,204.08999633789063
2025-08-29,202.47999572753906
2025-09-02,199.80999755859375
2025-09-03,195.74000549316406
2025-09-04,187.2899932861328
2025-09-05,187.92999267578125
2025-09-08,185.82000732421875
2025-09-09,185.02999877929688
2025-09-10,184.00999450683594
2025-09-11,184.35000610351563
2025-09-12,182.60000610351563
2025-09-15,178.1999969482422
2025-09-16,177.6300048828125
2025-09-17,180.3000030517578
2025-09-18,181.6199951171875
2025-09-19,179.3699951171875
2025-09-22,179.6199951171875
2025-09-23,182.0399932861328
2025-09-24,184.44000244140625
2025-09-25,182.0399932861328
2025-09-26,184.5500030517578
2025-09-29,183.22999572753906
2025-09-30,183.72999572753906
2025-10-01,180.38999938964844
2025-10-02,182.32000732421875
2025-10-03,180.32000732421875
2025-10-06,181.80999755859375
2025-10-07,177.0500030517578
2025-10-08,181.60000610351563
2025-10-09,178.9600067138672
2025-10-10,171.6999969482422
2025-10-13,175.11000061035156
2025-10-14,173.94000244140625
2025-10-15,175.27000427246094
2025-10-16,175.47999572753906
2025-10-17,176.5800018310547
2025-10-20,179.58999633789063
2025-10-21,180.83999633789063
2025-10-22,170.7100067138672
2025-10-23,172.19000244140625
2025-10-24,169.1300048828125
2025-10-27,169.41000366210938
2025-10-28,166.91000366210938
2025-10-29,160.25999450683594
2025-10-30,160.50999450683594
2025-10-31,161.4600067138672
2025-11-03,161.4600067138672
2025-11-04,159.36000061035156
2025-11-05,163.57000732421875
2025-11-06,161.3800048828125
2025-11-07,160.5500030517578
2025-11-10,160.5800018310547
2025-11-11,159.72999572753906
2025-11-12,163.08999633789063
2025-11-13,162.22999572753906
2025-11-14,159.3300018310547
2025-11-17,154.99000549316406
2025-11-18,157.32000732421875
2025-11-19,157.08999633789063
2025-11-20,153.3300018310547
2025-11-21,159.39999389648438
2025-11-24,161.25999450683594
2025-11-25,161.77000427246094
2025-11-26,165.35000610351563
2025-11-28,168.27000427246094
2025-12-01,168.16000366210938
2025-12-02,175.25999450683594
2025-12-03,182.60000610351563
2025-12-04,180.1199951171875
2025-12-05,182.5399932861328
2025-12-08,180.94000244140625
2025-12-09,179.52000427246094
2025-12-10,181.6699981689453
2025-12-11,181.6699981689453
2025-12-12,179.4199981689453
2025-12-15,177.97000122070313
2025-12-16,177.55999755859375
2025-12-17,174.49000549316406
2025-12-18,176.19000244140625
2025-12-19,176.2899932861328
2025-12-22,178.82000732421875
2025-12-23,177.0800018310547
2025-12-24,177.1300048828125
2025-12-26,176.8800048828125
2025-12-29,175.69000244140625
2025-12-30,175.4199981689453
2025-12-31,173.49000549316406
2026-01-02,177.52000427246094
2026-01-05,177.1699981689453
2026-01-06,192.10000610351563
2026-01-07,185.7100067138672
2026-01-08,188.4499969482422
2026-01-09,190.30999755859375
2026-01-12,189.07000732421875
2026-01-13,188.52999877929688
2026-01-14,193.4499969482422
2026-01-15,189.1199951171875
2026-01-16,191.5800018310547
2026-01-20,189.58999633789063
2026-01-21,194.41000366210938
2026-01-22,194.99000549316406
2026-01-23,193.30999755859375
2026-01-26,196.58999633789063
2026-01-27,196.6300048828125
2026-01-28,216.1699981689453
2026-01-29,218.97000122070313
2026-01-30,215.5500030517578
2026-02-02,225.00999450683594
2026-02-03,225.2100067138672
2026-02-04,222.9199981689453
2026-02-05,223.97999572753906
2026-02-06,221.44000244140625
2026-02-09,218.77000427246094
2026-02-10,220.9199981689453
2026-02-11,226.55999755859375
2026-02-12,223
2026-02-13,226.16000366210938
2026-02-17,225.69000244140625
2026-02-18,223.32000732421875
2026-02-19,218.0500030517578
2026-02-20,219.72999572753906
2026-02-23,219.86000061035156
2026-02-24,213.35000610351563
2026-02-25,213.89999389648438
2026-02-26,212.6300048828125
2026-02-27,212.11000061035156
2026-03-02,209.82000732421875
2026-03-03,202.6699981689453
2026-03-04,202.38999938964844
2026-03-05,197.97999572753906
2026-03-06,193.22999572753906
2026-03-09,196.1999969482422
2026-03-10,197.4600067138672
2026-03-11,198.6699981689453
2026-03-12,190.0500030517578
2026-03-13,190.77999877929688
2026-03-16,194.1300048828125
2026-03-17,194.4499969482422
2026-03-18,190.77999877929688
2026-03-19,188.2899932861328
2026-03-20,187.19000244140625
2026-03-23,188.6300048828125
2026-03-24,194.6300048828125
2026-03-25,196.77000427246094
2026-03-26,193.41000366210938
2026-03-27,190.3300018310547
2026-03-30,186.4199981689453
