Date,VST.Close
2020-01-02,22.84000015258789
2020-01-03,23.079999923706055
2020-01-06,22.690000534057617
2020-01-07,22.829999923706055
2020-01-08,23.1299991607666
2020-01-09,22.860000610351563
2020-01-10,22.760000228881836
2020-01-13,22.530000686645508
2020-01-14,22.670000076293945
2020-01-15,22.729999542236328
2020-01-16,23.200000762939453
2020-01-17,22.940000534057617
2020-01-21,22.709999084472656
2020-01-22,22.739999771118164
2020-01-23,22.959999084472656
2020-01-24,22.170000076293945
2020-01-27,21.649999618530273
2020-01-28,21.540000915527344
2020-01-29,22.1299991607666
2020-01-30,22.40999984741211
2020-01-31,22.520000457763672
2020-02-03,22.56999969482422
2020-02-04,22.040000915527344
2020-02-05,21.93000030517578
2020-02-06,21.719999313354492
2020-02-07,22.299999237060547
2020-02-10,22.270000457763672
2020-02-11,22.979999542236328
2020-02-12,22.93000030517578
2020-02-13,23.06999969482422
2020-02-14,23.290000915527344
2020-02-18,23.360000610351563
2020-02-19,22.690000534057617
2020-02-20,22.90999984741211
2020-02-21,23.43000030517578
2020-02-24,22.979999542236328
2020-02-25,22.139999389648438
2020-02-26,21.68000030517578
2020-02-27,20.59000015258789
2020-02-28,19.229999542236328
2020-03-02,20.139999389648438
2020-03-03,20.25
2020-03-04,21.049999237060547
2020-03-05,20.639999389648438
2020-03-06,20.530000686645508
2020-03-09,18.43000030517578
2020-03-10,19.34000015258789
2020-03-11,17.790000915527344
2020-03-12,14.550000190734863
2020-03-13,15.489999771118164
2020-03-16,13.6899995803833
2020-03-17,12.890000343322754
2020-03-18,12.600000381469727
2020-03-19,14.220000267028809
2020-03-20,14.079999923706055
2020-03-23,12.920000076293945
2020-03-24,14.609999656677246
2020-03-25,14.6899995803833
2020-03-26,15.789999961853027
2020-03-27,16.389999389648438
2020-03-30,16.059999465942383
2020-03-31,15.960000038146973
2020-04-01,15.329999923706055
2020-04-02,15.979999542236328
2020-04-03,15.829999923706055
2020-04-06,16.020000457763672
2020-04-07,16.299999237060547
2020-04-08,17.459999084472656
2020-04-09,17.790000915527344
2020-04-13,17.139999389648438
2020-04-14,17.420000076293945
2020-04-15,16.190000534057617
2020-04-16,16.100000381469727
2020-04-17,17.540000915527344
2020-04-20,16.889999389648438
2020-04-21,17.020000457763672
2020-04-22,17.639999389648438
2020-04-23,17.5
2020-04-24,18.040000915527344
2020-04-27,18.950000762939453
2020-04-28,19.209999084472656
2020-04-29,19.75
2020-04-30,19.540000915527344
2020-05-01,19.350000381469727
2020-05-04,18.969999313354492
2020-05-05,18.719999313354492
2020-05-06,18.229999542236328
2020-05-07,17.950000762939453
2020-05-08,18.899999618530273
2020-05-11,18.31999969482422
2020-05-12,18.100000381469727
2020-05-13,17.81999969482422
2020-05-14,18.709999084472656
2020-05-15,18.56999969482422
2020-05-18,19.920000076293945
2020-05-19,19.530000686645508
2020-05-20,19.989999771118164
2020-05-21,19.600000381469727
2020-05-22,19.809999465942383
2020-05-26,19.719999313354492
2020-05-27,20.1200008392334
2020-05-28,20.809999465942383
2020-05-29,20.440000534057617
2020-06-01,20.940000534057617
2020-06-02,20.6299991607666
2020-06-03,20.809999465942383
2020-06-04,20.280000686645508
2020-06-05,20.8700008392334
2020-06-08,22
2020-06-09,21.170000076293945
2020-06-10,21.219999313354492
2020-06-11,19.75
2020-06-12,20.200000762939453
2020-06-15,19.8700008392334
2020-06-16,20.489999771118164
2020-06-17,20.280000686645508
2020-06-18,20.290000915527344
2020-06-19,19.829999923706055
2020-06-22,19.649999618530273
2020-06-23,18.889999389648438
2020-06-24,18.610000610351563
2020-06-25,18.8700008392334
2020-06-26,18.1299991607666
2020-06-29,18.739999771118164
2020-06-30,18.6200008392334
2020-07-01,19.139999389648438
2020-07-02,19.040000915527344
2020-07-06,19.280000686645508
2020-07-07,18.979999542236328
2020-07-08,19.559999465942383
2020-07-09,19
2020-07-10,18.8700008392334
2020-07-13,19.110000610351563
2020-07-14,19.190000534057617
2020-07-15,19.299999237060547
2020-07-16,19.399999618530273
2020-07-17,19.6200008392334
2020-07-20,19.100000381469727
2020-07-21,19.239999771118164
2020-07-22,19.520000457763672
2020-07-23,19.15999984741211
2020-07-24,18.8799991607666
2020-07-27,18.200000762939453
2020-07-28,18.440000534057617
2020-07-29,18.8700008392334
2020-07-30,18.799999237060547
2020-07-31,18.65999984741211
2020-08-03,18.760000228881836
2020-08-04,18.760000228881836
2020-08-05,18.260000228881836
2020-08-06,18.829999923706055
2020-08-07,18.899999618530273
2020-08-10,19.200000762939453
2020-08-11,18.889999389648438
2020-08-12,19.34000015258789
2020-08-13,19.110000610351563
2020-08-14,19.049999237060547
2020-08-17,19.350000381469727
2020-08-18,20.139999389648438
2020-08-19,19.729999542236328
2020-08-20,19.399999618530273
2020-08-21,19.100000381469727
2020-08-24,19.299999237060547
2020-08-25,19.139999389648438
2020-08-26,18.760000228881836
2020-08-27,19.100000381469727
2020-08-28,19.299999237060547
2020-08-31,19.229999542236328
2020-09-01,18.760000228881836
2020-09-02,19.290000915527344
2020-09-03,18.75
2020-09-04,18.229999542236328
2020-09-08,17.850000381469727
2020-09-09,18.420000076293945
2020-09-10,18.09000015258789
2020-09-11,18.510000228881836
2020-09-14,18.8700008392334
2020-09-15,18.420000076293945
2020-09-16,18.610000610351563
2020-09-17,18.280000686645508
2020-09-18,18.110000610351563
2020-09-21,17.889999389648438
2020-09-22,17.81999969482422
2020-09-23,17.959999084472656
2020-09-24,17.989999771118164
2020-09-25,18.010000228881836
2020-09-28,17.969999313354492
2020-09-29,18.530000686645508
2020-09-30,18.860000610351563
2020-10-01,17.889999389648438
2020-10-02,17.989999771118164
2020-10-05,17.809999465942383
2020-10-06,17.950000762939453
2020-10-07,17.829999923706055
2020-10-08,18.280000686645508
2020-10-09,17.989999771118164
2020-10-12,18
2020-10-13,18.030000686645508
2020-10-14,18.760000228881836
2020-10-15,18.75
2020-10-16,19.020000457763672
2020-10-19,18.809999465942383
2020-10-20,18.950000762939453
2020-10-21,18.940000534057617
2020-10-22,19.059999465942383
2020-10-23,19.280000686645508
2020-10-26,19.09000015258789
2020-10-27,18.440000534057617
2020-10-28,17.350000381469727
2020-10-29,17.34000015258789
2020-10-30,17.3700008392334
2020-11-02,17.739999771118164
2020-11-03,18.389999389648438
2020-11-04,18.34000015258789
2020-11-05,18.489999771118164
2020-11-06,18.260000228881836
2020-11-09,18.90999984741211
2020-11-10,20.18000030517578
2020-11-11,19.639999389648438
2020-11-12,19.030000686645508
2020-11-13,19.729999542236328
2020-11-16,19.799999237060547
2020-11-17,19.329999923706055
2020-11-18,18.6200008392334
2020-11-19,18.530000686645508
2020-11-20,18.200000762939453
2020-11-23,18.56999969482422
2020-11-24,19.3700008392334
2020-11-25,19.469999313354492
2020-11-27,19.59000015258789
2020-11-30,18.68000030517578
2020-12-01,18.780000686645508
2020-12-02,18.8700008392334
2020-12-03,18.770000457763672
2020-12-04,19.149999618530273
2020-12-07,18.969999313354492
2020-12-08,18.950000762939453
2020-12-09,19.010000228881836
2020-12-10,18.81999969482422
2020-12-11,18.280000686645508
2020-12-14,18.139999389648438
2020-12-15,18.459999084472656
2020-12-16,18.079999923706055
2020-12-17,17.93000030517578
2020-12-18,17.649999618530273
2020-12-21,17.559999465942383
2020-12-22,18.1299991607666
2020-12-23,18.469999313354492
2020-12-24,18.709999084472656
2020-12-28,19.1200008392334
2020-12-29,18.899999618530273
2020-12-30,19.489999771118164
2020-12-31,19.65999984741211
2021-01-04,19.18000030517578
2021-01-05,19.81999969482422
2021-01-06,20.290000915527344
2021-01-07,20.18000030517578
2021-01-08,20.989999771118164
2021-01-11,21.170000076293945
2021-01-12,21.559999465942383
2021-01-13,21.799999237060547
2021-01-14,21.329999923706055
2021-01-15,21.510000228881836
2021-01-19,21.709999084472656
2021-01-20,21.420000076293945
2021-01-21,21.190000534057617
2021-01-22,21.34000015258789
2021-01-25,20.850000381469727
2021-01-26,20.799999237060547
2021-01-27,20.18000030517578
2021-01-28,20.18000030517578
2021-01-29,19.969999313354492
2021-02-01,20.3700008392334
2021-02-02,20.81999969482422
2021-02-03,21.299999237060547
2021-02-04,21.09000015258789
2021-02-05,21.049999237060547
2021-02-08,21.040000915527344
2021-02-09,21.329999923706055
2021-02-10,21.450000762939453
2021-02-11,21.520000457763672
2021-02-12,21.329999923706055
2021-02-16,21.90999984741211
2021-02-17,22.010000228881836
2021-02-18,23.149999618530273
2021-02-19,22.90999984741211
2021-02-22,23.049999237060547
2021-02-23,23.3799991607666
2021-02-24,23.829999923706055
2021-02-25,22.760000228881836
2021-02-26,17.25
2021-03-01,17.40999984741211
2021-03-02,16.700000762939453
2021-03-03,16.43000030517578
2021-03-04,17.489999771118164
2021-03-05,17.81999969482422
2021-03-08,18.8799991607666
2021-03-09,18.649999618530273
2021-03-10,19.520000457763672
2021-03-11,18.809999465942383
2021-03-12,18.399999618530273
2021-03-15,18.59000015258789
2021-03-16,18.1200008392334
2021-03-17,17.290000915527344
2021-03-18,16.790000915527344
2021-03-19,17.299999237060547
2021-03-22,16.700000762939453
2021-03-23,16.700000762939453
2021-03-24,16.81999969482422
2021-03-25,17.049999237060547
2021-03-26,16.8700008392334
2021-03-29,17.6200008392334
2021-03-30,17.809999465942383
2021-03-31,17.68000030517578
2021-04-01,17.719999313354492
2021-04-05,17.68000030517578
2021-04-06,17.8799991607666
2021-04-07,17.690000534057617
2021-04-08,17.600000381469727
2021-04-09,17.5
2021-04-12,17.15999984741211
2021-04-13,17.549999237060547
2021-04-14,17.6299991607666
2021-04-15,17.920000076293945
2021-04-16,17.799999237060547
2021-04-19,17.860000610351563
2021-04-20,17.809999465942383
2021-04-21,17.760000228881836
2021-04-22,17.420000076293945
2021-04-23,17.489999771118164
2021-04-26,17.049999237060547
2021-04-27,16.84000015258789
2021-04-28,16.790000915527344
2021-04-29,17.059999465942383
2021-04-30,16.8700008392334
2021-05-03,16.799999237060547
2021-05-04,16.290000915527344
2021-05-05,16.260000228881836
2021-05-06,16.059999465942383
2021-05-07,16.049999237060547
2021-05-10,16.010000228881836
2021-05-11,16.329999923706055
2021-05-12,16
2021-05-13,16.059999465942383
2021-05-14,16.3799991607666
2021-05-17,15.920000076293945
2021-05-18,16.149999618530273
2021-05-19,16.530000686645508
2021-05-20,16.479999542236328
2021-05-21,16.68000030517578
2021-05-24,16.65999984741211
2021-05-25,16.18000030517578
2021-05-26,16.229999542236328
2021-05-27,16.059999465942383
2021-05-28,16.170000076293945
2021-06-01,16.450000762939453
2021-06-02,16.75
2021-06-03,17.3700008392334
2021-06-04,17.399999618530273
2021-06-07,17.610000610351563
2021-06-08,18.149999618530273
2021-06-09,18.280000686645508
2021-06-10,18.170000076293945
2021-06-11,18.6299991607666
2021-06-14,18.389999389648438
2021-06-15,18.40999984741211
2021-06-16,18.139999389648438
2021-06-17,18.149999618530273
2021-06-18,17.469999313354492
2021-06-21,17.920000076293945
2021-06-22,17.8799991607666
2021-06-23,17.75
2021-06-24,18.25
2021-06-25,18.389999389648438
2021-06-28,18.809999465942383
2021-06-29,18.389999389648438
2021-06-30,18.549999237060547
2021-07-01,18.8799991607666
2021-07-02,19.040000915527344
2021-07-06,18.34000015258789
2021-07-07,19.389999389648438
2021-07-08,18.75
2021-07-09,19.31999969482422
2021-07-12,19.309999465942383
2021-07-13,18.81999969482422
2021-07-14,18.799999237060547
2021-07-15,18.81999969482422
2021-07-16,18.809999465942383
2021-07-19,17.790000915527344
2021-07-20,18.190000534057617
2021-07-21,18.31999969482422
2021-07-22,18.829999923706055
2021-07-23,19.100000381469727
2021-07-26,19.100000381469727
2021-07-27,19.270000457763672
2021-07-28,19.469999313354492
2021-07-29,19.3799991607666
2021-07-30,19.149999618530273
2021-08-02,18.979999542236328
2021-08-03,18.950000762939453
2021-08-04,18.90999984741211
2021-08-05,18.270000457763672
2021-08-06,18.559999465942383
2021-08-09,18.889999389648438
2021-08-10,18.489999771118164
2021-08-11,18.350000381469727
2021-08-12,18.389999389648438
2021-08-13,18.399999618530273
2021-08-16,17.979999542236328
2021-08-17,18.149999618530273
2021-08-18,18.010000228881836
2021-08-19,17.799999237060547
2021-08-20,18.1299991607666
2021-08-23,18.030000686645508
2021-08-24,18.450000762939453
2021-08-25,19
2021-08-26,18.489999771118164
2021-08-27,18.68000030517578
2021-08-30,18.850000381469727
2021-08-31,19.09000015258789
2021-09-01,19.149999618530273
2021-09-02,19.280000686645508
2021-09-03,19.110000610351563
2021-09-07,18.84000015258789
2021-09-08,19.200000762939453
2021-09-09,18.899999618530273
2021-09-10,18.440000534057617
2021-09-13,18.600000381469727
2021-09-14,18
2021-09-15,18.440000534057617
2021-09-16,17.899999618530273
2021-09-17,17.790000915527344
2021-09-20,17.350000381469727
2021-09-21,17.389999389648438
2021-09-22,17.43000030517578
2021-09-23,17.610000610351563
2021-09-24,17.559999465942383
2021-09-27,17.110000610351563
2021-09-28,16.770000457763672
2021-09-29,16.950000762939453
2021-09-30,17.100000381469727
2021-10-01,16.850000381469727
2021-10-04,17.020000457763672
2021-10-05,17.360000610351563
2021-10-06,17.579999923706055
2021-10-07,17.950000762939453
2021-10-08,17.899999618530273
2021-10-11,17.56999969482422
2021-10-12,17.84000015258789
2021-10-13,19.809999465942383
2021-10-14,19.56999969482422
2021-10-15,19.68000030517578
2021-10-18,19.329999923706055
2021-10-19,19.209999084472656
2021-10-20,19.309999465942383
2021-10-21,19.100000381469727
2021-10-22,19.110000610351563
2021-10-25,19.5
2021-10-26,19.5
2021-10-27,19.65999984741211
2021-10-28,19.850000381469727
2021-10-29,19.59000015258789
2021-11-01,20.010000228881836
2021-11-02,19.8700008392334
2021-11-03,19.68000030517578
2021-11-04,19.209999084472656
2021-11-05,20.5
2021-11-08,19.739999771118164
2021-11-09,19.34000015258789
2021-11-10,19.440000534057617
2021-11-11,19.600000381469727
2021-11-12,19.649999618530273
2021-11-15,20.459999084472656
2021-11-16,20.440000534057617
2021-11-17,20.200000762939453
2021-11-18,20.149999618530273
2021-11-19,20.049999237060547
2021-11-22,20.280000686645508
2021-11-23,20.6200008392334
2021-11-24,20.6200008392334
2021-11-26,20.15999984741211
2021-11-29,20.09000015258789
2021-11-30,19.8799991607666
2021-12-01,20.549999237060547
2021-12-02,20.959999084472656
2021-12-03,20.709999084472656
2021-12-06,20.920000076293945
2021-12-07,20.93000030517578
2021-12-08,21.209999084472656
2021-12-09,20.889999389648438
2021-12-10,21.020000457763672
2021-12-13,20.729999542236328
2021-12-14,20.770000457763672
2021-12-15,20.700000762939453
2021-12-16,20.93000030517578
2021-12-17,21.229999542236328
2021-12-20,21.09000015258789
2021-12-21,21.809999465942383
2021-12-22,22.329999923706055
2021-12-23,22.030000686645508
2021-12-27,22.190000534057617
2021-12-28,22.049999237060547
2021-12-29,21.8700008392334
2021-12-30,22.389999389648438
2021-12-31,22.770000457763672
2022-01-03,22.739999771118164
2022-01-04,22.520000457763672
2022-01-05,22.110000610351563
2022-01-06,22.31999969482422
2022-01-07,22.709999084472656
2022-01-10,22.459999084472656
2022-01-11,22.510000228881836
2022-01-12,22.93000030517578
2022-01-13,22.610000610351563
2022-01-14,22.59000015258789
2022-01-18,22.440000534057617
2022-01-19,22.479999542236328
2022-01-20,21.729999542236328
2022-01-21,21.719999313354492
2022-01-24,21.959999084472656
2022-01-25,21.670000076293945
2022-01-26,21.530000686645508
2022-01-27,21.309999465942383
2022-01-28,21.670000076293945
2022-01-31,21.809999465942383
2022-02-01,21.649999618530273
2022-02-02,22.239999771118164
2022-02-03,21.850000381469727
2022-02-04,21.829999923706055
2022-02-07,21.979999542236328
2022-02-08,22.270000457763672
2022-02-09,22.489999771118164
2022-02-10,22.079999923706055
2022-02-11,21.809999465942383
2022-02-14,21.600000381469727
2022-02-15,21.790000915527344
2022-02-16,21.719999313354492
2022-02-17,21.489999771118164
2022-02-18,21.450000762939453
2022-02-22,21.209999084472656
2022-02-23,20.809999465942383
2022-02-24,21.68000030517578
2022-02-25,21.899999618530273
2022-02-28,22.81999969482422
2022-03-01,21.93000030517578
2022-03-02,22.219999313354492
2022-03-03,21.979999542236328
2022-03-04,22.510000228881836
2022-03-07,22.360000610351563
2022-03-08,22.649999618530273
2022-03-09,22.739999771118164
2022-03-10,22.649999618530273
2022-03-11,22.43000030517578
2022-03-14,22.420000076293945
2022-03-15,22.329999923706055
2022-03-16,22.59000015258789
2022-03-17,22.309999465942383
2022-03-18,22.40999984741211
2022-03-21,22.049999237060547
2022-03-22,22.389999389648438
2022-03-23,21.799999237060547
2022-03-24,22.049999237060547
2022-03-25,22.739999771118164
2022-03-28,23.110000610351563
2022-03-29,23.149999618530273
2022-03-30,23.100000381469727
2022-03-31,23.25
2022-04-01,23.440000534057617
2022-04-04,23.329999923706055
2022-04-05,23.579999923706055
2022-04-06,24
2022-04-07,24.1200008392334
2022-04-08,24.510000228881836
2022-04-11,24
2022-04-12,24.049999237060547
2022-04-13,23.799999237060547
2022-04-14,24.030000686645508
2022-04-18,24.84000015258789
2022-04-19,24.81999969482422
2022-04-20,26.260000228881836
2022-04-21,25.739999771118164
2022-04-22,25.350000381469727
2022-04-25,25.010000228881836
2022-04-26,24.899999618530273
2022-04-27,24.8799991607666
2022-04-28,25.1299991607666
2022-04-29,25.020000457763672
2022-05-02,24.690000534057617
2022-05-03,25.25
2022-05-04,25.920000076293945
2022-05-05,25.40999984741211
2022-05-06,26.6200008392334
2022-05-09,24.1299991607666
2022-05-10,24.440000534057617
2022-05-11,24.290000915527344
2022-05-12,23.40999984741211
2022-05-13,24.579999923706055
2022-05-16,25
2022-05-17,25.25
2022-05-18,25.229999542236328
2022-05-19,26.079999923706055
2022-05-20,25.229999542236328
2022-05-23,25.729999542236328
2022-05-24,25.479999542236328
2022-05-25,26.100000381469727
2022-05-26,25.93000030517578
2022-05-27,26.309999465942383
2022-05-31,26.3700008392334
2022-06-01,25.899999618530273
2022-06-02,25.979999542236328
2022-06-03,25.850000381469727
2022-06-06,26.489999771118164
2022-06-07,27.389999389648438
2022-06-08,26.84000015258789
2022-06-09,26.200000762939453
2022-06-10,25.440000534057617
2022-06-13,23.5
2022-06-14,22.959999084472656
2022-06-15,23.5
2022-06-16,22.520000457763672
2022-06-17,22.420000076293945
2022-06-21,22.770000457763672
2022-06-22,22.709999084472656
2022-06-23,23.40999984741211
2022-06-24,23.389999389648438
2022-06-27,23.75
2022-06-28,23.25
2022-06-29,22.889999389648438
2022-06-30,22.850000381469727
2022-07-01,23.350000381469727
2022-07-05,21.65999984741211
2022-07-06,21.700000762939453
2022-07-07,22.229999542236328
2022-07-08,22.079999923706055
2022-07-11,22.09000015258789
2022-07-12,22.520000457763672
2022-07-13,22.729999542236328
2022-07-14,22.93000030517578
2022-07-15,22.579999923706055
2022-07-18,22.81999969482422
2022-07-19,23.6299991607666
2022-07-20,23.639999389648438
2022-07-21,23.360000610351563
2022-07-22,23
2022-07-25,23.360000610351563
2022-07-26,23.75
2022-07-27,23.829999923706055
2022-07-28,24.81999969482422
2022-07-29,25.850000381469727
2022-08-01,25.360000610351563
2022-08-02,25.260000228881836
2022-08-03,25.459999084472656
2022-08-04,25.6200008392334
2022-08-05,24.600000381469727
2022-08-08,24.729999542236328
2022-08-09,24.790000915527344
2022-08-10,25.170000076293945
2022-08-11,25.34000015258789
2022-08-12,25.8799991607666
2022-08-15,25.969999313354492
2022-08-16,25.829999923706055
2022-08-17,25.530000686645508
2022-08-18,25.84000015258789
2022-08-19,25.25
2022-08-22,24.729999542236328
2022-08-23,24.469999313354492
2022-08-24,25.190000534057617
2022-08-25,25.649999618530273
2022-08-26,24.93000030517578
2022-08-29,24.739999771118164
2022-08-30,24.18000030517578
2022-08-31,24.75
2022-09-01,24.959999084472656
2022-09-02,24.959999084472656
2022-09-06,24.34000015258789
2022-09-07,24.639999389648438
2022-09-08,24.899999618530273
2022-09-09,25.25
2022-09-12,25.790000915527344
2022-09-13,24.979999542236328
2022-09-14,25.360000610351563
2022-09-15,25.3700008392334
2022-09-16,25.309999465942383
2022-09-19,25.6200008392334
2022-09-20,24.90999984741211
2022-09-21,24.440000534057617
2022-09-22,24.059999465942383
2022-09-23,23.3700008392334
2022-09-26,22.469999313354492
2022-09-27,22.020000457763672
2022-09-28,22.299999237060547
2022-09-29,21.3799991607666
2022-09-30,21
2022-10-03,21.469999313354492
2022-10-04,22.940000534057617
2022-10-05,22.889999389648438
2022-10-06,22.649999618530273
2022-10-07,21.969999313354492
2022-10-10,21.68000030517578
2022-10-11,21.799999237060547
2022-10-12,21.440000534057617
2022-10-13,21.68000030517578
2022-10-14,21.420000076293945
2022-10-17,22.030000686645508
2022-10-18,22.559999465942383
2022-10-19,22.200000762939453
2022-10-20,21.520000457763672
2022-10-21,21.75
2022-10-24,21.489999771118164
2022-10-25,21.989999771118164
2022-10-26,21.899999618530273
2022-10-27,21.979999542236328
2022-10-28,22.979999542236328
2022-10-31,22.969999313354492
2022-11-01,22.8700008392334
2022-11-02,22.8700008392334
2022-11-03,23.229999542236328
2022-11-04,22.850000381469727
2022-11-07,23.829999923706055
2022-11-08,24.1200008392334
2022-11-09,23.549999237060547
2022-11-10,24.59000015258789
2022-11-11,24.09000015258789
2022-11-14,22.950000762939453
2022-11-15,22.700000762939453
2022-11-16,22.829999923706055
2022-11-17,22.459999084472656
2022-11-18,22.90999984741211
2022-11-21,22.8799991607666
2022-11-22,23.43000030517578
2022-11-23,24
2022-11-25,24.079999923706055
2022-11-28,23.790000915527344
2022-11-29,24.229999542236328
2022-11-30,24.329999923706055
2022-12-01,24.530000686645508
2022-12-02,23.989999771118164
2022-12-05,23.440000534057617
2022-12-06,23.719999313354492
2022-12-07,23.639999389648438
2022-12-08,23.59000015258789
2022-12-09,23.860000610351563
2022-12-12,24.219999313354492
2022-12-13,24.290000915527344
2022-12-14,24.350000381469727
2022-12-15,24.329999923706055
2022-12-16,24.06999969482422
2022-12-19,23.860000610351563
2022-12-20,23.81999969482422
2022-12-21,24.170000076293945
2022-12-22,23.549999237060547
2022-12-23,23.8700008392334
2022-12-27,23.690000534057617
2022-12-28,23.65999984741211
2022-12-29,24.06999969482422
2022-12-30,23.200000762939453
2023-01-03,22.270000457763672
2023-01-04,22.75
2023-01-05,22.31999969482422
2023-01-06,22.510000228881836
2023-01-09,22.530000686645508
2023-01-10,22.399999618530273
2023-01-11,22.739999771118164
2023-01-12,22.690000534057617
2023-01-13,22.3799991607666
2023-01-17,22.149999618530273
2023-01-18,21.5
2023-01-19,21.389999389648438
2023-01-20,21.850000381469727
2023-01-23,22.5
2023-01-24,22.829999923706055
2023-01-25,22.56999969482422
2023-01-26,22.799999237060547
2023-01-27,22.670000076293945
2023-01-30,22.3700008392334
2023-01-31,23.059999465942383
2023-02-01,23.200000762939453
2023-02-02,23.280000686645508
2023-02-03,22.8799991607666
2023-02-06,22.969999313354492
2023-02-07,23.239999771118164
2023-02-08,22.860000610351563
2023-02-09,22.690000534057617
2023-02-10,23.040000915527344
2023-02-13,23.049999237060547
2023-02-14,23.010000228881836
2023-02-15,23.440000534057617
2023-02-16,22.81999969482422
2023-02-17,22.959999084472656
2023-02-21,22.56999969482422
2023-02-22,22.420000076293945
2023-02-23,22.5
2023-02-24,22.360000610351563
2023-02-27,22.25
2023-02-28,21.989999771118164
2023-03-01,21.709999084472656
2023-03-02,21.290000915527344
2023-03-03,21.40999984741211
2023-03-06,24.3799991607666
2023-03-07,26.510000228881836
2023-03-08,26.200000762939453
2023-03-09,25.690000534057617
2023-03-10,24.520000457763672
2023-03-13,24.34000015258789
2023-03-14,25.5
2023-03-15,24.40999984741211
2023-03-16,25.34000015258789
2023-03-17,24.84000015258789
2023-03-20,25.100000381469727
2023-03-21,25.059999465942383
2023-03-22,24.229999542236328
2023-03-23,23.90999984741211
2023-03-24,23.420000076293945
2023-03-27,23.200000762939453
2023-03-28,23.34000015258789
2023-03-29,23.510000228881836
2023-03-30,23.59000015258789
2023-03-31,24
2023-04-03,23.700000762939453
2023-04-04,23.40999984741211
2023-04-05,23.920000076293945
2023-04-06,24.06999969482422
2023-04-10,24.420000076293945
2023-04-11,24.690000534057617
2023-04-12,24.549999237060547
2023-04-13,24.829999923706055
2023-04-14,24.489999771118164
2023-04-17,24.25
2023-04-18,24.309999465942383
2023-04-19,24.260000228881836
2023-04-20,23.780000686645508
2023-04-21,23.700000762939453
2023-04-24,23.649999618530273
2023-04-25,23.350000381469727
2023-04-26,22.969999313354492
2023-04-27,23.1299991607666
2023-04-28,23.860000610351563
2023-05-01,23.43000030517578
2023-05-02,23.110000610351563
2023-05-03,23.010000228881836
2023-05-04,23.170000076293945
2023-05-05,23.420000076293945
2023-05-08,23.3799991607666
2023-05-09,24.600000381469727
2023-05-10,25.219999313354492
2023-05-11,24.639999389648438
2023-05-12,24.520000457763672
2023-05-15,24.799999237060547
2023-05-16,24.350000381469727
2023-05-17,24.350000381469727
2023-05-18,24.440000534057617
2023-05-19,24.510000228881836
2023-05-22,24.510000228881836
2023-05-23,24.559999465942383
2023-05-24,24.399999618530273
2023-05-25,24.270000457763672
2023-05-26,24.450000762939453
2023-05-30,23.950000762939453
2023-05-31,23.969999313354492
2023-06-01,24.639999389648438
2023-06-02,24.719999313354492
2023-06-05,24.899999618530273
2023-06-06,24.729999542236328
2023-06-07,25.15999984741211
2023-06-08,24.81999969482422
2023-06-09,24.81999969482422
2023-06-12,24.700000762939453
2023-06-13,24.899999618530273
2023-06-14,24.809999465942383
2023-06-15,25.329999923706055
2023-06-16,25.059999465942383
2023-06-20,24.969999313354492
2023-06-21,25.149999618530273
2023-06-22,25.299999237060547
2023-06-23,25.100000381469727
2023-06-26,25.600000381469727
2023-06-27,25.790000915527344
2023-06-28,25.729999542236328
2023-06-29,26.040000915527344
2023-06-30,26.25
2023-07-03,26.09000015258789
2023-07-05,26.84000015258789
2023-07-06,26.950000762939453
2023-07-07,26.700000762939453
2023-07-10,26.459999084472656
2023-07-11,26.520000457763672
2023-07-12,26.760000228881836
2023-07-13,26.709999084472656
2023-07-14,26.34000015258789
2023-07-17,26.1299991607666
2023-07-18,26.780000686645508
2023-07-19,27.329999923706055
2023-07-20,27.3700008392334
2023-07-21,28.360000610351563
2023-07-24,28.299999237060547
2023-07-25,28.100000381469727
2023-07-26,28.40999984741211
2023-07-27,28.100000381469727
2023-07-28,27.719999313354492
2023-07-31,28.059999465942383
2023-08-01,27.889999389648438
2023-08-02,27.989999771118164
2023-08-03,27.940000534057617
2023-08-04,28.540000915527344
2023-08-07,28.700000762939453
2023-08-08,28.81999969482422
2023-08-09,30.309999465942383
2023-08-10,30.690000534057617
2023-08-11,30.139999389648438
2023-08-14,30.31999969482422
2023-08-15,30.239999771118164
2023-08-16,30.06999969482422
2023-08-17,29.709999084472656
2023-08-18,29.860000610351563
2023-08-21,30
2023-08-22,29.65999984741211
2023-08-23,30.329999923706055
2023-08-24,30.010000228881836
2023-08-25,30.1200008392334
2023-08-28,29.969999313354492
2023-08-29,30.420000076293945
2023-08-30,31.329999923706055
2023-08-31,31.420000076293945
2023-09-01,31.790000915527344
2023-09-05,32.5
2023-09-06,32.810001373291016
2023-09-07,33.369998931884766
2023-09-08,34.060001373291016
2023-09-11,33.689998626708984
2023-09-12,33.70000076293945
2023-09-13,33.18000030517578
2023-09-14,33.040000915527344
2023-09-15,32.90999984741211
2023-09-18,33.4900016784668
2023-09-19,33.150001525878906
2023-09-20,32.34000015258789
2023-09-21,33.45000076293945
2023-09-22,33.220001220703125
2023-09-25,33.65999984741211
2023-09-26,32.9900016784668
2023-09-27,33.31999969482422
2023-09-28,33.43000030517578
2023-09-29,33.18000030517578
2023-10-02,32.529998779296875
2023-10-03,32
2023-10-04,31.389999389648438
2023-10-05,31.829999923706055
2023-10-06,31.540000915527344
2023-10-09,31.850000381469727
2023-10-10,32.099998474121094
2023-10-11,32.77000045776367
2023-10-12,31.799999237060547
2023-10-13,31.639999389648438
2023-10-16,32.290000915527344
2023-10-17,32.56999969482422
2023-10-18,32.41999816894531
2023-10-19,32.11000061035156
2023-10-20,31.93000030517578
2023-10-23,31.889999389648438
2023-10-24,32.70000076293945
2023-10-25,32.779998779296875
2023-10-26,32.900001525878906
2023-10-27,32.02000045776367
2023-10-30,32.58000183105469
2023-10-31,32.720001220703125
2023-11-01,33.93000030517578
2023-11-02,34.65999984741211
2023-11-03,34.9900016784668
2023-11-06,35.33000183105469
2023-11-07,34.75
2023-11-08,34.66999816894531
2023-11-09,34.560001373291016
2023-11-10,34.47999954223633
2023-11-13,34.400001525878906
2023-11-14,35.220001220703125
2023-11-15,34.70000076293945
2023-11-16,34.7400016784668
2023-11-17,34.86000061035156
2023-11-20,34.689998626708984
2023-11-21,34.4900016784668
2023-11-22,34.810001373291016
2023-11-24,34.86000061035156
2023-11-27,35.63999938964844
2023-11-28,35.220001220703125
2023-11-29,34.91999816894531
2023-11-30,35.40999984741211
2023-12-01,36.279998779296875
2023-12-04,37.119998931884766
2023-12-05,37.369998931884766
2023-12-06,36.279998779296875
2023-12-07,37.16999816894531
2023-12-08,36.959999084472656
2023-12-11,36.880001068115234
2023-12-12,37.33000183105469
2023-12-13,38.119998931884766
2023-12-14,37.4900016784668
2023-12-15,37.68000030517578
2023-12-18,37.7599983215332
2023-12-19,37.720001220703125
2023-12-20,37.61000061035156
2023-12-21,37.790000915527344
2023-12-22,38.02000045776367
2023-12-26,38.20000076293945
2023-12-27,38.380001068115234
2023-12-28,38.81999969482422
2023-12-29,38.52000045776367
2024-01-02,38.06999969482422
2024-01-03,38.18000030517578
2024-01-04,38.400001525878906
2024-01-05,38.59000015258789
2024-01-08,39.13999938964844
2024-01-09,39.59000015258789
2024-01-10,38.459999084472656
2024-01-11,38.869998931884766
2024-01-12,39.220001220703125
2024-01-16,39.31999969482422
2024-01-17,39.720001220703125
2024-01-18,39.40999984741211
2024-01-19,40.16999816894531
2024-01-22,39.970001220703125
2024-01-23,39.849998474121094
2024-01-24,39.22999954223633
2024-01-25,40.43000030517578
2024-01-26,40.779998779296875
2024-01-29,40.560001373291016
2024-01-30,41.22999954223633
2024-01-31,41.029998779296875
2024-02-01,43.2599983215332
2024-02-02,44.54999923706055
2024-02-05,43.349998474121094
2024-02-06,43.2599983215332
2024-02-07,43.7599983215332
2024-02-08,42.900001525878906
2024-02-09,43.22999954223633
2024-02-12,42.810001373291016
2024-02-13,44.20000076293945
2024-02-14,44.27000045776367
2024-02-15,45.38999938964844
2024-02-16,45.58000183105469
2024-02-20,46.150001525878906
2024-02-21,46.18000030517578
2024-02-22,47.619998931884766
2024-02-23,48.619998931884766
2024-02-26,48.75
2024-02-27,50.97999954223633
2024-02-28,53.02000045776367
2024-02-29,54.540000915527344
2024-03-01,54.5
2024-03-04,56.9900016784668
2024-03-05,58.88999938964844
2024-03-06,60.900001525878906
2024-03-07,61.68000030517578
2024-03-08,60.4900016784668
2024-03-11,58.04999923706055
2024-03-12,60.20000076293945
2024-03-13,61.15999984741211
2024-03-14,63.11000061035156
2024-03-15,61.560001373291016
2024-03-18,62.47999954223633
2024-03-19,63.68000030517578
2024-03-20,66.75
2024-03-21,68.37000274658203
2024-03-22,69.089996337890625
2024-03-25,71.19999694824219
2024-03-26,67.88999938964844
2024-03-27,68.30000305175781
2024-03-28,69.6500015258789
2024-04-01,71.529998779296875
2024-04-02,71.1500015258789
2024-04-03,73.76000213623047
2024-04-04,70.54000091552734
2024-04-05,75.33000183105469
2024-04-08,74.41999816894531
2024-04-09,69.529998779296875
2024-04-10,70.76000213623047
2024-04-11,72
2024-04-12,69.73999786376953
2024-04-15,68.220001220703125
2024-04-16,67.5999984741211
2024-04-17,68.6500015258789
2024-04-18,65.87999725341797
2024-04-19,65.660003662109375
2024-04-22,66.720001220703125
2024-04-23,68.44999694824219
2024-04-24,70.45999908447266
2024-04-25,72.4800033569336
2024-04-26,72.69999694824219
2024-04-29,77.95999908447266
2024-04-30,75.839996337890625
2024-05-01,76.86000061035156
2024-05-02,79.87000274658203
2024-05-03,81.48999786376953
2024-05-06,83.23999786376953
2024-05-07,81.73999786376953
2024-05-08,89.19999694824219
2024-05-09,93.16999816894531
2024-05-10,93.41999816894531
2024-05-13,90.16999816894531
2024-05-14,91.470001220703125
2024-05-15,96.910003662109375
2024-05-16,93.13999938964844
2024-05-17,94.08000183105469
2024-05-20,91.51000213623047
2024-05-21,94.23999786376953
2024-05-22,94.2699966430664
2024-05-23,96.12999725341797
2024-05-24,102.0999984741211
2024-05-28,106.19999694824219
2024-05-29,103.62000274658203
2024-05-30,105.37000274658203
2024-05-31,99.08000183105469
2024-06-03,93.25
2024-06-04,89.55000305175781
2024-06-05,92
2024-06-06,86.26000213623047
2024-06-07,85.06999969482422
2024-06-10,88.220001220703125
2024-06-11,91.220001220703125
2024-06-12,90.55999755859375
2024-06-13,88.4000015258789
2024-06-14,87.589996337890625
2024-06-17,84.04000091552734
2024-06-18,87.58000183105469
2024-06-20,88.19000244140625
2024-06-21,86.86000061035156
2024-06-24,88.2300033569336
2024-06-25,89.410003662109375
2024-06-26,85.910003662109375
2024-06-27,87.220001220703125
2024-06-28,85.9800033569336
2024-07-01,87.339996337890625
2024-07-02,87.69999694824219
2024-07-03,91.720001220703125
2024-07-05,89.36000061035156
2024-07-08,92.87999725341797
2024-07-09,91.4000015258789
2024-07-10,92.30999755859375
2024-07-11,91.61000061035156
2024-07-12,91.33000183105469
2024-07-15,86.19000244140625
2024-07-16,85.87000274658203
2024-07-17,76.19999694824219
2024-07-18,76.55000305175781
2024-07-19,76.470001220703125
2024-07-22,79.16999816894531
2024-07-23,80.06999969482422
2024-07-24,72.58000183105469
2024-07-25,70.37999725341797
2024-07-26,71.12000274658203
2024-07-29,71.23999786376953
2024-07-30,69
2024-07-31,79.220001220703125
2024-08-01,76.04000091552734
2024-08-02,72.43000030517578
2024-08-05,70.19999694824219
2024-08-06,74.38999938964844
2024-08-07,73.94999694824219
2024-08-08,79.08000183105469
2024-08-09,78.63999938964844
2024-08-12,77.95999908447266
2024-08-13,80.44999694824219
2024-08-14,79.25
2024-08-15,81.44999694824219
2024-08-16,79.3499984741211
2024-08-19,80.73999786376953
2024-08-20,79.63999938964844
2024-08-21,82.279998779296875
2024-08-22,83.30000305175781
2024-08-23,85.7699966430664
2024-08-26,84.87999725341797
2024-08-27,84.589996337890625
2024-08-28,82.5
2024-08-29,84.66999816894531
2024-08-30,85.43000030517578
2024-09-03,75.73999786376953
2024-09-04,76.68000030517578
2024-09-05,75.83000183105469
2024-09-06,73.69999694824219
2024-09-09,74.94999694824219
2024-09-10,76.08000183105469
2024-09-11,80.05999755859375
2024-09-12,80.470001220703125
2024-09-13,85.55000305175781
2024-09-16,89.4000015258789
2024-09-17,91.1500015258789
2024-09-18,91.19000244140625
2024-09-19,92.73999786376953
2024-09-20,107.87999725341797
2024-09-23,111.62999725341797
2024-09-24,112.4000015258789
2024-09-25,119.08000183105469
2024-09-26,114.16000366210938
2024-09-27,117.72000122070313
2024-09-30,118.54000091552734
2024-10-01,122.55000305175781
2024-10-02,125.37000274658203
2024-10-03,132.4499969482422
2024-10-04,138.41000366210938
2024-10-07,131.27000427246094
2024-10-08,127.95999908447266
2024-10-09,124.18000030517578
2024-10-10,124.11000061035156
2024-10-11,125.29000091552734
2024-10-14,132.25999450683594
2024-10-15,128.2899932861328
2024-10-16,135.69000244140625
2024-10-17,127.2699966430664
2024-10-18,131.16000366210938
2024-10-21,130.3800048828125
2024-10-22,125.04000091552734
2024-10-23,126.11000061035156
2024-10-24,125.58000183105469
2024-10-25,124.02999877929688
2024-10-28,127.77999877929688
2024-10-29,126.66000366210938
2024-10-30,124.11000061035156
2024-10-31,124.95999908447266
2024-11-01,119.51000213623047
2024-11-04,115.73999786376953
2024-11-05,121.9000015258789
2024-11-06,126.08999633789063
2024-11-07,135.72999572753906
2024-11-08,141.89999389648438
2024-11-11,145.8000030517578
2024-11-12,142.16000366210938
2024-11-13,142.1199951171875
2024-11-14,138.4600067138672
2024-11-15,142.14999389648438
2024-11-18,146.6300048828125
2024-11-19,154.86000061035156
2024-11-20,154.6300048828125
2024-11-21,166.61000061035156
2024-11-22,161.9199981689453
2024-11-25,154.13999938964844
2024-11-26,162.66000366210938
2024-11-27,154.52000427246094
2024-11-29,159.83999633789063
2024-12-02,154.11000061035156
2024-12-03,154.16000366210938
2024-12-04,161.30999755859375
2024-12-05,160.8800048828125
2024-12-06,159.97999572753906
2024-12-09,148.30999755859375
2024-12-10,141.52000427246094
2024-12-11,146
2024-12-12,145.0800018310547
2024-12-13,144.88999938964844
2024-12-16,145.3300018310547
2024-12-17,139.77000427246094
2024-12-18,132.88999938964844
2024-12-19,137.1999969482422
2024-12-20,139.9499969482422
2024-12-23,140.7899932861328
2024-12-24,143.36000061035156
2024-12-26,144.11000061035156
2024-12-27,139.67999267578125
2024-12-30,140.08999633789063
2024-12-31,137.8699951171875
2025-01-02,149.66000366210938
2025-01-03,162.36000061035156
2025-01-06,163.9499969482422
2025-01-07,163.3699951171875
2025-01-08,160.80999755859375
2025-01-10,166.72999572753906
2025-01-13,162.1300048828125
2025-01-14,170.50999450683594
2025-01-15,169.1699981689453
2025-01-16,174
2025-01-17,170.86000061035156
2025-01-21,185.35000610351563
2025-01-22,186.86000061035156
2025-01-23,191.88999938964844
2025-01-24,191.11000061035156
2025-01-27,137.0800018310547
2025-01-28,149.63999938964844
2025-01-29,155.2100067138672
2025-01-30,176.3000030517578
2025-01-31,168.02999877929688
2025-02-03,168.52999877929688
2025-02-04,168.3300018310547
2025-02-05,171.61000061035156
2025-02-06,169.8800048828125
2025-02-07,166.89999389648438
2025-02-10,168.38999938964844
2025-02-11,167.61000061035156
2025-02-12,166.61000061035156
2025-02-13,165.64999389648438
2025-02-14,167.66000366210938
2025-02-18,169.27999877929688
2025-02-19,169.35000610351563
2025-02-20,163.17999267578125
2025-02-21,150.44000244140625
2025-02-24,142.75999450683594
2025-02-25,137.9199981689453
2025-02-26,148.19000244140625
2025-02-27,130.00999450683594
2025-02-28,133.66000366210938
2025-03-03,123.94999694824219
2025-03-04,126.94000244140625
2025-03-05,126.87000274658203
2025-03-06,114.41000366210938
2025-03-07,114.31999969482422
2025-03-10,108.48999786376953
2025-03-11,114.36000061035156
2025-03-12,121.91999816894531
2025-03-13,118
2025-03-14,124.45999908447266
2025-03-17,126.29000091552734
2025-03-18,124.45999908447266
2025-03-19,129.85000610351563
2025-03-20,131.89999389648438
2025-03-21,130.5800018310547
2025-03-24,134.94000244140625
2025-03-25,131.80999755859375
2025-03-26,124.01000213623047
2025-03-27,119.30999755859375
2025-03-28,119.05000305175781
2025-03-31,117.44000244140625
2025-04-01,122.23999786376953
2025-04-02,127.19000244140625
2025-04-03,108.20999908447266
2025-04-04,98.06999969482422
2025-04-07,102.69000244140625
2025-04-08,102.19000244140625
2025-04-09,118.0199966430664
2025-04-10,109.26000213623047
2025-04-11,111.70999908447266
2025-04-14,112.69000244140625
2025-04-15,115.75
2025-04-16,115.87000274658203
2025-04-17,115.41999816894531
2025-04-21,106.5199966430664
2025-04-22,112.62999725341797
2025-04-23,120
2025-04-24,124.2300033569336
2025-04-25,126.63999938964844
2025-04-28,129.6199951171875
2025-04-29,129.3300018310547
2025-04-30,129.6300048828125
2025-05-01,137.3000030517578
2025-05-02,139.27999877929688
2025-05-05,140
2025-05-06,144.8000030517578
2025-05-07,139.5
2025-05-08,140.91000366210938
2025-05-09,135.75
2025-05-12,146.08999633789063
2025-05-13,155
2025-05-14,154.72000122070313
2025-05-15,152.05999755859375
2025-05-16,156.6199951171875
2025-05-19,157.32000732421875
2025-05-20,157.02999877929688
2025-05-21,152.07000732421875
2025-05-22,154.72000122070313
2025-05-23,158.16000366210938
2025-05-27,163.86000061035156
2025-05-28,162.36000061035156
2025-05-29,159.72999572753906
2025-05-30,160.57000732421875
2025-06-02,167.47000122070313
2025-06-03,176
2025-06-04,172.69000244140625
2025-06-05,170.8699951171875
2025-06-06,173.6199951171875
2025-06-09,169.3699951171875
2025-06-10,164.64999389648438
2025-06-11,166.7899932861328
2025-06-12,173.8699951171875
2025-06-13,173.75
2025-06-16,177.1999969482422
2025-06-17,177.75
2025-06-18,181.1300048828125
2025-06-20,185.10000610351563
2025-06-23,186.5500030517578
2025-06-24,186.1699981689453
2025-06-25,186.32000732421875
2025-06-26,190.39999389648438
2025-06-27,195.0399932861328
2025-06-30,193.80999755859375
2025-07-01,185.10000610351563
2025-07-02,187.02000427246094
2025-07-03,192.1999969482422
2025-07-07,193.6999969482422
2025-07-08,190.17999267578125
2025-07-09,197.00999450683594
2025-07-10,195.77999877929688
2025-07-11,196.5800018310547
2025-07-14,194.80999755859375
2025-07-15,191.3699951171875
2025-07-16,184.1300048828125
2025-07-17,182
2025-07-18,193.00999450683594
2025-07-21,188.22999572753906
2025-07-22,189.08999633789063
2025-07-23,200.1199951171875
2025-07-24,196.24000549316406
2025-07-25,192.1999969482422
2025-07-28,195.8800048828125
2025-07-29,198
2025-07-30,207.0500030517578
2025-07-31,208.5399932861328
2025-08-01,208.0500030517578
2025-08-04,214.05999755859375
2025-08-05,209.60000610351563
2025-08-06,200.85000610351563
2025-08-07,205.58999633789063
2025-08-08,202.1199951171875
2025-08-11,200.0800018310547
2025-08-12,209.55999755859375
2025-08-13,205.27999877929688
2025-08-14,202.35000610351563
2025-08-15,197.3300018310547
2025-08-18,198.9600067138672
2025-08-19,193.52000427246094
2025-08-20,192.91000366210938
2025-08-21,190.27999877929688
2025-08-22,190.4600067138672
2025-08-25,190.0800018310547
2025-08-26,195.1199951171875
2025-08-27,194.60000610351563
2025-08-28,196.6999969482422
2025-08-29,189.11000061035156
2025-09-02,185.80999755859375
2025-09-03,188.1199951171875
2025-09-04,189.72999572753906
2025-09-05,188
2025-09-08,188.00999450683594
2025-09-09,193.77999877929688
2025-09-10,209.2100067138672
2025-09-11,204.0500030517578
2025-09-12,209.6999969482422
2025-09-15,213.52000427246094
2025-09-16,209.42999267578125
2025-09-17,208.30999755859375
2025-09-18,210.16000366210938
2025-09-19,211.27999877929688
2025-09-22,217.9199981689453
2025-09-23,204.24000549316406
2025-09-24,202.05999755859375
2025-09-25,201.6199951171875
2025-09-26,207.22000122070313
2025-09-29,197.94000244140625
2025-09-30,195.9199981689453
2025-10-01,201.50999450683594
2025-10-02,202.64999389648438
2025-10-03,201.99000549316406
2025-10-06,200.41000366210938
2025-10-07,199.6199951171875
2025-10-08,206.5500030517578
2025-10-09,210
2025-10-10,196.86000061035156
2025-10-13,209.5500030517578
2025-10-14,205.50999450683594
2025-10-15,210.85000610351563
2025-10-16,210.39999389648438
2025-10-17,201.35000610351563
2025-10-20,194.24000549316406
2025-10-21,186.52000427246094
2025-10-22,185.8300018310547
2025-10-23,191.3699951171875
2025-10-24,201.47000122070313
2025-10-27,199.3000030517578
2025-10-28,190.58999633789063
2025-10-29,199.3699951171875
2025-10-30,189.7100067138672
2025-10-31,188.3000030517578
2025-11-03,193.0399932861328
2025-11-04,185.74000549316406
2025-11-05,189.38999938964844
2025-11-06,184.6199951171875
2025-11-07,191
2025-11-10,188.27999877929688
2025-11-11,179.16000366210938
2025-11-12,178.27000427246094
2025-11-13,171.55999755859375
2025-11-14,174.69000244140625
2025-11-17,175
2025-11-18,174.4199981689453
2025-11-19,179.13999938964844
2025-11-20,173.7899932861328
2025-11-21,168.58999633789063
2025-11-24,175.13999938964844
2025-11-25,170.83999633789063
2025-11-26,176.8000030517578
2025-11-28,178.86000061035156
2025-12-01,173.63999938964844
2025-12-02,172.5500030517578
2025-12-03,171.64999389648438
2025-12-04,176.07000732421875
2025-12-05,167.1699981689453
2025-12-08,166.1199951171875
2025-12-09,164.80999755859375
2025-12-10,165.1699981689453
2025-12-11,174.60000610351563
2025-12-12,170.10000610351563
2025-12-15,168.25
2025-12-16,173.4499969482422
2025-12-17,159.97000122070313
2025-12-18,166.1699981689453
2025-12-19,163.02999877929688
2025-12-22,161.57000732421875
2025-12-23,161.6699981689453
2025-12-24,161.9600067138672
2025-12-26,161.6699981689453
2025-12-29,161.83999633789063
2025-12-30,162.6199951171875
2025-12-31,161.3300018310547
2026-01-02,165.22999572753906
2026-01-05,162.92999267578125
2026-01-06,169.52999877929688
2026-01-07,154.60000610351563
2026-01-08,150.60000610351563
2026-01-09,166.3699951171875
2026-01-12,172.5800018310547
2026-01-13,171.4199981689453
2026-01-14,168.97000122070313
2026-01-15,180.17999267578125
2026-01-16,166.60000610351563
2026-01-20,156.80999755859375
2026-01-21,160.02000427246094
2026-01-22,160.36000061035156
2026-01-23,160.1199951171875
2026-01-26,158.80999755859375
2026-01-27,164.25999450683594
2026-01-28,165.63999938964844
2026-01-29,162.5800018310547
2026-01-30,158.35000610351563
2026-02-02,154.25999450683594
2026-02-03,153
2026-02-04,142.52000427246094
2026-02-05,143.07000732421875
2026-02-06,149.64999389648438
2026-02-09,152.97000122070313
2026-02-10,159.60000610351563
2026-02-11,160.14999389648438
2026-02-12,163.10000610351563
2026-02-13,171.49000549316406
2026-02-17,173.67999267578125
2026-02-18,170.57000732421875
2026-02-19,172.5
2026-02-20,171.39999389648438
2026-02-23,167.8000030517578
2026-02-24,171.6199951171875
2026-02-25,175.36000061035156
2026-02-26,176.82000732421875
2026-02-27,173.88999938964844
2026-03-02,165.99000549316406
2026-03-03,161.6999969482422
2026-03-04,163.36000061035156
2026-03-05,167.39999389648438
2026-03-06,158.64999389648438
2026-03-09,163.6199951171875
2026-03-10,164.39999389648438
2026-03-11,159.16000366210938
2026-03-12,159.5800018310547
2026-03-13,158.9499969482422
2026-03-16,161.99000549316406
2026-03-17,164.3300018310547
2026-03-18,170.1199951171875
2026-03-19,167.3699951171875
2026-03-20,146.02000427246094
2026-03-23,151.2899932861328
2026-03-24,152.72000122070313
2026-03-25,151.50999450683594
2026-03-26,152.3000030517578
2026-03-27,155.47999572753906
2026-03-30,147.5399932861328
